Smartphone_Model,Brand,Battery_mAh,RAM_GB,Storage_GB,Camera_MP,Screen_Size_inches,Budget_Segment,Pref_Battery,Pref_Camera,Pref_Performance,Pref_Brand,Price_USD
Phone_0,OnePlus,4000,6,128,48,6.5,Budget,7,5,4,5,127.38805562726884
Phone_1,Oppo,5000,4,128,50,6.5,Budget,9,3,4,2,224.85500096546264
Phone_2,Xiaomi,6000,4,512,12,6.5,Mid-Range,5,6,7,6,599.645414790327
Phone_3,Oppo,5000,4,128,48,6.7,Budget,8,4,3,2,156.47963395052872
Phone_4,Oppo,5000,8,512,12,6.8,Mid-Range,8,6,8,4,694.6273960030062
Phone_5,Apple,6000,16,128,12,6.5,Mid-Range,5,7,8,8,367.67195110114943
Phone_6,Xiaomi,5000,16,512,50,6.4,Premium,6,10,7,7,1456.4273689882943
Phone_7,Xiaomi,6000,12,1024,12,6.5,Premium,6,7,8,9,984.5453170570945
Phone_8,Xiaomi,6000,4,1024,108,6.8,Mid-Range,6,6,6,6,350.27801694759586
Phone_9,Oppo,6000,8,128,48,6.8,Mid-Range,5,5,6,4,588.7248775292023
Phone_10,OnePlus,4000,6,256,12,6.7,Mid-Range,8,6,5,8,603.7389989313087
Phone_11,Xiaomi,4500,6,1024,12,6.5,Mid-Range,8,5,7,4,315.7591003303741
Phone_12,Oppo,4000,12,64,64,6.4,Mid-Range,8,7,7,6,433.5433253965392
Phone_13,Apple,6000,12,64,64,6.7,Mid-Range,8,8,5,7,347.2762467194797
Phone_14,OnePlus,4500,4,512,108,6.7,Mid-Range,7,5,8,7,656.0576100914959
Phone_15,Apple,4500,4,256,64,6.5,Mid-Range,8,5,5,4,481.5530282370089
Phone_16,OnePlus,6000,6,512,12,6.5,Mid-Range,6,6,8,8,477.01394109980845
Phone_17,Oppo,4500,6,128,12,6.7,Budget,7,4,4,2,240.6152894485789
Phone_18,Samsung,4500,6,1024,48,6.7,Mid-Range,8,6,5,4,578.147565628796
Phone_19,OnePlus,4000,6,256,64,6.7,Mid-Range,5,6,8,5,668.9170436167299
Phone_20,Apple,4500,16,512,50,6.1,Premium,7,8,7,10,1366.4239723523813
Phone_21,Oppo,6000,4,512,64,6.7,Mid-Range,7,5,8,8,425.27763390916425
Phone_22,OnePlus,3000,4,64,12,6.8,Budget,9,3,3,3,203.60076860540585
Phone_23,Samsung,3000,6,128,48,6.4,Budget,10,5,4,4,269.2131865427174
Phone_24,Samsung,3000,8,512,64,6.4,Mid-Range,5,7,6,4,538.3256585133062
Phone_25,Xiaomi,6000,6,64,48,6.5,Budget,8,6,6,5,235.84510437615037
Phone_26,Xiaomi,3000,12,256,64,6.7,Premium,6,10,9,7,1018.8502121650462
Phone_27,Apple,4000,8,512,108,6.4,Mid-Range,5,5,6,8,658.0263476748389
Phone_28,OnePlus,6000,12,64,12,6.4,Mid-Range,7,6,6,6,356.11118559307397
Phone_29,OnePlus,6000,8,128,12,6.8,Mid-Range,5,8,6,7,469.77293267064044
Phone_30,Xiaomi,6000,12,1024,50,6.8,Premium,7,8,10,7,1250.257288063452
Phone_31,OnePlus,4500,6,256,12,6.1,Mid-Range,7,7,7,8,521.499255680101
Phone_32,OnePlus,4500,6,512,50,6.1,Mid-Range,7,6,6,7,684.5954169317339
Phone_33,Samsung,4500,8,64,12,6.4,Mid-Range,6,5,5,4,464.96985172404686
Phone_34,Xiaomi,5000,12,512,64,6.5,Premium,4,7,7,6,1087.2528088805911
Phone_35,Oppo,4000,16,1024,64,6.4,Premium,7,7,8,7,1213.9814344948109
Phone_36,Xiaomi,6000,8,512,108,6.5,Mid-Range,8,5,7,6,485.20739232563636
Phone_37,Oppo,6000,8,512,64,6.4,Mid-Range,7,5,8,8,666.3138206743206
Phone_38,Samsung,4500,4,64,48,6.8,Budget,7,3,3,2,221.9046872862334
Phone_39,Apple,6000,8,1024,64,6.7,Mid-Range,6,5,5,8,518.5718637208394
Phone_40,OnePlus,6000,16,256,50,6.4,Premium,5,8,10,6,1190.3042140205757
Phone_41,Samsung,3000,6,64,108,6.1,Budget,9,3,6,4,203.4847305635051
Phone_42,OnePlus,6000,12,1024,48,6.5,Premium,6,10,7,9,1444.3083523379
Phone_43,Apple,5000,4,1024,48,6.5,Mid-Range,7,6,5,7,592.9877183175378
Phone_44,Apple,4500,12,512,12,6.4,Premium,7,10,8,6,842.1032603495121
Phone_45,Samsung,4000,6,128,50,6.5,Budget,7,3,6,3,112.58210872209607
Phone_46,Apple,4000,8,128,64,6.1,Mid-Range,5,6,7,8,611.8511089458683
Phone_47,Oppo,3000,16,256,64,6.8,Premium,5,7,8,9,1461.386391011638
Phone_48,Apple,4000,4,512,12,6.7,Mid-Range,7,5,6,4,308.49345331974405
Phone_49,OnePlus,4000,16,128,64,6.7,Mid-Range,6,7,6,5,373.55276759491824
Phone_50,OnePlus,4500,16,64,48,6.5,Mid-Range,5,7,6,4,585.4426553028995
Phone_51,OnePlus,4500,16,256,64,6.4,Premium,5,7,9,8,955.246685293462
Phone_52,OnePlus,5000,16,512,64,6.5,Premium,4,9,7,6,921.0287723896911
Phone_53,Oppo,3000,6,64,48,6.1,Budget,9,6,5,2,250.4471963155484
Phone_54,Xiaomi,4000,16,128,50,6.4,Mid-Range,8,5,8,6,476.82160189665126
Phone_55,Samsung,5000,16,128,50,6.8,Mid-Range,7,5,8,8,614.5741351435522
Phone_56,OnePlus,3000,6,128,48,6.1,Budget,10,3,5,3,142.2153201232033
Phone_57,Apple,4000,12,128,48,6.8,Mid-Range,5,6,7,5,528.9712454052499
Phone_58,OnePlus,4000,6,1024,108,6.4,Mid-Range,8,6,5,5,578.6391739098715
Phone_59,Apple,4500,8,256,108,6.8,Mid-Range,8,7,8,8,640.3934788109582
Phone_60,Apple,6000,6,256,64,6.1,Mid-Range,8,6,6,5,639.8124052970809
Phone_61,OnePlus,3000,12,128,64,6.1,Mid-Range,6,5,5,8,482.4096180048531
Phone_62,Oppo,4000,8,256,108,6.5,Mid-Range,7,7,5,7,423.1181022064939
Phone_63,Apple,3000,8,64,64,6.4,Mid-Range,8,5,7,5,446.55130724835146
Phone_64,Apple,5000,4,64,50,6.7,Budget,10,3,3,3,270.7500295560106
Phone_65,OnePlus,5000,16,256,50,6.7,Premium,6,9,7,8,1376.0674822208189
Phone_66,Apple,6000,8,128,12,6.8,Mid-Range,6,6,5,5,536.3968376451003
Phone_67,Apple,4000,8,512,108,6.7,Mid-Range,6,6,8,5,481.30316030665483
Phone_68,OnePlus,4500,12,128,50,6.7,Mid-Range,6,5,7,5,603.572897592962
Phone_69,OnePlus,4000,8,1024,12,6.1,Mid-Range,5,5,6,6,409.57660916003647
Phone_70,Samsung,3000,12,512,48,6.1,Premium,5,9,7,10,1200.958234419548
Phone_71,Oppo,5000,16,1024,50,6.1,Premium,7,8,8,8,1451.3959211661772
Phone_72,Oppo,3000,4,256,12,6.7,Mid-Range,5,7,5,6,327.2307571063391
Phone_73,Apple,6000,4,1024,64,6.8,Mid-Range,6,5,8,4,670.9121471066452
Phone_74,Oppo,5000,16,256,12,6.4,Premium,4,9,10,8,1465.122936796652
Phone_75,Apple,4500,16,1024,50,6.5,Premium,7,9,10,6,1419.7120262601716
Phone_76,Samsung,5000,6,512,64,6.8,Mid-Range,6,8,7,4,350.3374971251152
Phone_77,OnePlus,4000,8,1024,64,6.1,Mid-Range,7,5,5,7,513.1814218385152
Phone_78,OnePlus,4000,8,128,12,6.8,Mid-Range,7,5,7,4,306.31488368841275
Phone_79,OnePlus,5000,8,256,12,6.4,Mid-Range,8,6,6,5,666.052346789446
Phone_80,Oppo,6000,12,64,50,6.1,Mid-Range,6,8,8,6,618.5060599963917
Phone_81,Samsung,4000,6,1024,64,6.4,Mid-Range,5,5,6,5,501.82071252199967
Phone_82,Oppo,4000,8,256,108,6.5,Mid-Range,5,5,5,7,670.498192312747
Phone_83,Oppo,4500,12,64,12,6.8,Mid-Range,8,8,6,7,403.89987998788393
Phone_84,Samsung,5000,12,256,108,6.5,Premium,4,8,8,9,1094.09767524562
Phone_85,Samsung,4000,4,256,108,6.7,Mid-Range,6,5,6,8,622.0502339061534
Phone_86,Samsung,6000,12,64,64,6.8,Mid-Range,5,8,5,4,532.7278017732422
Phone_87,Samsung,3000,16,64,50,6.7,Mid-Range,6,7,6,4,427.53687957611754
Phone_88,OnePlus,5000,12,512,108,6.4,Premium,5,8,10,7,959.2524754161304
Phone_89,Xiaomi,4500,16,1024,50,6.7,Premium,6,9,7,9,1468.733369000306
Phone_90,Xiaomi,4000,16,1024,12,6.4,Premium,5,7,9,6,1249.6177560698516
Phone_91,Samsung,6000,4,256,64,6.5,Mid-Range,6,8,6,8,380.403081763656
Phone_92,Xiaomi,5000,4,128,48,6.1,Budget,8,3,5,5,111.51693161486027
Phone_93,Xiaomi,6000,12,128,64,6.5,Mid-Range,7,5,6,6,571.3703319227839
Phone_94,Samsung,6000,4,256,48,6.7,Mid-Range,5,6,5,6,365.78829815650454
Phone_95,Xiaomi,4500,4,512,12,6.4,Mid-Range,6,7,7,6,622.5172055106198
Phone_96,Oppo,5000,8,64,50,6.7,Mid-Range,7,7,5,6,671.3931193617436
Phone_97,Apple,4000,12,256,12,6.1,Premium,6,9,8,8,1388.763058996412
Phone_98,Apple,4500,12,1024,64,6.8,Premium,5,7,10,9,741.7550443854751
Phone_99,Samsung,4000,12,128,48,6.8,Mid-Range,5,8,5,6,412.484923607664
Phone_100,OnePlus,3000,4,128,48,6.8,Budget,7,5,6,2,231.26072564341058
Phone_101,Samsung,6000,4,128,64,6.7,Budget,8,4,4,4,194.24889494582857
Phone_102,OnePlus,3000,16,512,64,6.8,Premium,4,8,9,9,942.69397968581
Phone_103,Apple,6000,6,1024,12,6.4,Mid-Range,8,8,6,5,681.9033137118379
Phone_104,Samsung,4500,6,512,108,6.1,Mid-Range,7,6,7,5,364.39386245048564
Phone_105,Oppo,4000,6,64,48,6.5,Budget,7,3,5,5,127.42636024817911
Phone_106,Xiaomi,4000,8,256,64,6.4,Mid-Range,8,8,7,4,409.78076789563227
Phone_107,OnePlus,4500,4,256,12,6.1,Mid-Range,7,6,6,5,307.45600186223055
Phone_108,Xiaomi,5000,16,128,108,6.5,Mid-Range,6,6,6,7,694.8579535088058
Phone_109,Xiaomi,3000,16,128,50,6.8,Mid-Range,6,7,5,5,586.4706168204788
Phone_110,Samsung,3000,6,64,64,6.5,Budget,8,5,6,4,286.79704024680143
Phone_111,Xiaomi,4000,8,512,108,6.7,Mid-Range,5,5,7,5,565.1834615254859
Phone_112,Oppo,4000,8,1024,50,6.7,Mid-Range,8,6,6,5,357.4953878512357
Phone_113,Xiaomi,4000,6,64,50,6.8,Budget,8,6,5,2,272.7907870936068
Phone_114,Samsung,4500,6,256,12,6.8,Mid-Range,5,8,7,4,454.2670548448482
Phone_115,Oppo,5000,4,256,48,6.4,Mid-Range,8,5,5,4,698.1868142286485
Phone_116,Apple,3000,8,512,64,6.4,Mid-Range,7,6,6,6,569.0296520988823
Phone_117,Xiaomi,6000,16,64,108,6.7,Mid-Range,6,6,6,7,476.95209221359767
Phone_118,Samsung,4500,6,1024,50,6.1,Mid-Range,6,8,5,7,493.89064038619995
Phone_119,Apple,3000,4,64,48,6.4,Budget,8,5,3,2,299.47628274617534
Phone_120,Apple,5000,16,64,50,6.1,Mid-Range,8,7,6,7,378.57403833678103
Phone_121,OnePlus,4500,8,512,64,6.7,Mid-Range,8,5,8,7,428.34948465131805
Phone_122,Oppo,3000,6,1024,64,6.4,Mid-Range,8,7,8,7,448.34959275057156
Phone_123,Xiaomi,4500,6,256,12,6.1,Mid-Range,6,7,6,6,659.0516802008526
Phone_124,Samsung,3000,4,128,64,6.1,Budget,8,4,5,4,103.65529282826205
Phone_125,OnePlus,3000,4,1024,64,6.4,Mid-Range,6,7,5,7,536.3140990933786
Phone_126,Oppo,5000,8,256,64,6.8,Mid-Range,6,5,5,4,425.8909091160528
Phone_127,OnePlus,6000,6,512,48,6.5,Mid-Range,7,8,6,7,380.8809099028576
Phone_128,Oppo,5000,4,1024,108,6.8,Mid-Range,6,8,8,4,432.3021925327265
Phone_129,Oppo,3000,6,1024,108,6.5,Mid-Range,7,6,6,4,671.7809944012876
Phone_130,Xiaomi,4500,8,256,64,6.1,Mid-Range,5,5,5,8,664.0902362833599
Phone_131,Oppo,5000,6,256,108,6.4,Mid-Range,8,6,8,8,468.7819889219087
Phone_132,OnePlus,6000,16,64,64,6.7,Mid-Range,7,5,5,4,430.2127594965222
Phone_133,Oppo,3000,6,64,108,6.4,Budget,8,4,5,3,209.1653271821615
Phone_134,Xiaomi,5000,12,1024,108,6.8,Premium,4,9,9,8,985.8188559473684
Phone_135,Xiaomi,5000,12,128,50,6.5,Mid-Range,5,6,8,7,315.47991543538603
Phone_136,OnePlus,5000,8,512,48,6.4,Mid-Range,5,6,5,4,438.2959587506035
Phone_137,Apple,5000,8,256,50,6.5,Mid-Range,7,6,7,4,542.9180549189622
Phone_138,Apple,4500,8,64,50,6.8,Mid-Range,7,5,8,8,677.8361720095033
Phone_139,Oppo,6000,16,512,108,6.8,Premium,7,10,9,8,964.9183452911091
Phone_140,Samsung,6000,16,1024,12,6.4,Premium,5,8,9,6,972.9180024987952
Phone_141,Oppo,3000,6,256,12,6.7,Mid-Range,5,5,5,8,453.79920024524694
Phone_142,OnePlus,4000,4,256,48,6.7,Mid-Range,8,5,6,6,322.823521654923
Phone_143,OnePlus,4500,12,64,64,6.5,Mid-Range,7,6,6,5,659.5349268114808
Phone_144,OnePlus,3000,12,128,108,6.4,Mid-Range,7,6,6,7,313.36917036864105
Phone_145,OnePlus,3000,12,256,48,6.1,Premium,7,10,9,7,1331.876259005945
Phone_146,OnePlus,5000,6,128,50,6.8,Budget,7,5,6,5,150.49261818883605
Phone_147,Xiaomi,4000,6,512,108,6.5,Mid-Range,7,7,6,6,361.5968310988857
Phone_148,Apple,4000,8,256,50,6.8,Mid-Range,5,5,7,8,418.430516559671
Phone_149,OnePlus,4500,4,256,48,6.5,Mid-Range,6,7,5,5,496.3936103700455
Phone_150,Samsung,4000,8,128,12,6.4,Mid-Range,7,7,7,8,616.8468459419685
Phone_151,Samsung,3000,6,64,48,6.5,Budget,9,3,4,5,100.31062574489289
Phone_152,Samsung,4000,16,1024,108,6.5,Premium,7,8,8,8,713.1034763658492
Phone_153,Samsung,4000,8,512,108,6.1,Mid-Range,6,8,5,4,481.278698613705
Phone_154,Xiaomi,6000,6,256,64,6.5,Mid-Range,5,5,5,4,667.9957233860507
Phone_155,Samsung,3000,6,64,12,6.7,Budget,10,4,6,4,180.25699560572156
Phone_156,OnePlus,4000,16,256,108,6.5,Premium,4,8,8,6,972.5688133954425
Phone_157,Oppo,4000,16,512,12,6.5,Premium,5,7,9,6,865.5568473419997
Phone_158,Samsung,5000,16,1024,108,6.4,Premium,6,8,10,10,1063.4749585206212
Phone_159,Xiaomi,4000,4,256,12,6.5,Mid-Range,6,6,7,8,359.748871564151
Phone_160,Xiaomi,4000,6,128,48,6.1,Budget,10,3,5,4,177.44605958095428
Phone_161,Samsung,6000,16,64,12,6.4,Mid-Range,7,5,7,8,390.08865445285824
Phone_162,Oppo,3000,4,1024,50,6.8,Mid-Range,7,6,8,8,423.8669779137196
Phone_163,Samsung,4500,12,256,48,6.7,Premium,7,7,7,7,1047.6412095799988
Phone_164,Xiaomi,3000,12,1024,108,6.7,Premium,5,7,9,10,1190.6177450128216
Phone_165,Apple,5000,12,128,108,6.8,Mid-Range,5,6,6,7,414.7515067654833
Phone_166,OnePlus,3000,6,256,64,6.5,Mid-Range,8,7,8,6,301.87545847314425
Phone_167,Xiaomi,4000,4,1024,50,6.1,Mid-Range,5,5,7,4,512.472532032311
Phone_168,Samsung,5000,4,256,64,6.1,Mid-Range,8,8,8,4,400.06849894381867
Phone_169,OnePlus,3000,12,256,48,6.1,Premium,6,9,9,7,1370.8929464774342
Phone_170,Samsung,5000,8,1024,64,6.1,Mid-Range,7,6,7,7,325.31257303251624
Phone_171,Samsung,4500,12,256,48,6.5,Premium,6,8,10,7,802.7893398460053
Phone_172,Apple,3000,6,128,64,6.8,Budget,7,3,3,5,281.0588751864228
Phone_173,OnePlus,4000,12,1024,12,6.8,Premium,7,8,10,8,727.9234841156732
Phone_174,OnePlus,5000,12,1024,48,6.7,Premium,5,9,10,8,1399.963233349717
Phone_175,Apple,6000,4,128,48,6.8,Budget,7,6,4,3,135.6548182254468
Phone_176,Xiaomi,5000,12,128,12,6.1,Mid-Range,5,7,5,8,486.47574037369316
Phone_177,Samsung,6000,16,128,12,6.5,Mid-Range,8,6,5,5,410.23497905197274
Phone_178,Oppo,4000,16,256,50,6.4,Premium,6,7,7,10,1183.4795971319488
Phone_179,Samsung,4500,8,256,12,6.4,Mid-Range,5,6,8,7,601.1708351000516
Phone_180,Samsung,6000,6,512,64,6.1,Mid-Range,5,8,6,4,304.2976739097511
Phone_181,Xiaomi,4500,6,256,12,6.7,Mid-Range,6,6,6,7,545.0264545596292
Phone_182,Samsung,5000,4,128,12,6.4,Budget,7,3,4,4,186.67563668713615
Phone_183,Apple,4000,6,512,48,6.1,Mid-Range,6,8,8,4,626.71821480682
Phone_184,Apple,6000,8,128,48,6.5,Mid-Range,7,8,5,6,386.645862660761
Phone_185,OnePlus,5000,16,64,12,6.4,Mid-Range,7,5,8,5,381.37510121719737
Phone_186,Oppo,3000,4,1024,50,6.1,Mid-Range,8,8,8,8,386.29057590145965
Phone_187,Samsung,5000,16,64,48,6.4,Mid-Range,5,6,8,7,672.572760632562
Phone_188,Samsung,4500,8,128,64,6.5,Mid-Range,6,7,7,5,356.39063198846054
Phone_189,Xiaomi,4000,4,256,64,6.8,Mid-Range,8,5,8,5,605.85797214528
Phone_190,Apple,4000,12,1024,12,6.8,Premium,5,8,7,9,1348.7486869475392
Phone_191,Oppo,5000,6,256,12,6.5,Mid-Range,5,7,8,5,678.5143177333329
Phone_192,OnePlus,3000,8,256,50,6.5,Mid-Range,8,6,5,5,463.9566772490877
Phone_193,Apple,4500,4,1024,12,6.8,Mid-Range,5,8,8,6,635.7405273306501
Phone_194,OnePlus,5000,16,1024,108,6.5,Premium,7,9,10,8,1159.4740692699925
Phone_195,Xiaomi,5000,4,64,108,6.5,Budget,7,6,3,5,119.32216738774359
Phone_196,Xiaomi,4000,12,128,12,6.5,Mid-Range,8,8,8,5,364.46555046675684
Phone_197,Samsung,4500,8,256,108,6.8,Mid-Range,8,7,8,8,605.9747661038908
Phone_198,Oppo,3000,4,128,64,6.8,Budget,9,5,5,3,174.13238917024574
Phone_199,OnePlus,4000,8,128,12,6.4,Mid-Range,8,5,5,8,516.0437865054208
Phone_200,Apple,5000,8,512,64,6.8,Mid-Range,6,6,6,7,591.5600200453404
Phone_201,Xiaomi,4000,16,64,64,6.4,Mid-Range,6,5,6,8,409.2241562919471
Phone_202,Samsung,4000,6,256,108,6.8,Mid-Range,7,5,7,5,329.83662526179364
Phone_203,Samsung,6000,12,1024,50,6.7,Premium,7,10,10,9,1121.6637743567378
Phone_204,OnePlus,4000,4,1024,64,6.4,Mid-Range,8,5,5,5,420.853491424146
Phone_205,Xiaomi,4000,6,128,108,6.5,Budget,7,5,5,4,198.35070122801346
Phone_206,Oppo,4500,16,64,50,6.7,Mid-Range,8,6,7,6,699.4089453763205
Phone_207,Xiaomi,4000,6,64,108,6.8,Budget,9,5,5,4,117.3599356239124
Phone_208,OnePlus,3000,8,256,108,6.8,Mid-Range,6,7,6,5,394.23068161553164
Phone_209,OnePlus,5000,8,256,12,6.7,Mid-Range,7,7,6,5,433.5530580486564
Phone_210,Xiaomi,4500,12,128,48,6.1,Mid-Range,7,5,5,4,498.80080831173984
Phone_211,OnePlus,4000,4,128,50,6.5,Budget,9,4,3,5,139.82442608603552
Phone_212,Xiaomi,3000,4,128,108,6.4,Budget,10,4,6,4,199.07317607831345
Phone_213,Apple,5000,16,512,64,6.7,Premium,7,8,7,8,1385.989990169977
Phone_214,Xiaomi,4500,12,64,64,6.4,Mid-Range,6,7,5,8,447.4095107649934
Phone_215,Xiaomi,3000,4,128,48,6.8,Budget,7,5,6,4,196.08368008233168
Phone_216,OnePlus,4000,8,64,50,6.1,Mid-Range,5,7,7,4,540.751828649391
Phone_217,OnePlus,6000,12,1024,12,6.1,Premium,7,7,8,6,1492.9515272089056
Phone_218,Samsung,6000,6,1024,50,6.4,Mid-Range,7,6,7,6,642.0363716117494
Phone_219,Samsung,4500,12,64,64,6.8,Mid-Range,6,6,7,5,664.8520655259301
Phone_220,Apple,3000,12,1024,64,6.1,Premium,6,10,9,9,1422.9542595816692
Phone_221,Samsung,5000,4,1024,12,6.5,Mid-Range,6,5,8,4,547.5456960863114
Phone_222,Xiaomi,3000,16,1024,12,6.8,Premium,4,9,9,6,1054.1645398059954
Phone_223,OnePlus,6000,16,256,64,6.7,Premium,6,7,9,8,1158.9396176463333
Phone_224,Samsung,4500,4,256,108,6.7,Mid-Range,7,5,6,6,342.03800515885587
Phone_225,Samsung,4000,4,64,108,6.7,Budget,9,3,6,2,212.9223069969645
Phone_226,Apple,3000,4,64,12,6.5,Budget,9,5,4,4,174.5240502157385
Phone_227,Apple,6000,16,512,108,6.8,Premium,7,9,9,9,1039.124987262556
Phone_228,Xiaomi,5000,4,256,12,6.4,Mid-Range,8,7,8,8,430.86494143443997
Phone_229,OnePlus,4500,6,64,50,6.4,Budget,9,5,6,4,237.80571929269445
Phone_230,Apple,4000,6,256,50,6.8,Mid-Range,7,6,5,4,384.6644876627291
Phone_231,Samsung,3000,8,512,50,6.5,Mid-Range,8,6,6,5,508.548442476894
Phone_232,OnePlus,5000,6,64,12,6.8,Budget,9,6,6,4,205.2591979656944
Phone_233,OnePlus,4000,12,64,12,6.4,Mid-Range,8,6,7,6,666.7809957513293
Phone_234,Samsung,6000,8,64,108,6.8,Mid-Range,5,7,5,8,460.90947328553034
Phone_235,Apple,6000,6,64,108,6.7,Budget,7,3,3,3,294.84536737967414
Phone_236,Samsung,5000,12,128,108,6.8,Mid-Range,7,6,8,5,369.557667123705
Phone_237,OnePlus,6000,6,256,48,6.1,Mid-Range,8,6,8,4,417.2618008916897
Phone_238,Oppo,4500,12,256,12,6.8,Premium,5,7,10,6,840.410406291784
Phone_239,Oppo,5000,4,256,50,6.4,Mid-Range,6,7,6,8,600.0789369922977
Phone_240,Xiaomi,6000,12,512,50,6.4,Premium,4,8,8,7,766.0988534358371
Phone_241,Samsung,3000,4,128,48,6.4,Budget,8,6,5,2,131.74856505384543
Phone_242,Samsung,6000,12,256,48,6.7,Premium,7,8,8,7,858.5923892496749
Phone_243,Xiaomi,4500,12,256,50,6.4,Premium,4,7,7,9,730.3068862202593
Phone_244,Xiaomi,4000,6,64,12,6.1,Budget,7,6,4,3,151.1062344929055
Phone_245,Xiaomi,4000,12,64,50,6.8,Mid-Range,7,7,7,4,626.9677403784685
Phone_246,OnePlus,6000,6,64,50,6.5,Budget,9,3,6,3,251.54460304098362
Phone_247,Samsung,4000,12,256,48,6.4,Premium,7,9,9,10,819.7086169392471
Phone_248,OnePlus,6000,16,64,48,6.8,Mid-Range,5,8,8,6,415.1601799132317
Phone_249,Xiaomi,4500,8,256,108,6.7,Mid-Range,5,5,8,8,598.2744922709246
Phone_250,Samsung,4000,6,512,48,6.8,Mid-Range,8,6,7,8,437.78248894643184
Phone_251,OnePlus,3000,6,512,50,6.4,Mid-Range,5,6,6,7,556.0858874945025
Phone_252,OnePlus,6000,4,1024,108,6.4,Mid-Range,8,6,7,6,416.8854152641189
Phone_253,Xiaomi,4000,16,128,50,6.4,Mid-Range,5,8,7,8,368.6588333879736
Phone_254,Samsung,4500,4,64,12,6.1,Budget,9,6,5,4,252.29904786164147
Phone_255,Xiaomi,4500,16,64,12,6.8,Mid-Range,8,5,5,5,697.8490920053907
Phone_256,Samsung,3000,16,128,48,6.5,Mid-Range,5,6,8,8,387.8044590285395
Phone_257,Oppo,4500,12,128,108,6.1,Mid-Range,8,5,7,8,632.8978962093602
Phone_258,Apple,4500,4,1024,64,6.5,Mid-Range,7,5,8,8,628.8334815449732
Phone_259,Apple,4000,8,128,12,6.4,Mid-Range,8,7,7,8,394.3849821847946
Phone_260,Apple,6000,16,256,12,6.5,Premium,6,9,7,9,1391.6676531380858
Phone_261,Xiaomi,5000,16,64,12,6.5,Mid-Range,7,6,8,5,634.4445019657561
Phone_262,Oppo,4500,6,128,12,6.1,Budget,10,5,6,5,157.5467016243694
Phone_263,Samsung,4500,12,256,48,6.1,Premium,5,10,10,6,1484.7432170336672
Phone_264,OnePlus,5000,8,128,108,6.8,Mid-Range,6,6,5,6,679.655783400392
Phone_265,Samsung,4500,16,256,12,6.5,Premium,7,10,9,9,1394.4692744640433
Phone_266,OnePlus,4000,6,512,48,6.1,Mid-Range,5,8,7,6,384.8268861308042
Phone_267,Samsung,4000,4,256,108,6.8,Mid-Range,6,5,7,8,358.68830880315534
Phone_268,Oppo,5000,16,1024,108,6.5,Premium,5,8,9,10,1347.218237477628
Phone_269,OnePlus,4500,6,256,64,6.5,Mid-Range,8,5,6,7,311.6019616589516
Phone_270,Xiaomi,4500,4,128,50,6.4,Budget,8,6,5,4,167.50992166028942
Phone_271,Samsung,6000,12,512,12,6.1,Premium,4,10,10,8,1448.4427340265502
Phone_272,Samsung,4500,4,512,48,6.7,Mid-Range,7,5,7,4,447.92279721184843
Phone_273,OnePlus,4000,16,256,108,6.1,Premium,4,9,9,7,1471.749645710065
Phone_274,Xiaomi,3000,8,128,64,6.4,Mid-Range,8,5,5,5,625.6708928480941
Phone_275,Xiaomi,3000,4,512,50,6.8,Mid-Range,6,7,8,7,460.0036110911509
Phone_276,Oppo,3000,8,256,108,6.1,Mid-Range,6,8,6,7,521.529873613586
Phone_277,Xiaomi,3000,8,256,108,6.5,Mid-Range,5,6,7,4,571.6838747192337
Phone_278,Xiaomi,4500,4,256,12,6.7,Mid-Range,5,6,8,7,575.4426113539957
Phone_279,Xiaomi,4500,12,512,50,6.8,Premium,7,8,8,9,828.1978251270606
Phone_280,Apple,6000,4,64,50,6.1,Budget,10,4,5,3,228.25282137835148
Phone_281,Oppo,4500,6,128,48,6.8,Budget,8,5,4,2,217.5333308265763
Phone_282,Samsung,3000,8,1024,64,6.5,Mid-Range,7,8,8,6,639.5207522765683
Phone_283,OnePlus,5000,16,1024,48,6.7,Premium,7,7,10,8,1349.8165274534633
Phone_284,Samsung,5000,8,128,64,6.5,Mid-Range,5,8,7,5,402.7622097216714
Phone_285,Oppo,4000,16,64,48,6.7,Mid-Range,7,7,8,4,355.9288250248187
Phone_286,OnePlus,4000,6,128,64,6.8,Budget,7,6,5,3,148.8821000001705
Phone_287,Oppo,4500,6,256,12,6.1,Mid-Range,5,5,6,8,324.26412156413613
Phone_288,Xiaomi,5000,6,128,64,6.7,Budget,10,5,3,3,298.2315480451607
Phone_289,OnePlus,3000,4,128,48,6.5,Budget,10,6,6,5,105.80437190600756
Phone_290,Xiaomi,3000,8,512,50,6.7,Mid-Range,7,8,8,5,350.04534886299496
Phone_291,Samsung,3000,16,1024,108,6.8,Premium,5,8,7,9,769.9814861885451
Phone_292,Samsung,4500,6,1024,64,6.8,Mid-Range,5,5,5,6,663.6437318578614
Phone_293,OnePlus,4500,6,256,64,6.8,Mid-Range,8,8,5,5,424.0415127716749
Phone_294,OnePlus,6000,16,256,50,6.1,Premium,6,7,7,10,900.182324899289
Phone_295,Oppo,3000,8,512,12,6.8,Mid-Range,8,6,6,5,451.06262344820254
Phone_296,Oppo,3000,8,256,48,6.1,Mid-Range,5,6,5,4,449.45584659602935
Phone_297,Xiaomi,4500,16,64,12,6.4,Mid-Range,5,5,7,5,354.0730161970398
Phone_298,OnePlus,4500,12,512,64,6.7,Premium,4,7,8,8,1465.493587352411
Phone_299,Samsung,6000,8,512,64,6.5,Mid-Range,8,5,6,6,604.6748002806512
Phone_300,Oppo,6000,16,128,12,6.1,Mid-Range,8,6,6,8,390.2597468450176
Phone_301,Oppo,4000,16,128,48,6.1,Mid-Range,8,8,7,6,591.1190832055653
Phone_302,Samsung,5000,6,64,64,6.5,Budget,7,6,5,5,270.7925948337768
Phone_303,Oppo,3000,16,512,64,6.7,Premium,5,8,8,9,849.8475719155206
Phone_304,Xiaomi,3000,4,512,12,6.8,Mid-Range,5,7,5,8,401.7068458339446
Phone_305,OnePlus,6000,6,128,108,6.7,Budget,7,3,5,3,179.61895594929837
Phone_306,Samsung,6000,6,1024,50,6.1,Mid-Range,6,6,8,7,504.45167102689834
Phone_307,OnePlus,4000,8,1024,64,6.8,Mid-Range,7,7,7,5,668.4846220248899
Phone_308,Oppo,5000,12,128,48,6.4,Mid-Range,6,5,8,7,534.0658341962296
Phone_309,Oppo,4000,8,256,108,6.5,Mid-Range,7,5,7,7,501.59076575409813
Phone_310,Samsung,5000,4,512,12,6.7,Mid-Range,5,7,7,6,577.5738388061563
Phone_311,Xiaomi,3000,6,64,12,6.8,Budget,8,6,4,4,109.83919946047693
Phone_312,Apple,4000,6,1024,48,6.5,Mid-Range,5,6,6,6,306.1031074622076
Phone_313,Samsung,6000,16,256,108,6.7,Premium,5,7,7,9,1136.8156560411942
Phone_314,Apple,4000,12,512,48,6.1,Premium,7,7,7,7,1349.7768563719387
Phone_315,Apple,4000,12,256,64,6.1,Premium,7,8,7,9,830.8271808509877
Phone_316,Xiaomi,3000,16,512,108,6.1,Premium,5,10,9,8,943.5476935645762
Phone_317,Apple,6000,4,512,50,6.4,Mid-Range,7,7,7,4,307.0214560458657
Phone_318,Apple,6000,12,128,50,6.1,Mid-Range,6,5,5,4,617.5402498167667
Phone_319,Xiaomi,4500,6,128,48,6.1,Budget,8,5,6,5,174.13691583102633
Phone_320,Apple,4500,4,64,50,6.1,Budget,7,6,4,2,116.20622191560335
Phone_321,Apple,4500,8,64,48,6.8,Mid-Range,6,5,7,7,415.82424805213327
Phone_322,Apple,3000,8,256,64,6.5,Mid-Range,8,6,8,8,340.8673046371101
Phone_323,Samsung,4000,4,128,64,6.4,Budget,9,6,5,3,221.87465322946164
Phone_324,Samsung,6000,6,512,48,6.7,Mid-Range,7,8,8,6,648.9034182271141
Phone_325,Samsung,6000,8,128,64,6.4,Mid-Range,7,6,8,6,421.1134495545224
Phone_326,Xiaomi,4000,6,512,50,6.5,Mid-Range,6,7,6,8,532.9567967756303
Phone_327,Oppo,6000,16,128,64,6.1,Mid-Range,5,8,6,4,643.1203551112721
Phone_328,Apple,4000,12,512,50,6.1,Premium,4,10,8,8,1375.8097025780958
Phone_329,Apple,3000,4,256,50,6.7,Mid-Range,7,6,5,7,575.3961448242044
Phone_330,Xiaomi,3000,12,128,12,6.4,Mid-Range,8,7,8,8,680.06563798244
Phone_331,Apple,3000,16,1024,64,6.4,Premium,5,10,7,7,1374.8536241853665
Phone_332,Samsung,4000,8,1024,64,6.7,Mid-Range,8,8,6,7,615.8176847583011
Phone_333,Oppo,4000,6,512,48,6.4,Mid-Range,8,8,7,8,675.0410957881097
Phone_334,OnePlus,5000,6,256,48,6.4,Mid-Range,6,5,6,7,321.26375443406585
Phone_335,Apple,6000,16,512,108,6.4,Premium,5,10,10,8,887.6346760913532
Phone_336,Samsung,6000,4,256,50,6.7,Mid-Range,7,8,5,8,596.1013873107852
Phone_337,OnePlus,5000,12,64,12,6.7,Mid-Range,6,5,6,6,426.1079618064373
Phone_338,Oppo,5000,8,128,50,6.5,Mid-Range,8,5,8,7,306.8129487778407
Phone_339,OnePlus,3000,4,256,64,6.4,Mid-Range,7,6,8,4,622.8100961160487
Phone_340,Samsung,5000,16,512,108,6.5,Premium,7,9,9,9,1308.9092857113478
Phone_341,OnePlus,4000,16,64,50,6.8,Mid-Range,5,6,8,7,428.347494156178
Phone_342,Xiaomi,4500,6,512,108,6.8,Mid-Range,5,5,7,5,664.2302322559672
Phone_343,OnePlus,4000,8,1024,50,6.4,Mid-Range,6,8,6,6,383.54403351209254
Phone_344,Apple,5000,4,1024,64,6.1,Mid-Range,7,5,5,4,657.9039032086489
Phone_345,Apple,6000,6,128,64,6.8,Budget,9,3,6,3,231.19374817299683
Phone_346,Xiaomi,4000,8,128,50,6.1,Mid-Range,7,5,7,7,667.2527586441765
Phone_347,Samsung,6000,12,64,12,6.5,Mid-Range,7,5,5,6,650.7408121930644
Phone_348,Apple,4000,12,1024,64,6.4,Premium,6,7,10,9,981.0379028234595
Phone_349,Oppo,6000,6,256,48,6.5,Mid-Range,8,6,6,5,668.7489581724965
Phone_350,Apple,4000,4,1024,12,6.5,Mid-Range,7,8,5,5,553.088334394733
Phone_351,Apple,6000,8,128,50,6.7,Mid-Range,5,6,6,8,490.2460555977625
Phone_352,Samsung,4500,12,512,12,6.4,Premium,7,10,10,10,1321.442014474484
Phone_353,OnePlus,3000,12,64,48,6.7,Mid-Range,7,5,7,7,325.32021276619605
Phone_354,Apple,4000,4,1024,64,6.5,Mid-Range,7,8,8,8,623.0363933159276
Phone_355,Xiaomi,4500,6,256,64,6.1,Mid-Range,6,6,6,8,416.9866238231607
Phone_356,OnePlus,3000,16,256,64,6.4,Premium,7,10,10,9,1125.4963478044351
Phone_357,Oppo,4000,8,256,48,6.4,Mid-Range,7,5,8,7,586.1593552295003
Phone_358,Samsung,4500,12,64,12,6.8,Mid-Range,7,8,6,5,448.3231654433489
Phone_359,Oppo,4500,16,256,50,6.1,Premium,7,9,8,9,1067.5077185279085
Phone_360,OnePlus,4500,4,256,50,6.1,Mid-Range,8,7,8,4,468.6295515839789
Phone_361,OnePlus,5000,6,1024,12,6.5,Mid-Range,5,5,8,7,501.854146627831
Phone_362,OnePlus,6000,8,64,64,6.5,Mid-Range,6,8,5,4,388.8691322408613
Phone_363,Oppo,3000,4,512,50,6.5,Mid-Range,6,6,6,6,653.9743331429102
Phone_364,OnePlus,6000,6,512,64,6.8,Mid-Range,6,5,5,5,544.0706556567332
Phone_365,Oppo,6000,4,256,108,6.1,Mid-Range,7,8,8,5,393.483350705254
Phone_366,OnePlus,6000,12,128,108,6.7,Mid-Range,5,6,6,8,336.6156399082977
Phone_367,Xiaomi,4500,12,64,50,6.1,Mid-Range,5,5,8,7,514.1872459340201
Phone_368,OnePlus,6000,16,128,12,6.7,Mid-Range,6,7,6,6,487.2477870709174
Phone_369,Oppo,5000,4,64,12,6.4,Budget,8,4,4,5,145.07318615046515
Phone_370,Apple,4000,12,64,12,6.7,Mid-Range,6,7,8,5,392.2801032684482
Phone_371,OnePlus,4500,6,1024,64,6.4,Mid-Range,5,8,5,6,652.6420968287408
Phone_372,Apple,3000,16,256,108,6.5,Premium,4,7,10,6,805.68991978386
Phone_373,Xiaomi,4000,8,1024,64,6.1,Mid-Range,6,8,5,6,490.6018278361045
Phone_374,Samsung,4000,4,128,48,6.5,Budget,10,3,3,4,270.6664365777027
Phone_375,Xiaomi,4000,12,128,48,6.1,Mid-Range,5,8,7,5,644.7516064852675
Phone_376,OnePlus,6000,6,512,50,6.7,Mid-Range,6,5,6,5,585.7686707069049
Phone_377,Apple,6000,4,1024,48,6.1,Mid-Range,7,8,7,5,340.62040831136727
Phone_378,Apple,4500,6,1024,12,6.7,Mid-Range,7,6,5,5,364.07644388028086
Phone_379,Oppo,6000,16,1024,50,6.1,Premium,7,9,10,8,1238.7044691592637
Phone_380,Apple,6000,12,512,108,6.4,Premium,6,9,10,10,971.6866109109405
Phone_381,Oppo,6000,12,1024,108,6.7,Premium,7,7,8,9,1387.643938187619
Phone_382,Samsung,4500,16,1024,48,6.5,Premium,4,7,7,6,1169.5561738461136
Phone_383,OnePlus,4500,6,1024,48,6.5,Mid-Range,7,8,5,4,534.8378151516656
Phone_384,Oppo,5000,4,1024,108,6.5,Mid-Range,7,7,8,6,527.9366430303282
Phone_385,Samsung,5000,6,128,48,6.5,Budget,10,6,3,3,112.68139818630081
Phone_386,Apple,5000,4,256,48,6.4,Mid-Range,6,7,7,6,384.09797032594065
Phone_387,Apple,5000,16,128,64,6.4,Mid-Range,7,7,6,5,507.4171241816229
Phone_388,Samsung,4000,8,1024,108,6.8,Mid-Range,6,8,7,8,498.0658138290378
Phone_389,Apple,4000,4,64,108,6.8,Budget,8,3,3,3,275.96450735444
Phone_390,Samsung,5000,12,64,48,6.8,Mid-Range,6,6,7,4,320.4733078937083
Phone_391,Oppo,5000,12,512,12,6.8,Premium,7,7,10,6,734.336736539167
Phone_392,Oppo,3000,12,128,64,6.1,Mid-Range,5,7,8,5,520.3126218914902
Phone_393,Samsung,4000,6,512,12,6.7,Mid-Range,6,7,6,4,514.2476901544862
Phone_394,Oppo,3000,6,512,48,6.5,Mid-Range,7,8,7,8,353.45577762000175
Phone_395,Oppo,3000,6,64,108,6.1,Budget,9,3,5,5,182.50414037831825
Phone_396,Oppo,6000,12,128,12,6.4,Mid-Range,8,6,5,5,469.05981203902337
Phone_397,Xiaomi,4500,4,256,50,6.5,Mid-Range,7,7,7,6,561.4681269536798
Phone_398,OnePlus,4000,12,128,12,6.7,Mid-Range,8,7,8,5,655.2020713998247
Phone_399,Apple,5000,4,512,108,6.7,Mid-Range,8,8,5,6,423.4189956455733
Phone_400,Xiaomi,5000,6,1024,48,6.4,Mid-Range,7,7,6,6,438.9229607688477
Phone_401,Oppo,4500,8,512,12,6.5,Mid-Range,7,7,5,8,570.7257244628536
Phone_402,Samsung,4000,6,128,48,6.8,Budget,9,6,3,4,122.74766974700418
Phone_403,Oppo,5000,16,64,64,6.5,Mid-Range,7,5,8,7,494.4491254658496
Phone_404,OnePlus,5000,4,128,50,6.5,Budget,7,5,6,2,130.39815270201484
Phone_405,Oppo,6000,8,256,108,6.7,Mid-Range,5,5,8,5,674.002038980888
Phone_406,Samsung,3000,6,1024,108,6.4,Mid-Range,6,6,6,5,487.9109083525203
Phone_407,OnePlus,5000,8,1024,48,6.5,Mid-Range,7,5,6,7,484.2797801682449
Phone_408,Oppo,4000,12,512,50,6.1,Premium,4,10,10,9,794.0373625164632
Phone_409,OnePlus,4500,4,128,108,6.1,Budget,9,6,3,2,191.6081578069847
Phone_410,Apple,6000,16,64,12,6.4,Mid-Range,7,7,5,8,613.8773676542047
Phone_411,Apple,4000,12,256,108,6.8,Premium,7,10,9,7,998.329724682593
Phone_412,Oppo,6000,8,512,12,6.5,Mid-Range,8,6,6,8,681.9481055375132
Phone_413,OnePlus,3000,6,128,108,6.5,Budget,8,4,5,4,155.6099668493146
Phone_414,Samsung,5000,4,64,12,6.7,Budget,9,6,5,2,262.67874693409544
Phone_415,Oppo,4000,16,128,64,6.5,Mid-Range,5,5,8,5,506.6536363917503
Phone_416,Apple,4500,6,64,48,6.8,Budget,7,4,4,3,197.52472769850493
Phone_417,Apple,3000,16,128,64,6.5,Mid-Range,8,6,6,7,312.146742657176
Phone_418,Oppo,3000,4,128,12,6.5,Budget,9,3,6,5,225.1447551523246
Phone_419,OnePlus,6000,8,512,48,6.7,Mid-Range,5,6,6,4,549.2238858198453
Phone_420,Apple,3000,16,128,50,6.1,Mid-Range,7,8,7,4,543.0196462019352
Phone_421,OnePlus,4000,4,128,12,6.1,Budget,9,5,3,2,297.9436163667508
Phone_422,Apple,6000,16,512,108,6.8,Premium,7,10,10,9,1255.5073305669782
Phone_423,Apple,3000,6,512,108,6.4,Mid-Range,8,5,7,5,586.3691024637496
Phone_424,Xiaomi,4500,16,1024,50,6.4,Premium,5,10,8,8,1214.2092169496739
Phone_425,Apple,4000,6,1024,64,6.7,Mid-Range,7,8,6,4,327.80188183924434
Phone_426,Samsung,4500,6,512,12,6.5,Mid-Range,5,8,7,5,345.13201312016497
Phone_427,Oppo,4500,4,256,108,6.7,Mid-Range,7,8,7,5,435.3988618348286
Phone_428,Oppo,6000,12,64,48,6.1,Mid-Range,7,8,5,4,570.2806648048221
Phone_429,OnePlus,5000,16,512,50,6.8,Premium,5,10,10,8,872.8049490177963
Phone_430,Apple,6000,8,1024,64,6.4,Mid-Range,5,6,6,6,609.0381785757036
Phone_431,Samsung,4000,6,128,64,6.5,Budget,7,5,6,2,212.6409797967197
Phone_432,OnePlus,4000,12,512,48,6.4,Premium,4,8,7,8,955.818673964477
Phone_433,Xiaomi,6000,6,512,48,6.1,Mid-Range,8,5,8,6,380.462749984732
Phone_434,OnePlus,5000,12,1024,50,6.5,Premium,7,9,10,10,1049.1179142606761
Phone_435,OnePlus,6000,12,1024,48,6.1,Premium,4,8,7,10,1187.0002988387737
Phone_436,Apple,4000,8,256,108,6.4,Mid-Range,5,5,7,4,668.6034826656942
Phone_437,Xiaomi,5000,12,1024,64,6.4,Premium,6,10,7,9,1094.4985799275835
Phone_438,OnePlus,4000,8,1024,48,6.1,Mid-Range,6,6,7,5,319.40916932869226
Phone_439,Samsung,5000,4,1024,12,6.5,Mid-Range,7,8,8,4,652.8977296734936
Phone_440,Samsung,5000,6,128,48,6.1,Budget,10,4,5,4,167.07814554181
Phone_441,Oppo,6000,8,512,64,6.5,Mid-Range,5,5,6,6,548.4225292179317
Phone_442,Xiaomi,6000,6,512,108,6.7,Mid-Range,5,8,6,7,654.3113370417608
Phone_443,Xiaomi,6000,16,1024,48,6.7,Premium,6,7,8,7,1430.0707687833683
Phone_444,Oppo,5000,4,256,108,6.5,Mid-Range,5,5,7,7,618.6020112352428
Phone_445,OnePlus,5000,16,1024,12,6.1,Premium,7,9,7,7,926.7093806671573
Phone_446,Xiaomi,4000,16,256,64,6.5,Premium,7,7,10,8,1290.144341817686
Phone_447,Samsung,4500,12,512,50,6.4,Premium,4,9,8,8,891.0010268965985
Phone_448,Samsung,6000,12,256,64,6.1,Premium,5,10,9,7,1366.4907278391352
Phone_449,Apple,4000,16,256,50,6.5,Premium,7,10,10,9,963.9343255744831
Phone_450,Xiaomi,4000,12,64,50,6.4,Mid-Range,5,6,5,7,334.14902926435803
Phone_451,OnePlus,3000,6,256,64,6.8,Mid-Range,7,6,6,7,691.8805827617326
Phone_452,Oppo,6000,12,256,50,6.4,Premium,6,9,8,6,1109.067851050549
Phone_453,Oppo,4000,16,128,108,6.5,Mid-Range,7,6,7,6,444.3030812450635
Phone_454,OnePlus,3000,12,512,12,6.1,Premium,4,7,7,7,1274.3291046552647
Phone_455,Apple,6000,12,1024,48,6.1,Premium,6,7,10,6,813.394815824217
Phone_456,Oppo,5000,8,64,50,6.7,Mid-Range,5,7,6,7,618.3112924186922
Phone_457,Xiaomi,3000,8,256,50,6.5,Mid-Range,7,8,8,8,351.30708736123887
Phone_458,Apple,5000,16,128,64,6.4,Mid-Range,7,6,8,8,375.75017028987986
Phone_459,Xiaomi,4500,6,128,108,6.4,Budget,7,6,3,2,188.16288940203097
Phone_460,Samsung,4500,4,1024,48,6.5,Mid-Range,8,6,8,6,448.0746362759065
Phone_461,Apple,4500,4,1024,50,6.4,Mid-Range,8,8,6,7,577.8744673989027
Phone_462,Oppo,4500,16,512,108,6.8,Premium,7,7,10,10,829.3537194767792
Phone_463,Apple,4000,6,256,48,6.7,Mid-Range,8,5,7,7,589.8782090783526
Phone_464,Apple,4500,6,128,64,6.1,Budget,7,6,6,3,126.05776515605316
Phone_465,Apple,4000,6,64,50,6.4,Budget,10,4,5,4,258.3106023006545
Phone_466,Apple,4000,8,512,64,6.8,Mid-Range,5,5,5,4,573.8159243782335
Phone_467,Xiaomi,6000,16,256,64,6.5,Premium,7,8,7,9,1288.1704130940577
Phone_468,Samsung,4000,4,1024,50,6.4,Mid-Range,6,6,5,8,324.844700250611
Phone_469,OnePlus,4000,6,256,108,6.5,Mid-Range,6,7,5,5,470.8484866433673
Phone_470,Apple,4500,16,1024,108,6.8,Premium,4,10,9,7,837.4920991671513
Phone_471,Oppo,4000,4,256,64,6.8,Mid-Range,8,5,6,8,376.33200239752796
Phone_472,Apple,5000,8,64,64,6.1,Mid-Range,8,7,6,4,495.9003489159924
Phone_473,Oppo,4500,12,512,12,6.5,Premium,6,7,9,10,891.5234024574177
Phone_474,Xiaomi,3000,4,1024,48,6.7,Mid-Range,7,8,7,8,337.99998206279554
Phone_475,Oppo,4500,4,64,64,6.1,Budget,8,5,3,3,170.96391834020838
Phone_476,OnePlus,4000,4,128,64,6.5,Budget,10,6,4,2,214.5503287500328
Phone_477,Samsung,5000,12,64,48,6.5,Mid-Range,5,7,8,7,319.91297593339283
Phone_478,Oppo,4500,6,64,50,6.8,Budget,10,6,3,5,233.1641259463036
Phone_479,Oppo,5000,12,64,108,6.8,Mid-Range,6,5,6,4,371.4386824541669
Phone_480,Samsung,3000,4,1024,50,6.5,Mid-Range,6,6,7,5,645.0412077145538
Phone_481,OnePlus,3000,8,128,48,6.8,Mid-Range,7,7,8,6,653.9201050881734
Phone_482,Apple,6000,4,512,48,6.5,Mid-Range,7,6,8,5,576.4135154170278
Phone_483,Oppo,6000,8,64,12,6.5,Mid-Range,5,7,6,6,325.98240758592783
Phone_484,Samsung,4500,16,1024,12,6.1,Premium,7,10,9,9,1119.8711862973296
Phone_485,Xiaomi,6000,8,1024,108,6.1,Mid-Range,8,5,8,7,467.47370308767506
Phone_486,Samsung,5000,4,512,64,6.7,Mid-Range,7,6,8,5,372.4458033848059
Phone_487,Xiaomi,6000,12,256,48,6.1,Premium,5,8,9,9,1070.1357364249309
Phone_488,OnePlus,5000,4,128,12,6.4,Budget,10,4,3,4,190.29738479933755
Phone_489,Apple,6000,4,128,50,6.4,Budget,8,4,6,2,288.45606271692407
Phone_490,Samsung,6000,16,64,12,6.8,Mid-Range,7,5,5,5,597.216248982151
Phone_491,Oppo,6000,6,256,50,6.4,Mid-Range,6,5,7,6,340.44813460723424
Phone_492,OnePlus,4000,4,128,12,6.1,Budget,10,5,6,2,227.8706347352756
Phone_493,Samsung,4000,16,64,50,6.7,Mid-Range,7,6,5,8,687.4239304505127
Phone_494,Oppo,6000,12,256,12,6.5,Premium,4,10,9,7,886.2583991137446
Phone_495,Samsung,5000,16,1024,12,6.7,Premium,6,10,10,9,967.1156149227776
Phone_496,Xiaomi,4500,16,64,108,6.1,Mid-Range,7,8,7,7,529.514521582895
Phone_497,Samsung,3000,8,256,64,6.1,Mid-Range,8,7,6,6,375.19507190595095
Phone_498,Samsung,4000,6,512,48,6.1,Mid-Range,8,7,5,4,646.1850958652412
Phone_499,Samsung,6000,6,128,64,6.8,Budget,9,3,4,3,298.4377629162846
Phone_500,OnePlus,3000,12,64,108,6.4,Mid-Range,6,5,6,5,622.7483413589384
Phone_501,Samsung,4000,16,1024,50,6.1,Premium,6,10,10,8,1371.8811526830686
Phone_502,Oppo,4500,12,64,64,6.5,Mid-Range,6,6,7,4,692.34996337029
Phone_503,Xiaomi,5000,12,128,48,6.4,Mid-Range,7,6,7,8,355.0465033573944
Phone_504,Xiaomi,6000,6,128,48,6.4,Budget,9,3,4,3,226.6085653007183
Phone_505,Samsung,4500,6,256,50,6.8,Mid-Range,6,6,5,6,408.1157327175821
Phone_506,OnePlus,4000,6,1024,48,6.7,Mid-Range,7,6,6,8,443.8489180299724
Phone_507,OnePlus,6000,4,256,108,6.4,Mid-Range,5,6,6,6,325.1970218383305
Phone_508,Oppo,3000,16,1024,64,6.4,Premium,6,8,10,10,726.3813013724032
Phone_509,Samsung,5000,12,64,48,6.1,Mid-Range,5,5,6,5,557.6468989483807
Phone_510,Xiaomi,4000,16,64,64,6.5,Mid-Range,5,5,5,7,610.8155867403216
Phone_511,OnePlus,5000,12,256,12,6.1,Premium,6,9,8,9,742.3489365337256
Phone_512,Samsung,6000,12,512,64,6.5,Premium,7,9,10,10,1305.6001195032923
Phone_513,OnePlus,4500,12,128,50,6.4,Mid-Range,7,5,8,4,462.97366926638256
Phone_514,OnePlus,5000,12,256,108,6.5,Premium,4,10,9,10,1274.3985005614636
Phone_515,Xiaomi,3000,8,256,48,6.1,Mid-Range,6,6,7,7,566.9641360558112
Phone_516,Apple,4000,8,64,108,6.1,Mid-Range,5,8,5,7,478.09693883628233
Phone_517,Oppo,3000,4,128,64,6.7,Budget,9,4,6,5,160.61855554602434
Phone_518,Oppo,5000,6,256,48,6.8,Mid-Range,5,8,8,6,320.8692806403888
Phone_519,Xiaomi,4500,12,64,108,6.7,Mid-Range,7,7,5,8,602.5606546011128
Phone_520,OnePlus,4500,16,64,50,6.4,Mid-Range,6,7,8,6,383.1771854635931
Phone_521,Samsung,3000,8,256,12,6.5,Mid-Range,6,7,5,5,498.1317587160714
Phone_522,OnePlus,6000,6,256,12,6.1,Mid-Range,6,5,5,5,640.5971702475692
Phone_523,Xiaomi,6000,4,64,50,6.1,Budget,9,3,6,2,221.9506097414295
Phone_524,Oppo,4500,6,256,12,6.1,Mid-Range,5,8,6,6,659.8738865778788
Phone_525,OnePlus,3000,12,128,50,6.1,Mid-Range,5,6,8,5,480.2733462130009
Phone_526,Oppo,3000,6,64,64,6.4,Budget,9,4,4,5,205.39001540351757
Phone_527,Samsung,3000,12,64,50,6.8,Mid-Range,5,5,8,8,589.0723829623994
Phone_528,Oppo,5000,8,256,12,6.7,Mid-Range,8,6,8,6,404.3254042881865
Phone_529,Oppo,6000,8,256,64,6.7,Mid-Range,7,7,6,4,660.263035243515
Phone_530,Apple,6000,12,256,50,6.1,Premium,5,7,8,8,1326.0261730122513
Phone_531,Apple,5000,16,128,50,6.1,Mid-Range,6,7,6,7,536.028448460918
Phone_532,Apple,4000,8,64,64,6.5,Mid-Range,7,8,6,5,671.603360046812
Phone_533,Oppo,5000,16,512,48,6.1,Premium,7,7,7,10,1107.7535571587343
Phone_534,Xiaomi,3000,12,128,12,6.7,Mid-Range,6,5,5,4,512.500426117356
Phone_535,Oppo,5000,12,128,48,6.5,Mid-Range,5,8,6,5,398.5751477477491
Phone_536,Xiaomi,3000,8,64,64,6.5,Mid-Range,8,7,7,5,376.9827004560432
Phone_537,Xiaomi,4500,16,512,64,6.1,Premium,4,9,7,8,1451.2068131739902
Phone_538,Apple,3000,12,64,108,6.5,Mid-Range,8,5,8,7,661.074853193349
Phone_539,OnePlus,6000,8,128,108,6.8,Mid-Range,7,6,6,7,470.2063470010942
Phone_540,Samsung,5000,12,256,64,6.1,Premium,5,7,9,6,950.3901446494016
Phone_541,Apple,3000,6,64,108,6.8,Budget,8,6,5,5,297.17904405932825
Phone_542,Apple,4000,6,64,50,6.1,Budget,9,3,4,2,116.12068442389696
Phone_543,OnePlus,4500,8,256,48,6.8,Mid-Range,8,5,6,5,589.3866290127132
Phone_544,Samsung,4000,12,512,64,6.1,Premium,4,9,8,7,1395.897789130113
Phone_545,Oppo,4000,8,512,50,6.7,Mid-Range,6,6,7,6,571.6662959298169
Phone_546,Oppo,4000,4,64,12,6.1,Budget,10,6,6,2,242.56348928267067
Phone_547,Apple,4500,8,256,12,6.7,Mid-Range,5,8,6,8,571.4109571218369
Phone_548,Samsung,4500,8,64,108,6.4,Mid-Range,7,6,6,5,662.3285944310933
Phone_549,Apple,4500,6,256,108,6.4,Mid-Range,5,6,6,4,340.36202933728384
Phone_550,Xiaomi,4500,6,128,50,6.1,Budget,8,3,5,4,293.8805266221859
Phone_551,Apple,4000,12,256,12,6.7,Premium,5,10,9,6,864.4497185007988
Phone_552,Apple,6000,8,64,64,6.7,Mid-Range,8,5,6,5,390.07857582535405
Phone_553,Oppo,6000,8,1024,48,6.5,Mid-Range,5,8,8,7,323.8227189870088
Phone_554,Oppo,4500,12,512,108,6.5,Premium,6,8,9,6,1090.1306918786659
Phone_555,Oppo,5000,16,64,50,6.8,Mid-Range,8,7,8,6,410.1197095694045
Phone_556,Xiaomi,3000,12,256,108,6.5,Premium,5,10,9,6,834.5625658248892
Phone_557,Oppo,5000,6,256,50,6.1,Mid-Range,7,5,5,7,407.5309670422369
Phone_558,Samsung,5000,6,512,12,6.5,Mid-Range,6,5,5,5,412.36115942480484
Phone_559,OnePlus,5000,8,64,108,6.5,Mid-Range,6,5,6,4,632.5702490491649
Phone_560,Samsung,6000,6,1024,50,6.1,Mid-Range,5,5,6,8,606.7760804147156
Phone_561,Samsung,3000,12,128,50,6.1,Mid-Range,8,5,6,8,424.3384671466606
Phone_562,Oppo,5000,8,1024,108,6.8,Mid-Range,5,5,8,5,437.9550236527699
Phone_563,OnePlus,4500,12,128,48,6.7,Mid-Range,8,6,7,4,687.869206033706
Phone_564,OnePlus,6000,12,128,64,6.5,Mid-Range,6,6,7,6,680.0622765105397
Phone_565,OnePlus,4500,8,64,12,6.4,Mid-Range,8,8,5,7,689.2396759175414
Phone_566,Xiaomi,4500,16,128,108,6.7,Mid-Range,8,7,5,8,675.6799449953104
Phone_567,Oppo,5000,6,256,108,6.1,Mid-Range,8,5,5,6,551.2348394805347
Phone_568,OnePlus,4500,4,128,48,6.5,Budget,10,3,6,5,155.1909684708516
Phone_569,Xiaomi,3000,4,128,12,6.8,Budget,7,4,3,3,260.945434304332
Phone_570,Apple,4500,4,512,108,6.4,Mid-Range,7,8,6,7,597.127307019719
Phone_571,Apple,5000,6,512,48,6.7,Mid-Range,7,7,6,7,584.4984571233824
Phone_572,Xiaomi,4500,16,64,64,6.5,Mid-Range,7,7,6,6,619.0477050557337
Phone_573,Xiaomi,6000,12,64,50,6.1,Mid-Range,5,8,6,8,539.3872408885168
Phone_574,Oppo,6000,8,256,64,6.7,Mid-Range,6,5,7,4,533.3039278872766
Phone_575,Oppo,6000,16,512,64,6.4,Premium,4,7,10,8,797.9091078013325
Phone_576,Apple,4000,4,1024,64,6.1,Mid-Range,7,8,8,7,360.2950419191449
Phone_577,OnePlus,6000,6,64,64,6.4,Budget,7,6,6,2,120.98573871222146
Phone_578,Apple,6000,6,64,50,6.5,Budget,8,6,6,2,158.23043844539671
Phone_579,OnePlus,4000,8,512,12,6.7,Mid-Range,5,5,6,7,651.124057797593
Phone_580,OnePlus,6000,12,512,12,6.8,Premium,7,7,7,10,1139.287076936956
Phone_581,Oppo,5000,16,256,48,6.5,Premium,5,8,10,8,1317.0582029683303
Phone_582,Samsung,6000,16,512,48,6.5,Premium,6,10,7,9,1449.6314983146654
Phone_583,Samsung,6000,16,128,108,6.8,Mid-Range,5,6,8,5,677.8709151550288
Phone_584,Xiaomi,4000,12,1024,64,6.8,Premium,7,9,7,8,1262.586177927395
Phone_585,Oppo,5000,12,128,64,6.1,Mid-Range,8,8,7,6,510.13299740647517
Phone_586,OnePlus,4500,12,128,50,6.4,Mid-Range,5,6,6,7,428.63661782764217
Phone_587,Samsung,3000,8,128,64,6.5,Mid-Range,7,8,7,8,417.76522388932233
Phone_588,OnePlus,5000,6,64,50,6.1,Budget,10,5,3,4,174.8590293388328
Phone_589,Samsung,4500,4,128,108,6.1,Budget,10,5,4,5,235.86793428574765
Phone_590,Samsung,5000,12,64,48,6.5,Mid-Range,6,5,7,7,457.01951466277865
Phone_591,Samsung,4500,6,512,48,6.4,Mid-Range,5,6,6,8,679.6212277877901
Phone_592,Oppo,4500,12,1024,108,6.8,Premium,6,7,9,6,1051.5383432061517
Phone_593,Apple,5000,4,1024,108,6.5,Mid-Range,8,7,8,7,477.1564061450489
Phone_594,OnePlus,4000,12,128,64,6.4,Mid-Range,7,8,6,6,550.9191169598054
Phone_595,Oppo,5000,6,1024,48,6.8,Mid-Range,7,5,8,5,326.40047110495584
Phone_596,Oppo,5000,8,64,12,6.7,Mid-Range,7,8,7,7,535.6552778668873
Phone_597,Oppo,4500,4,512,108,6.5,Mid-Range,8,7,6,6,566.4598933478876
Phone_598,Oppo,3000,6,128,48,6.5,Budget,9,6,3,3,122.3114067931836
Phone_599,Oppo,4500,16,256,48,6.4,Premium,4,10,7,8,736.9375036727683
Phone_600,Xiaomi,6000,16,1024,50,6.1,Premium,5,9,9,8,1176.5337129267527
Phone_601,OnePlus,5000,16,1024,48,6.1,Premium,6,8,10,9,1118.150259961374
Phone_602,Oppo,5000,8,128,108,6.4,Mid-Range,6,7,5,4,589.4310357032905
Phone_603,OnePlus,4000,12,1024,64,6.5,Premium,4,9,8,8,1256.6732539829097
Phone_604,Xiaomi,4500,12,1024,48,6.5,Premium,5,7,10,8,1470.051823147102
Phone_605,Xiaomi,4000,12,256,12,6.5,Premium,4,7,8,10,1066.756328599269
Phone_606,OnePlus,5000,8,64,108,6.7,Mid-Range,6,8,6,7,595.3404842529281
Phone_607,Samsung,4500,16,128,64,6.1,Mid-Range,6,6,8,8,328.39826153472274
Phone_608,Apple,4500,12,128,64,6.7,Mid-Range,7,5,7,4,636.3301924972639
Phone_609,Samsung,6000,8,256,108,6.5,Mid-Range,8,7,7,5,532.8814116457761
Phone_610,Samsung,6000,8,256,64,6.1,Mid-Range,6,7,6,7,590.7883550037485
Phone_611,Samsung,3000,6,64,12,6.5,Budget,9,3,6,3,185.18998387753913
Phone_612,Oppo,6000,12,512,48,6.5,Premium,7,9,9,10,863.4966927140117
Phone_613,Xiaomi,4500,16,128,108,6.4,Mid-Range,5,5,6,6,621.8302825169666
Phone_614,Samsung,6000,4,1024,48,6.1,Mid-Range,7,5,8,7,340.8834096875014
Phone_615,Xiaomi,3000,8,64,48,6.5,Mid-Range,6,8,6,7,366.34160629139456
Phone_616,OnePlus,5000,6,128,64,6.8,Budget,10,6,5,2,133.81166322199329
Phone_617,Apple,6000,4,64,108,6.8,Budget,9,3,6,2,147.82178987390515
Phone_618,OnePlus,4500,8,512,48,6.5,Mid-Range,7,5,5,8,381.4621786192962
Phone_619,OnePlus,5000,6,128,50,6.4,Budget,10,3,6,5,206.98186651494473
Phone_620,Oppo,4500,12,1024,12,6.5,Premium,5,7,10,10,1158.34192898472
Phone_621,Apple,5000,6,128,64,6.8,Budget,7,5,4,2,159.40273717549186
Phone_622,OnePlus,4500,8,64,108,6.1,Mid-Range,5,8,8,6,464.4279363629896
Phone_623,OnePlus,6000,12,512,108,6.4,Premium,5,8,8,10,1001.9218654999902
Phone_624,Apple,6000,16,64,64,6.5,Mid-Range,6,7,7,8,618.3860466899418
Phone_625,Apple,3000,6,64,48,6.8,Budget,7,3,6,2,250.62207018212598
Phone_626,OnePlus,5000,4,256,64,6.1,Mid-Range,7,5,8,4,566.5660043477443
Phone_627,Apple,3000,12,64,108,6.8,Mid-Range,8,8,8,4,451.378565112072
Phone_628,OnePlus,4000,12,512,50,6.4,Premium,4,9,8,10,1024.9832680167167
Phone_629,OnePlus,6000,16,1024,48,6.7,Premium,6,8,9,8,772.9901382063506
Phone_630,Oppo,5000,6,256,64,6.5,Mid-Range,5,6,8,6,375.61849839189307
Phone_631,Samsung,3000,4,64,108,6.1,Budget,7,3,4,4,140.4958879708111
Phone_632,OnePlus,3000,16,128,108,6.4,Mid-Range,5,8,7,8,537.7614993977422
Phone_633,Xiaomi,4000,6,256,108,6.4,Mid-Range,5,8,5,5,517.630461600721
Phone_634,Samsung,3000,4,512,50,6.7,Mid-Range,7,6,6,7,400.7083475246842
Phone_635,Samsung,4500,4,128,48,6.7,Budget,8,4,4,2,271.89092594071315
Phone_636,Samsung,6000,8,512,64,6.5,Mid-Range,8,5,5,8,643.2766076290211
Phone_637,Oppo,3000,4,128,48,6.5,Budget,7,3,4,4,293.25319134653046
Phone_638,OnePlus,3000,6,1024,108,6.4,Mid-Range,7,5,6,7,404.94520292484935
Phone_639,Oppo,4000,16,512,50,6.5,Premium,6,7,8,8,783.471335674043
Phone_640,OnePlus,4500,16,128,50,6.5,Mid-Range,6,7,5,4,448.26721524283846
Phone_641,Oppo,3000,8,512,108,6.7,Mid-Range,6,6,8,7,574.4409746647518
Phone_642,Oppo,6000,6,256,48,6.4,Mid-Range,5,6,8,7,512.9042131931078
Phone_643,Xiaomi,6000,4,512,48,6.8,Mid-Range,7,7,8,6,516.2518222439235
Phone_644,Oppo,3000,8,512,50,6.8,Mid-Range,8,7,6,6,592.5150703379071
Phone_645,Apple,4500,12,128,12,6.1,Mid-Range,6,5,7,7,624.8642600733629
Phone_646,Xiaomi,6000,6,512,50,6.7,Mid-Range,5,7,8,7,363.94979892033183
Phone_647,Oppo,6000,8,1024,50,6.1,Mid-Range,7,7,6,8,343.2122046128444
Phone_648,Samsung,4500,16,64,64,6.4,Mid-Range,7,5,6,6,420.487530461653
Phone_649,Apple,4500,8,256,50,6.8,Mid-Range,8,5,7,5,631.0213187304837
Phone_650,Apple,3000,12,128,12,6.8,Mid-Range,8,5,7,7,516.6974267644903
Phone_651,Apple,5000,6,512,50,6.8,Mid-Range,7,8,7,8,357.1302917599784
Phone_652,Xiaomi,4000,8,512,48,6.1,Mid-Range,6,6,8,8,365.4951089733238
Phone_653,Oppo,5000,4,512,64,6.5,Mid-Range,7,5,5,4,659.3076216020805
Phone_654,Oppo,5000,6,256,64,6.1,Mid-Range,8,7,6,5,446.78749459884597
Phone_655,Samsung,6000,8,64,50,6.8,Mid-Range,7,5,6,4,402.1117118572336
Phone_656,Samsung,4500,8,1024,64,6.7,Mid-Range,8,7,6,6,577.4961051599699
Phone_657,Apple,6000,6,1024,64,6.7,Mid-Range,8,8,5,7,644.3137563947937
Phone_658,Samsung,4000,16,128,50,6.1,Mid-Range,7,7,8,6,476.9639989333882
Phone_659,Xiaomi,3000,4,64,12,6.1,Budget,9,5,3,2,221.78360452260705
Phone_660,Oppo,4000,6,64,50,6.4,Budget,8,5,3,5,281.2542156279851
Phone_661,Apple,6000,4,256,48,6.1,Mid-Range,7,7,6,7,576.56956616256
Phone_662,Samsung,6000,4,512,108,6.1,Mid-Range,8,7,5,5,529.9271236811089
Phone_663,Xiaomi,6000,6,64,12,6.8,Budget,8,5,4,2,285.71795741375956
Phone_664,Xiaomi,6000,8,512,50,6.5,Mid-Range,8,5,6,7,430.0205618849475
Phone_665,Samsung,5000,16,256,12,6.8,Premium,5,8,9,7,1497.6363759510027
Phone_666,Oppo,3000,4,128,108,6.5,Budget,8,5,6,3,251.02437117916477
Phone_667,Samsung,5000,4,128,64,6.8,Budget,8,3,3,2,285.69903876107935
Phone_668,Apple,6000,8,512,64,6.8,Mid-Range,7,5,5,5,543.0161995239705
Phone_669,Samsung,4500,6,512,108,6.4,Mid-Range,7,8,6,6,484.0552787224236
Phone_670,Xiaomi,5000,16,64,64,6.5,Mid-Range,6,6,6,5,319.7816412925289
Phone_671,Samsung,6000,4,256,12,6.8,Mid-Range,8,5,5,4,635.8793812212168
Phone_672,Oppo,6000,4,128,64,6.8,Budget,7,3,4,3,234.12973453359186
Phone_673,OnePlus,3000,6,64,108,6.5,Budget,10,5,6,4,155.28869323036704
Phone_674,Samsung,4000,8,1024,108,6.4,Mid-Range,7,8,6,8,388.90500995682646
Phone_675,Oppo,5000,12,64,108,6.5,Mid-Range,8,6,6,6,558.862190148232
Phone_676,Oppo,5000,8,512,48,6.4,Mid-Range,7,8,7,5,348.6801855829617
Phone_677,Xiaomi,5000,4,1024,12,6.4,Mid-Range,7,5,6,4,316.3387605877772
Phone_678,Oppo,6000,4,64,108,6.7,Budget,8,6,4,4,136.5351371952113
Phone_679,Oppo,3000,16,256,12,6.4,Premium,4,8,10,10,1227.6881008287519
Phone_680,Oppo,6000,8,128,48,6.7,Mid-Range,6,8,6,4,625.6812928311515
Phone_681,Oppo,6000,12,1024,12,6.1,Premium,5,7,7,6,744.3885128605378
Phone_682,Apple,4500,16,256,50,6.4,Premium,5,8,8,10,949.1225588983675
Phone_683,Apple,3000,12,64,48,6.5,Mid-Range,7,5,6,8,520.8305693168941
Phone_684,Xiaomi,5000,16,512,48,6.7,Premium,6,10,9,9,776.1208916486087
Phone_685,Samsung,4000,8,512,64,6.1,Mid-Range,7,7,5,8,359.91576181239935
Phone_686,Oppo,5000,4,256,108,6.1,Mid-Range,8,6,5,5,483.1902390196573
Phone_687,Samsung,6000,12,512,48,6.4,Premium,6,7,8,10,1229.3143640812568
Phone_688,Samsung,3000,8,128,12,6.5,Mid-Range,6,7,8,8,464.6770353017562
Phone_689,Xiaomi,3000,12,256,50,6.4,Premium,7,7,7,8,1301.409809882432
Phone_690,Oppo,3000,8,256,12,6.8,Mid-Range,7,6,5,5,639.7647287741561
Phone_691,Oppo,4500,16,512,12,6.1,Premium,5,9,7,10,1364.2845979422882
Phone_692,OnePlus,5000,8,256,50,6.8,Mid-Range,8,8,6,6,414.4495636353372
Phone_693,Samsung,4500,16,64,64,6.8,Mid-Range,5,6,7,6,435.6167806636928
Phone_694,Samsung,4000,4,1024,108,6.7,Mid-Range,8,7,7,5,403.7211264283411
Phone_695,Apple,6000,16,1024,48,6.8,Premium,5,8,10,7,1302.4146825436928
Phone_696,OnePlus,4500,6,512,108,6.1,Mid-Range,6,6,5,5,457.1305981102188
Phone_697,Apple,4500,4,128,64,6.1,Budget,8,3,3,3,163.0234851127265
Phone_698,Apple,6000,8,128,50,6.5,Mid-Range,6,6,8,4,445.72651621812065
Phone_699,Apple,3000,8,512,108,6.4,Mid-Range,8,7,7,6,367.9143287563046
Phone_700,Xiaomi,6000,6,512,12,6.5,Mid-Range,7,8,7,5,671.9417002266366
Phone_701,Xiaomi,5000,8,256,48,6.5,Mid-Range,7,6,8,8,613.0841442845725
Phone_702,Apple,6000,4,128,48,6.4,Budget,7,5,3,3,270.95641047274614
Phone_703,OnePlus,3000,4,1024,64,6.1,Mid-Range,7,7,6,5,643.3754403605294
Phone_704,Samsung,6000,16,512,64,6.7,Premium,7,8,10,6,1228.8189339873657
Phone_705,OnePlus,4500,12,1024,50,6.8,Premium,4,10,7,6,1157.1672429893576
Phone_706,Oppo,4000,8,1024,64,6.7,Mid-Range,7,8,6,4,661.8076549017005
Phone_707,Xiaomi,4500,6,128,108,6.8,Budget,9,5,3,3,132.2691849630296
Phone_708,Samsung,4000,4,1024,48,6.4,Mid-Range,6,8,8,6,504.339589095449
Phone_709,Samsung,6000,4,256,50,6.4,Mid-Range,6,8,7,5,618.116937277727
Phone_710,Oppo,5000,4,256,64,6.5,Mid-Range,5,8,8,4,510.40794166167217
Phone_711,Oppo,6000,12,128,12,6.4,Mid-Range,5,7,8,4,556.7358143891579
Phone_712,Apple,3000,12,256,48,6.8,Premium,6,10,10,6,1228.0600071796234
Phone_713,Xiaomi,6000,8,512,50,6.7,Mid-Range,5,5,6,4,418.1376598937172
Phone_714,Xiaomi,4000,6,128,48,6.7,Budget,9,3,5,5,117.08640086218047
Phone_715,OnePlus,4500,12,1024,108,6.7,Premium,7,10,7,10,1338.4625208625998
Phone_716,Apple,5000,16,512,64,6.7,Premium,6,9,8,9,1459.308663876041
Phone_717,Apple,6000,12,128,64,6.5,Mid-Range,7,5,7,5,447.3091827985936
Phone_718,Apple,6000,4,1024,64,6.7,Mid-Range,5,5,5,6,607.6155823828573
Phone_719,Apple,4500,6,1024,12,6.8,Mid-Range,8,8,8,7,671.8058834193569
Phone_720,Xiaomi,5000,8,1024,108,6.5,Mid-Range,8,5,5,8,553.4938346081694
Phone_721,Xiaomi,6000,12,1024,12,6.5,Premium,6,9,8,6,1217.7412085956362
Phone_722,Apple,6000,4,1024,108,6.5,Mid-Range,7,8,8,5,600.143788511795
Phone_723,OnePlus,4000,16,128,108,6.4,Mid-Range,7,5,8,6,699.1236767361283
Phone_724,Samsung,4000,16,256,108,6.5,Premium,5,10,7,6,945.3554779607643
Phone_725,Samsung,3000,8,1024,64,6.8,Mid-Range,7,8,6,8,560.6331200201167
Phone_726,OnePlus,4500,8,512,64,6.7,Mid-Range,8,6,7,4,522.4432340551366
Phone_727,Apple,5000,12,128,64,6.4,Mid-Range,5,7,6,6,544.0986312091612
Phone_728,Xiaomi,6000,8,64,12,6.7,Mid-Range,8,8,6,7,309.12788337416157
Phone_729,Samsung,6000,4,256,50,6.1,Mid-Range,8,5,8,6,682.26954407232
Phone_730,Oppo,3000,4,512,108,6.4,Mid-Range,6,5,6,6,334.15963983228914
Phone_731,Oppo,6000,4,1024,12,6.8,Mid-Range,7,6,7,8,422.98946852662084
Phone_732,OnePlus,4500,12,128,64,6.4,Mid-Range,6,8,6,7,419.3190871197773
Phone_733,Apple,3000,12,128,64,6.5,Mid-Range,8,6,7,7,593.245400106804
Phone_734,Samsung,4500,8,1024,50,6.4,Mid-Range,8,6,8,5,568.3748086639296
Phone_735,Apple,3000,12,512,64,6.5,Premium,7,10,8,7,1168.3447968408407
Phone_736,Samsung,6000,4,128,108,6.7,Budget,7,5,3,3,270.3436107604623
Phone_737,OnePlus,3000,6,256,48,6.4,Mid-Range,8,7,6,8,427.5139120846024
Phone_738,OnePlus,4000,4,512,64,6.4,Mid-Range,8,8,6,7,581.6415889549583
Phone_739,Oppo,5000,6,1024,50,6.8,Mid-Range,5,8,5,6,671.6940701258451
Phone_740,Apple,6000,8,512,48,6.1,Mid-Range,6,6,8,4,426.18970112991366
Phone_741,Oppo,5000,16,512,108,6.4,Premium,6,9,7,10,700.0807327604667
Phone_742,Apple,6000,12,64,108,6.7,Mid-Range,5,5,6,4,449.0441942033792
Phone_743,Oppo,5000,12,1024,108,6.5,Premium,6,7,7,9,1325.1360825174775
Phone_744,Xiaomi,4000,4,256,50,6.7,Mid-Range,8,7,6,7,551.189814849522
Phone_745,Xiaomi,5000,4,1024,48,6.8,Mid-Range,7,8,8,5,507.3179416856641
Phone_746,Xiaomi,3000,6,64,108,6.4,Budget,8,6,6,3,255.18830277469863
Phone_747,Xiaomi,5000,12,1024,64,6.1,Premium,5,9,10,7,1218.3929929447456
Phone_748,Samsung,6000,8,1024,48,6.1,Mid-Range,8,7,5,6,620.7670439424451
Phone_749,Xiaomi,4500,4,256,108,6.4,Mid-Range,5,8,7,4,699.3622287248554
Phone_750,OnePlus,5000,12,64,48,6.1,Mid-Range,7,7,7,4,465.07715078083714
Phone_751,OnePlus,5000,16,1024,64,6.7,Premium,5,9,7,9,1231.7699702029572
Phone_752,Samsung,5000,6,1024,12,6.5,Mid-Range,8,6,5,8,560.5482381379296
Phone_753,Xiaomi,6000,4,128,108,6.4,Budget,10,3,5,4,189.85954040080986
Phone_754,Xiaomi,5000,4,1024,64,6.5,Mid-Range,8,6,8,7,674.7137173089735
Phone_755,Xiaomi,6000,8,256,50,6.1,Mid-Range,5,8,7,4,304.1455868786584
Phone_756,Oppo,6000,4,128,108,6.8,Budget,8,5,4,4,114.1837457359726
Phone_757,Apple,4500,12,64,12,6.5,Mid-Range,7,5,7,5,506.6952293014889
Phone_758,Oppo,3000,12,512,64,6.8,Premium,6,10,8,9,1394.6559589346734
Phone_759,Apple,6000,12,256,64,6.7,Premium,6,10,8,10,1279.9970071521643
Phone_760,Xiaomi,4000,16,64,48,6.8,Mid-Range,8,6,6,8,625.6495448051705
Phone_761,Xiaomi,5000,16,128,108,6.5,Mid-Range,6,6,7,4,445.4961466895971
Phone_762,Oppo,4000,4,512,12,6.5,Mid-Range,6,7,7,6,541.8227745434003
Phone_763,Oppo,5000,16,64,50,6.4,Mid-Range,5,5,7,4,504.6666868193562
Phone_764,Apple,4500,16,256,48,6.8,Premium,7,10,9,7,1286.4599239561708
Phone_765,OnePlus,6000,8,128,108,6.7,Mid-Range,8,7,8,5,615.1129756755847
Phone_766,Apple,3000,16,256,12,6.4,Premium,7,9,8,7,797.3973837229476
Phone_767,Oppo,6000,6,256,48,6.4,Mid-Range,8,5,8,8,614.9261988681806
Phone_768,Oppo,5000,6,128,12,6.7,Budget,9,4,5,4,141.4361573472926
Phone_769,Samsung,3000,6,1024,12,6.4,Mid-Range,7,8,8,6,312.0341064820596
Phone_770,Oppo,6000,4,256,48,6.7,Mid-Range,8,6,6,4,606.9709466346549
Phone_771,Samsung,3000,12,128,48,6.1,Mid-Range,8,8,7,4,659.7097212206354
Phone_772,OnePlus,5000,8,256,108,6.4,Mid-Range,6,6,7,6,347.9149024286637
Phone_773,Apple,4500,4,1024,48,6.5,Mid-Range,5,6,5,5,534.0939555010251
Phone_774,Apple,4500,12,128,108,6.1,Mid-Range,5,6,6,8,328.70302186599366
Phone_775,Samsung,6000,8,64,12,6.4,Mid-Range,6,5,7,7,631.9550171830541
Phone_776,Apple,4000,8,64,48,6.7,Mid-Range,8,8,6,8,695.1835873407811
Phone_777,Oppo,5000,8,64,108,6.1,Mid-Range,8,6,6,8,497.99698739461456
Phone_778,Xiaomi,6000,6,512,108,6.1,Mid-Range,7,5,6,7,425.3590942767789
Phone_779,Samsung,6000,6,256,50,6.5,Mid-Range,6,5,5,5,638.299712703503
Phone_780,Apple,4500,6,256,108,6.4,Mid-Range,5,5,5,6,508.3116481259224
Phone_781,Samsung,3000,8,128,108,6.4,Mid-Range,7,8,8,4,479.61028420107573
Phone_782,Samsung,5000,8,512,50,6.7,Mid-Range,6,6,8,5,391.12303467111735
Phone_783,Xiaomi,3000,6,256,64,6.1,Mid-Range,6,5,5,4,546.4071241064502
Phone_784,Oppo,5000,8,128,48,6.5,Mid-Range,6,6,7,5,542.5270292400904
Phone_785,Samsung,4000,6,1024,50,6.7,Mid-Range,7,8,6,4,405.13376433844957
Phone_786,Apple,4500,6,256,108,6.7,Mid-Range,7,8,5,5,384.5640405308052
Phone_787,OnePlus,4000,6,256,108,6.5,Mid-Range,7,6,8,4,475.4263802195569
Phone_788,Samsung,6000,12,1024,48,6.4,Premium,7,9,7,10,1196.896158246826
Phone_789,Samsung,4500,8,1024,12,6.5,Mid-Range,7,5,8,6,351.3644749264498
Phone_790,Xiaomi,6000,4,256,50,6.4,Mid-Range,8,8,7,6,410.42346211596305
Phone_791,Oppo,4000,6,1024,64,6.8,Mid-Range,7,7,8,5,364.1408496455109
Phone_792,OnePlus,5000,4,128,48,6.1,Budget,9,3,3,2,222.18852502686127
Phone_793,Apple,6000,12,256,48,6.5,Premium,7,9,10,6,1369.239253238275
Phone_794,OnePlus,3000,8,256,50,6.7,Mid-Range,6,5,7,4,651.5035155263639
Phone_795,Apple,5000,6,64,108,6.4,Budget,10,3,5,3,186.75064970813418
Phone_796,Oppo,5000,6,256,108,6.1,Mid-Range,8,8,7,6,566.1285564397219
Phone_797,Apple,4000,6,64,64,6.1,Budget,8,4,5,3,114.37633070240938
Phone_798,Xiaomi,4000,4,1024,50,6.5,Mid-Range,5,8,6,7,446.15464076296394
Phone_799,Xiaomi,4500,12,1024,48,6.7,Premium,4,8,9,10,1248.4683235592242
Phone_800,Xiaomi,4500,8,128,50,6.5,Mid-Range,5,6,5,7,568.6787519899214
Phone_801,Xiaomi,3000,12,64,12,6.7,Mid-Range,7,6,5,6,695.3387835110648
Phone_802,OnePlus,5000,6,256,48,6.8,Mid-Range,6,6,6,5,318.41932072725365
Phone_803,Oppo,3000,12,64,64,6.5,Mid-Range,5,6,5,7,482.1744186121874
Phone_804,Apple,3000,4,1024,64,6.4,Mid-Range,8,7,8,5,695.8220169033596
Phone_805,Apple,4000,16,1024,48,6.5,Premium,7,8,8,7,953.7720223362866
Phone_806,Xiaomi,3000,16,128,108,6.5,Mid-Range,5,6,8,5,686.2655959670317
Phone_807,Xiaomi,3000,8,1024,48,6.8,Mid-Range,6,5,6,6,626.6875961880687
Phone_808,Samsung,6000,8,64,48,6.8,Mid-Range,6,8,7,6,435.7293030673259
Phone_809,Oppo,4500,12,256,12,6.5,Premium,7,10,8,7,998.9370902243527
Phone_810,OnePlus,4500,8,256,48,6.7,Mid-Range,7,8,5,8,412.13778760217616
Phone_811,Apple,5000,4,64,50,6.8,Budget,8,6,4,4,149.005512594678
Phone_812,Samsung,4500,6,128,50,6.8,Budget,9,3,6,5,137.18258724985265
Phone_813,Samsung,5000,6,256,64,6.7,Mid-Range,7,8,5,7,675.8089453012238
Phone_814,Apple,6000,12,64,108,6.1,Mid-Range,8,5,5,8,505.0469574446047
Phone_815,OnePlus,4500,6,64,64,6.8,Budget,9,5,4,3,229.83624386370815
Phone_816,Samsung,6000,12,1024,12,6.8,Premium,7,9,9,8,716.4096020506822
Phone_817,Samsung,4500,8,1024,48,6.7,Mid-Range,5,7,6,7,548.5744958528641
Phone_818,Oppo,4500,8,128,64,6.7,Mid-Range,8,6,7,8,482.14950572498674
Phone_819,OnePlus,6000,4,128,48,6.5,Budget,9,5,4,5,189.73558674571396
Phone_820,Samsung,3000,6,128,64,6.5,Budget,10,6,4,2,128.2382563912585
Phone_821,OnePlus,3000,4,64,48,6.1,Budget,7,6,6,2,262.5841489899483
Phone_822,Apple,3000,16,64,64,6.1,Mid-Range,6,5,7,6,613.2057296187077
Phone_823,Xiaomi,3000,4,1024,50,6.1,Mid-Range,6,8,7,4,358.0261208560345
Phone_824,Samsung,4500,12,256,12,6.4,Premium,6,7,7,6,916.3811185381699
Phone_825,Oppo,4000,12,128,64,6.7,Mid-Range,7,6,5,6,309.7403928852285
Phone_826,Apple,6000,4,512,50,6.8,Mid-Range,8,6,7,5,447.60400013194806
Phone_827,OnePlus,4000,8,128,108,6.7,Mid-Range,7,5,8,6,321.8474922466412
Phone_828,Apple,4000,16,1024,64,6.7,Premium,5,10,10,10,996.3291423829917
Phone_829,Samsung,5000,4,64,48,6.1,Budget,7,5,3,5,234.72344811146237
Phone_830,OnePlus,3000,8,1024,12,6.7,Mid-Range,6,8,8,8,499.29530754213556
Phone_831,Xiaomi,4500,4,1024,50,6.4,Mid-Range,6,8,6,8,363.32096049628495
Phone_832,Apple,3000,6,1024,50,6.8,Mid-Range,5,7,8,7,519.6760763253324
Phone_833,Samsung,3000,12,512,12,6.1,Premium,5,8,9,8,1289.4703813062818
Phone_834,Oppo,4000,6,512,64,6.5,Mid-Range,6,6,7,8,554.8928777890295
Phone_835,OnePlus,5000,6,128,48,6.8,Budget,9,4,6,3,190.4558456929936
Phone_836,Apple,3000,16,64,108,6.5,Mid-Range,5,6,6,6,615.2184108984584
Phone_837,Apple,6000,8,1024,64,6.5,Mid-Range,5,7,8,7,302.2268580737181
Phone_838,Xiaomi,6000,12,256,12,6.7,Premium,4,10,10,7,1396.3247149341546
Phone_839,Xiaomi,3000,6,128,64,6.8,Budget,9,5,5,2,269.2304887483131
Phone_840,Oppo,4000,12,128,64,6.4,Mid-Range,6,6,5,6,613.047627631789
Phone_841,Oppo,4000,8,1024,12,6.7,Mid-Range,6,6,7,7,336.106889153211
Phone_842,Samsung,4500,4,128,12,6.5,Budget,7,4,5,5,252.27358107012572
Phone_843,Samsung,5000,6,1024,108,6.8,Mid-Range,7,7,8,4,475.9456801761329
Phone_844,Oppo,4000,8,128,12,6.7,Mid-Range,6,5,5,6,673.833585842026
Phone_845,Oppo,4500,12,64,12,6.8,Mid-Range,7,5,6,6,534.4748258385312
Phone_846,OnePlus,6000,8,128,12,6.1,Mid-Range,8,6,6,6,330.89024657842833
Phone_847,Xiaomi,6000,4,128,50,6.4,Budget,8,3,3,2,261.95781081668565
Phone_848,Samsung,6000,8,256,12,6.4,Mid-Range,7,5,6,7,415.75485459415347
Phone_849,Xiaomi,3000,12,64,12,6.4,Mid-Range,6,5,6,8,435.4805686424764
Phone_850,Xiaomi,5000,6,64,12,6.5,Budget,7,3,6,3,165.1922615575439
Phone_851,Oppo,4500,6,64,108,6.5,Budget,9,5,5,2,150.2599693360331
Phone_852,OnePlus,5000,16,128,64,6.4,Mid-Range,5,7,6,5,567.7939199909351
Phone_853,Apple,3000,12,512,12,6.8,Premium,6,8,9,9,1388.0235423490171
Phone_854,OnePlus,4500,16,128,12,6.1,Mid-Range,8,5,5,4,578.1547545919909
Phone_855,OnePlus,4500,16,1024,108,6.5,Premium,4,9,10,10,892.5768563524256
Phone_856,Xiaomi,4000,4,256,64,6.7,Mid-Range,6,6,5,8,647.686821711937
Phone_857,OnePlus,5000,12,64,108,6.7,Mid-Range,5,7,6,7,432.94844131484126
Phone_858,Samsung,5000,6,1024,48,6.5,Mid-Range,7,8,7,5,385.8376041422483
Phone_859,Xiaomi,4000,12,1024,48,6.4,Premium,5,10,8,6,753.8341736891872
Phone_860,Samsung,6000,4,512,48,6.8,Mid-Range,7,6,5,7,366.282518480465
Phone_861,Apple,3000,12,64,12,6.1,Mid-Range,6,6,7,6,359.75666123629185
Phone_862,Xiaomi,5000,12,128,108,6.7,Mid-Range,8,6,5,7,664.998792040461
Phone_863,Apple,4000,16,64,12,6.5,Mid-Range,6,8,6,5,372.20677201892966
Phone_864,Xiaomi,4500,12,256,48,6.8,Premium,4,9,7,9,991.9833815014431
Phone_865,Oppo,4000,16,64,64,6.4,Mid-Range,5,6,6,8,460.10092880004925
Phone_866,OnePlus,6000,16,1024,64,6.1,Premium,7,9,9,7,1146.4681584855407
Phone_867,Oppo,3000,8,1024,108,6.1,Mid-Range,7,7,8,6,352.22724612973116
Phone_868,Apple,6000,4,128,64,6.7,Budget,7,6,3,3,271.0874172246111
Phone_869,OnePlus,4500,16,128,48,6.7,Mid-Range,8,7,8,8,667.7535479492083
Phone_870,Xiaomi,4500,12,128,108,6.5,Mid-Range,6,8,5,8,312.17355905065017
Phone_871,OnePlus,4500,16,256,108,6.1,Premium,7,8,9,7,1375.000522318987
Phone_872,Samsung,4500,16,64,48,6.4,Mid-Range,7,6,8,7,629.6908051886123
Phone_873,OnePlus,4000,16,512,48,6.4,Premium,7,7,8,10,731.5477298471362
Phone_874,Samsung,4500,6,64,48,6.5,Budget,10,3,6,2,237.10292846887754
Phone_875,OnePlus,4500,6,128,48,6.1,Budget,8,6,6,3,171.70364755523073
Phone_876,Samsung,4000,6,256,108,6.7,Mid-Range,6,6,5,6,618.0696954244278
Phone_877,Apple,4500,6,64,64,6.4,Budget,9,6,3,2,111.02563769458729
Phone_878,Oppo,6000,8,1024,48,6.8,Mid-Range,7,7,7,6,351.2254723370945
Phone_879,Xiaomi,6000,16,64,50,6.5,Mid-Range,7,6,8,7,679.1850232409063
Phone_880,OnePlus,5000,8,1024,108,6.4,Mid-Range,7,8,8,5,536.2493034772236
Phone_881,Oppo,6000,12,64,12,6.8,Mid-Range,6,5,5,6,619.2631250947007
Phone_882,Xiaomi,3000,4,64,64,6.8,Budget,7,5,3,5,134.8165991378416
Phone_883,Xiaomi,3000,8,64,108,6.4,Mid-Range,8,5,8,7,507.6291837785012
Phone_884,Samsung,3000,6,128,48,6.5,Budget,7,6,5,2,271.39618851066166
Phone_885,Apple,4000,6,1024,50,6.8,Mid-Range,7,8,8,7,395.1190661212903
Phone_886,Apple,6000,12,256,12,6.8,Premium,5,9,7,9,1218.339399459937
Phone_887,Oppo,3000,16,512,64,6.1,Premium,5,8,9,9,1495.2666771381216
Phone_888,Apple,5000,4,1024,48,6.1,Mid-Range,8,8,6,6,361.0010906242513
Phone_889,OnePlus,4000,8,128,108,6.1,Mid-Range,7,5,5,7,692.4322774107031
Phone_890,Apple,5000,16,1024,108,6.8,Premium,6,8,8,6,803.464536606213
Phone_891,Oppo,6000,16,256,64,6.8,Premium,6,9,7,7,995.38503373161
Phone_892,Apple,4500,8,1024,50,6.5,Mid-Range,6,7,5,8,437.5959728766444
Phone_893,OnePlus,5000,8,128,48,6.7,Mid-Range,6,7,5,6,503.72670826220076
Phone_894,Samsung,4500,8,128,64,6.1,Mid-Range,8,6,6,7,459.4915928430661
Phone_895,Oppo,4000,8,512,64,6.7,Mid-Range,5,6,5,5,580.007474597681
Phone_896,Samsung,5000,6,256,108,6.1,Mid-Range,8,8,5,5,501.4073749289415
Phone_897,Samsung,5000,16,512,64,6.1,Premium,5,9,9,10,796.3801491439931
Phone_898,Samsung,4000,16,64,12,6.5,Mid-Range,8,6,7,8,571.0558361371013
Phone_899,Xiaomi,4000,6,128,12,6.5,Budget,8,4,6,5,222.66611635404746
Phone_900,Xiaomi,3000,16,512,48,6.4,Premium,6,7,10,6,740.1107483113122
Phone_901,Samsung,6000,8,128,64,6.1,Mid-Range,5,6,8,6,371.2495536887511
Phone_902,Oppo,5000,4,128,108,6.1,Budget,8,6,6,4,124.30172027523436
Phone_903,OnePlus,5000,16,64,48,6.1,Mid-Range,7,5,6,8,396.1685590349457
Phone_904,OnePlus,4000,4,128,50,6.5,Budget,9,6,6,4,286.73794097972905
Phone_905,Apple,4000,4,512,108,6.1,Mid-Range,5,5,7,7,331.3988985710072
Phone_906,Oppo,6000,6,256,50,6.4,Mid-Range,6,5,6,7,531.9635031249418
Phone_907,Xiaomi,4000,12,1024,48,6.8,Premium,6,7,7,8,1466.9934616682121
Phone_908,Samsung,4500,16,512,12,6.4,Premium,4,10,7,7,1465.3657434829897
Phone_909,Apple,4500,6,64,108,6.8,Budget,7,6,4,2,196.1197785697213
Phone_910,OnePlus,4500,6,1024,108,6.5,Mid-Range,5,7,7,8,535.0548830627945
Phone_911,Xiaomi,4500,4,128,48,6.7,Budget,8,5,5,4,194.89182459079285
Phone_912,Xiaomi,6000,16,512,108,6.5,Premium,7,7,8,7,1021.6013737125163
Phone_913,Samsung,5000,6,1024,108,6.7,Mid-Range,5,7,6,7,505.0938565582306
Phone_914,OnePlus,4500,8,512,48,6.8,Mid-Range,8,6,8,8,510.68531479806217
Phone_915,Oppo,4000,6,128,64,6.7,Budget,10,6,4,5,292.7658085200687
Phone_916,Xiaomi,4500,8,512,48,6.8,Mid-Range,6,7,7,7,561.8210865166546
Phone_917,Samsung,6000,12,64,108,6.7,Mid-Range,7,6,7,8,517.0119875724552
Phone_918,Oppo,4000,8,1024,48,6.8,Mid-Range,7,7,6,7,399.6565236113647
Phone_919,OnePlus,4500,8,1024,108,6.7,Mid-Range,5,7,7,7,582.1238443207069
Phone_920,Xiaomi,5000,4,1024,50,6.8,Mid-Range,5,5,7,8,486.4684235778677
Phone_921,Oppo,4000,6,512,50,6.4,Mid-Range,5,6,5,4,488.1242102273933
Phone_922,Oppo,4000,12,128,12,6.1,Mid-Range,6,7,6,7,680.7681287792515
Phone_923,Oppo,5000,6,512,48,6.4,Mid-Range,5,5,7,5,514.0129095933213
Phone_924,Xiaomi,4000,8,512,48,6.5,Mid-Range,5,6,8,6,613.862899844899
Phone_925,Xiaomi,4500,8,1024,50,6.7,Mid-Range,8,7,7,5,646.9547736430094
Phone_926,Apple,4000,6,128,50,6.8,Budget,10,4,6,4,179.68195690933345
Phone_927,OnePlus,4500,12,256,50,6.4,Premium,4,10,9,6,1188.0375397593102
Phone_928,Samsung,5000,12,128,12,6.4,Mid-Range,8,5,8,4,423.8170266267165
Phone_929,Oppo,3000,4,512,12,6.8,Mid-Range,6,5,5,6,372.7704131633556
Phone_930,Apple,5000,8,64,64,6.7,Mid-Range,5,8,8,4,578.2155617905462
Phone_931,Samsung,4500,8,128,48,6.5,Mid-Range,7,8,6,4,670.4770839101662
Phone_932,Apple,6000,4,1024,12,6.5,Mid-Range,6,7,6,4,316.99872527178184
Phone_933,Xiaomi,5000,6,64,108,6.5,Budget,8,6,4,4,288.9823059674179
Phone_934,Oppo,6000,8,256,48,6.8,Mid-Range,7,7,8,7,311.35952882878524
Phone_935,Samsung,6000,6,256,64,6.4,Mid-Range,7,7,7,7,483.44093435450213
Phone_936,Samsung,4500,12,64,50,6.5,Mid-Range,8,8,6,6,570.8758731683844
Phone_937,Samsung,4500,16,256,64,6.4,Premium,7,8,7,9,1490.5325068735988
Phone_938,Samsung,3000,4,64,48,6.5,Budget,10,5,6,2,135.8305220117058
Phone_939,Samsung,4000,8,512,50,6.5,Mid-Range,8,8,7,4,374.734588040925
Phone_940,Apple,5000,4,64,64,6.7,Budget,8,5,4,2,143.37854766459105
Phone_941,Oppo,4500,12,512,64,6.8,Premium,7,8,9,7,1077.4055483664124
Phone_942,Xiaomi,5000,12,1024,48,6.7,Premium,7,8,7,9,1206.4911997382987
Phone_943,Xiaomi,6000,12,1024,12,6.4,Premium,7,10,7,8,1431.2299236720585
Phone_944,Xiaomi,4000,12,256,108,6.4,Premium,4,10,10,7,1160.241323004426
Phone_945,Xiaomi,3000,16,64,64,6.8,Mid-Range,5,7,8,8,515.4500409340253
Phone_946,Apple,5000,6,512,108,6.5,Mid-Range,8,7,7,5,600.7963455596666
Phone_947,OnePlus,4000,6,1024,48,6.8,Mid-Range,7,5,5,6,692.3838788415026
Phone_948,Oppo,3000,16,1024,48,6.5,Premium,4,10,7,8,1324.9336603394545
Phone_949,Samsung,5000,6,1024,12,6.1,Mid-Range,5,5,7,5,544.7873850204953
Phone_950,OnePlus,4000,12,256,50,6.1,Premium,5,7,9,9,763.4034441593751
Phone_951,Xiaomi,4500,6,1024,108,6.8,Mid-Range,5,7,5,4,508.8279077514675
Phone_952,OnePlus,5000,4,128,64,6.1,Budget,9,6,6,3,215.41165416500021
Phone_953,Oppo,4000,6,256,50,6.1,Mid-Range,8,6,7,4,613.8899538562409
Phone_954,Samsung,3000,4,64,108,6.4,Budget,7,6,3,4,155.6774941213787
Phone_955,Samsung,4000,8,128,108,6.5,Mid-Range,8,8,6,5,433.57329444909635
Phone_956,Oppo,4500,4,256,50,6.1,Mid-Range,8,6,7,5,691.4733112877718
Phone_957,Oppo,5000,4,256,50,6.7,Mid-Range,8,6,8,7,528.6921551497477
Phone_958,Xiaomi,5000,12,512,12,6.4,Premium,5,7,9,9,1163.0094968812818
Phone_959,Samsung,5000,12,128,64,6.5,Mid-Range,5,7,5,8,640.3156094044502
Phone_960,OnePlus,4500,12,128,64,6.4,Mid-Range,5,7,7,7,604.8079531401181
Phone_961,Apple,3000,4,128,64,6.7,Budget,7,6,5,5,286.4582357522871
Phone_962,Apple,5000,16,1024,50,6.5,Premium,5,10,8,9,1409.3546279265445
Phone_963,Oppo,3000,12,1024,12,6.8,Premium,7,8,9,10,1188.2812303016733
Phone_964,Xiaomi,4000,12,64,48,6.8,Mid-Range,7,5,7,6,321.1910036637935
Phone_965,Apple,3000,4,64,12,6.4,Budget,7,4,5,2,164.31650047522928
Phone_966,Samsung,3000,8,64,50,6.8,Mid-Range,7,7,7,6,594.8848408652598
Phone_967,Oppo,5000,8,1024,12,6.5,Mid-Range,5,7,5,4,672.3061404177549
Phone_968,OnePlus,6000,6,512,50,6.7,Mid-Range,6,5,5,6,632.7548307077727
Phone_969,Oppo,6000,8,64,108,6.7,Mid-Range,8,6,8,6,471.22976379527097
Phone_970,OnePlus,4500,12,256,108,6.8,Premium,7,10,7,8,1379.253500095877
Phone_971,Oppo,4500,16,1024,48,6.1,Premium,5,8,9,6,803.4824616556144
Phone_972,Oppo,6000,6,512,108,6.1,Mid-Range,5,5,7,8,403.30197897423966
Phone_973,Oppo,4000,16,256,48,6.1,Premium,5,7,10,7,1205.5270910753302
Phone_974,OnePlus,5000,16,256,64,6.8,Premium,4,10,8,6,912.5891782213146
Phone_975,OnePlus,5000,12,1024,50,6.8,Premium,4,10,7,9,1080.4180476759498
Phone_976,Oppo,4000,4,128,64,6.8,Budget,7,4,3,4,199.90375642465358
Phone_977,Apple,4000,4,512,64,6.5,Mid-Range,5,8,5,6,517.2642779911505
Phone_978,Xiaomi,6000,4,1024,48,6.1,Mid-Range,6,7,6,6,456.97058815737716
Phone_979,Xiaomi,4500,8,128,50,6.4,Mid-Range,7,6,5,8,335.21811845365073
Phone_980,Xiaomi,4000,4,1024,48,6.5,Mid-Range,7,6,6,4,587.3422589600432
Phone_981,OnePlus,4500,12,1024,12,6.5,Premium,5,8,9,7,1404.1329665784667
Phone_982,OnePlus,3000,8,256,64,6.8,Mid-Range,6,7,5,7,394.12483357732975
Phone_983,Apple,5000,4,1024,50,6.8,Mid-Range,8,8,5,5,682.3628432200221
Phone_984,Xiaomi,6000,16,128,64,6.5,Mid-Range,7,5,8,7,611.1453755175946
Phone_985,Xiaomi,5000,12,256,12,6.8,Premium,7,7,8,10,1217.1609262436982
Phone_986,Oppo,6000,12,128,12,6.1,Mid-Range,7,7,5,6,301.48055638573345
Phone_987,OnePlus,3000,6,128,50,6.5,Budget,10,3,3,4,247.38986791988668
Phone_988,Xiaomi,5000,12,256,50,6.5,Premium,5,9,10,7,1263.0527554464124
Phone_989,Apple,3000,16,128,12,6.5,Mid-Range,6,8,6,8,502.8881929608
Phone_990,Apple,6000,12,64,64,6.8,Mid-Range,6,6,7,4,694.0065725420704
Phone_991,Xiaomi,4000,6,1024,108,6.5,Mid-Range,8,5,6,6,544.8562778192473
Phone_992,OnePlus,5000,12,256,64,6.4,Premium,7,10,8,10,1034.132850945412
Phone_993,Apple,3000,12,256,108,6.4,Premium,6,7,7,9,1299.8896435446238
Phone_994,Oppo,5000,6,64,48,6.1,Budget,7,3,6,5,231.6340982428799
Phone_995,Apple,5000,12,64,50,6.5,Mid-Range,5,8,7,6,436.91591454049507
Phone_996,Samsung,5000,8,64,12,6.5,Mid-Range,5,6,8,5,394.4725501329498
Phone_997,Samsung,4500,12,64,48,6.8,Mid-Range,8,8,5,6,507.55880253306816
Phone_998,OnePlus,3000,4,512,64,6.7,Mid-Range,6,7,7,7,576.7002166995162
Phone_999,Xiaomi,3000,4,256,108,6.7,Mid-Range,6,7,6,4,650.8029797195685
Phone_1000,OnePlus,5000,8,128,50,6.5,Mid-Range,8,8,6,7,539.4554521653935
Phone_1001,OnePlus,4000,12,256,108,6.1,Premium,7,9,9,9,1175.1109770013604
Phone_1002,OnePlus,5000,16,256,64,6.4,Premium,6,10,10,8,1237.9515541783385
Phone_1003,OnePlus,4500,12,256,64,6.5,Premium,6,7,9,9,1122.654022687026
Phone_1004,Oppo,6000,4,64,12,6.5,Budget,9,3,5,4,227.95234349492534
Phone_1005,Oppo,4500,6,64,48,6.1,Budget,7,4,4,4,268.4114617473403
Phone_1006,Apple,4000,8,512,50,6.1,Mid-Range,6,6,8,8,691.4733378338393
Phone_1007,Samsung,5000,6,256,12,6.7,Mid-Range,6,7,5,8,548.8986284234969
Phone_1008,OnePlus,3000,16,1024,108,6.5,Premium,7,9,10,7,1038.5912599158644
Phone_1009,Apple,5000,12,512,48,6.5,Premium,6,10,10,7,734.9839391151024
Phone_1010,Samsung,4000,16,64,50,6.8,Mid-Range,6,6,6,4,665.2085106751695
Phone_1011,Xiaomi,3000,6,256,108,6.4,Mid-Range,8,6,8,4,356.35107175333155
Phone_1012,Oppo,4500,12,64,50,6.8,Mid-Range,7,8,8,6,481.5220085639278
Phone_1013,Samsung,6000,16,128,50,6.8,Mid-Range,5,8,5,7,677.1076752304941
Phone_1014,Xiaomi,6000,4,64,48,6.4,Budget,10,6,5,2,243.82781349670444
Phone_1015,Samsung,5000,4,64,108,6.5,Budget,7,4,6,4,205.99603586919096
Phone_1016,Oppo,4500,8,512,12,6.7,Mid-Range,8,5,5,8,477.48177008561674
Phone_1017,Oppo,4000,4,128,12,6.4,Budget,10,6,4,4,254.46854240694356
Phone_1018,Apple,6000,4,1024,12,6.1,Mid-Range,7,5,5,5,616.2945419467881
Phone_1019,OnePlus,4500,6,1024,50,6.5,Mid-Range,5,5,8,5,640.8669604064003
Phone_1020,Samsung,5000,4,1024,64,6.4,Mid-Range,8,8,5,7,487.69829661406123
Phone_1021,Samsung,3000,4,256,48,6.4,Mid-Range,7,7,7,5,570.2640030775906
Phone_1022,Xiaomi,5000,6,1024,12,6.4,Mid-Range,6,7,7,5,647.9865142645265
Phone_1023,Oppo,5000,4,256,48,6.7,Mid-Range,5,5,6,6,583.8075911987828
Phone_1024,Samsung,4500,4,64,50,6.8,Budget,10,6,4,4,164.53898296674026
Phone_1025,Oppo,6000,8,1024,48,6.8,Mid-Range,6,6,8,5,584.796934623067
Phone_1026,Samsung,4500,4,512,12,6.4,Mid-Range,6,6,6,7,363.57885242587287
Phone_1027,Apple,3000,4,128,12,6.4,Budget,9,5,6,2,273.6401369093895
Phone_1028,OnePlus,4500,8,128,50,6.8,Mid-Range,6,8,5,8,433.4134593318118
Phone_1029,Samsung,4000,6,64,50,6.7,Budget,8,6,4,2,101.88542964871863
Phone_1030,Oppo,5000,4,128,108,6.5,Budget,7,4,4,3,102.36653628330572
Phone_1031,Apple,6000,16,128,50,6.8,Mid-Range,7,8,8,7,487.35288554027
Phone_1032,Samsung,3000,6,64,64,6.4,Budget,7,6,6,2,269.06859914282626
Phone_1033,Xiaomi,5000,6,64,64,6.7,Budget,7,5,3,3,150.60734182456514
Phone_1034,OnePlus,4500,4,64,12,6.7,Budget,9,3,6,4,194.0262113525172
Phone_1035,Samsung,4000,8,512,50,6.4,Mid-Range,7,8,8,7,445.6876567336226
Phone_1036,Apple,4500,6,64,64,6.1,Budget,8,5,4,3,192.1148167219793
Phone_1037,Xiaomi,5000,8,64,64,6.7,Mid-Range,8,5,6,8,682.4413752571224
Phone_1038,Apple,3000,16,64,108,6.8,Mid-Range,5,8,5,8,357.15903809673404
Phone_1039,Apple,6000,8,1024,50,6.1,Mid-Range,6,8,6,8,631.4876920106869
Phone_1040,Xiaomi,5000,12,1024,108,6.5,Premium,5,7,7,10,1413.9146026392473
Phone_1041,Apple,3000,8,512,48,6.8,Mid-Range,7,6,7,6,574.4800483358033
Phone_1042,Xiaomi,5000,6,512,108,6.4,Mid-Range,6,8,6,4,610.4302279339529
Phone_1043,Samsung,4000,8,128,48,6.1,Mid-Range,7,6,5,8,349.8136894129521
Phone_1044,Xiaomi,4500,8,1024,48,6.8,Mid-Range,6,5,7,4,619.5889978904582
Phone_1045,Xiaomi,6000,12,512,50,6.7,Premium,5,9,9,6,762.075402461382
Phone_1046,OnePlus,3000,12,512,48,6.4,Premium,7,7,10,10,1023.9758767959217
Phone_1047,Xiaomi,6000,4,128,48,6.1,Budget,9,3,6,3,170.1521136762346
Phone_1048,Xiaomi,6000,6,64,108,6.7,Budget,10,5,3,4,247.05364050603913
Phone_1049,Samsung,6000,4,256,50,6.4,Mid-Range,6,6,6,4,549.1513953710295
Phone_1050,OnePlus,3000,12,128,50,6.4,Mid-Range,8,5,7,4,624.1682174958444
Phone_1051,Oppo,3000,8,256,48,6.1,Mid-Range,7,5,8,5,657.824031653165
Phone_1052,Samsung,6000,12,128,108,6.1,Mid-Range,5,8,5,8,479.6408325572177
Phone_1053,Samsung,4500,16,128,108,6.1,Mid-Range,6,7,8,4,456.86838095049154
Phone_1054,Oppo,5000,8,64,108,6.8,Mid-Range,6,5,5,4,396.8761280928112
Phone_1055,Xiaomi,6000,4,512,108,6.4,Mid-Range,5,8,8,7,625.5356087485789
Phone_1056,Apple,4000,8,1024,12,6.5,Mid-Range,5,5,8,8,686.805503271185
Phone_1057,OnePlus,6000,16,128,48,6.7,Mid-Range,6,6,5,4,378.1286533716643
Phone_1058,Apple,3000,12,64,48,6.1,Mid-Range,7,6,5,6,483.13695269858124
Phone_1059,Oppo,5000,6,256,48,6.4,Mid-Range,6,7,8,6,608.1350018890124
Phone_1060,Samsung,4000,6,512,50,6.7,Mid-Range,8,5,5,5,554.4171826574163
Phone_1061,Samsung,5000,6,128,50,6.5,Budget,9,5,3,3,159.9516328209862
Phone_1062,OnePlus,5000,12,256,108,6.7,Premium,4,8,9,7,1424.1220498612756
Phone_1063,Samsung,4000,6,128,50,6.5,Budget,9,4,6,5,113.38797103072179
Phone_1064,Samsung,6000,16,1024,64,6.1,Premium,4,10,10,6,1159.739908419126
Phone_1065,OnePlus,6000,12,1024,48,6.8,Premium,7,7,8,6,1040.4786354053444
Phone_1066,OnePlus,6000,6,512,48,6.5,Mid-Range,6,8,6,4,410.30575932455156
Phone_1067,Oppo,4500,4,256,12,6.1,Mid-Range,5,5,5,5,671.2774928445922
Phone_1068,Samsung,6000,12,1024,12,6.7,Premium,6,9,8,9,1282.00606141979
Phone_1069,Samsung,4000,12,64,64,6.7,Mid-Range,6,6,6,6,449.334771147561
Phone_1070,Oppo,4500,8,512,12,6.7,Mid-Range,6,6,5,8,655.3360240155143
Phone_1071,Xiaomi,6000,6,128,108,6.8,Budget,9,3,6,2,292.74590857438636
Phone_1072,Xiaomi,4500,4,256,108,6.4,Mid-Range,5,6,8,8,659.2806824704082
Phone_1073,Xiaomi,4000,16,256,48,6.5,Premium,6,8,9,8,1448.6946342668457
Phone_1074,Oppo,6000,12,64,108,6.4,Mid-Range,8,7,7,4,331.6766410525995
Phone_1075,Samsung,3000,16,1024,12,6.7,Premium,7,10,7,8,833.4771975579467
Phone_1076,Oppo,4000,16,256,64,6.8,Premium,6,7,9,10,1222.2253273508586
Phone_1077,Oppo,5000,16,64,108,6.1,Mid-Range,8,7,7,5,326.05331453096136
Phone_1078,Xiaomi,5000,8,64,48,6.8,Mid-Range,7,6,7,8,449.52757244174694
Phone_1079,Apple,4000,16,128,48,6.4,Mid-Range,7,5,6,5,663.3716354170268
Phone_1080,Samsung,5000,6,64,12,6.7,Budget,8,4,6,2,242.0295234394664
Phone_1081,Xiaomi,4000,6,512,108,6.5,Mid-Range,6,7,6,4,302.7088399763593
Phone_1082,Apple,3000,4,256,12,6.8,Mid-Range,8,5,7,7,674.0356484690944
Phone_1083,Apple,4000,4,512,48,6.4,Mid-Range,5,6,7,6,512.0421963721101
Phone_1084,OnePlus,6000,16,64,64,6.4,Mid-Range,8,5,7,7,523.4321159880242
Phone_1085,Samsung,6000,16,64,108,6.1,Mid-Range,6,6,8,4,671.3812039119648
Phone_1086,Apple,4500,8,512,64,6.5,Mid-Range,6,6,8,4,580.0715055708754
Phone_1087,Xiaomi,5000,16,128,108,6.4,Mid-Range,6,5,8,4,630.7251347532102
Phone_1088,OnePlus,5000,16,64,48,6.5,Mid-Range,5,7,6,5,608.197390512951
Phone_1089,Samsung,4000,16,512,108,6.7,Premium,5,7,10,6,751.7374398819354
Phone_1090,Oppo,5000,12,512,48,6.8,Premium,5,8,8,7,751.5848448913281
Phone_1091,Xiaomi,6000,12,256,50,6.4,Premium,7,9,7,7,1309.8128792496987
Phone_1092,Apple,3000,8,128,48,6.7,Mid-Range,8,8,8,4,442.15892156194684
Phone_1093,Apple,4000,8,1024,48,6.1,Mid-Range,7,7,5,6,414.14103417557607
Phone_1094,Xiaomi,5000,6,512,108,6.5,Mid-Range,6,8,7,7,370.37778196618706
Phone_1095,Apple,6000,8,256,64,6.7,Mid-Range,6,6,7,5,441.6007927389046
Phone_1096,OnePlus,4500,6,1024,48,6.5,Mid-Range,5,8,8,4,530.7585144631253
Phone_1097,Samsung,5000,16,256,108,6.5,Premium,5,8,10,10,913.7908416424655
Phone_1098,OnePlus,3000,8,256,48,6.4,Mid-Range,5,8,7,7,573.3677350370226
Phone_1099,Apple,3000,8,128,12,6.5,Mid-Range,7,7,7,7,651.7700950860518
Phone_1100,Oppo,5000,8,64,12,6.7,Mid-Range,5,5,5,7,560.7392668127991
Phone_1101,Samsung,5000,6,128,12,6.1,Budget,8,6,3,3,187.21635884605342
Phone_1102,Samsung,6000,6,1024,12,6.4,Mid-Range,8,8,8,8,310.279099538441
Phone_1103,Xiaomi,5000,4,128,64,6.8,Budget,7,6,3,2,266.60450375953826
Phone_1104,Xiaomi,4500,6,64,48,6.1,Budget,7,3,4,2,186.2067523441674
Phone_1105,Oppo,6000,6,128,12,6.7,Budget,10,4,5,2,161.2131821036961
Phone_1106,Samsung,4000,12,128,108,6.4,Mid-Range,7,7,8,6,639.4427639017312
Phone_1107,Oppo,4500,8,128,12,6.5,Mid-Range,5,8,8,7,393.7233761339481
Phone_1108,Xiaomi,6000,6,512,50,6.1,Mid-Range,7,5,6,4,583.9522425570669
Phone_1109,Xiaomi,6000,8,512,50,6.4,Mid-Range,8,6,6,4,592.6696765349616
Phone_1110,Samsung,3000,8,128,64,6.8,Mid-Range,7,5,7,8,623.8140777916287
Phone_1111,OnePlus,6000,12,64,50,6.8,Mid-Range,6,6,8,7,514.2056613631722
Phone_1112,Apple,4500,8,64,108,6.8,Mid-Range,6,6,8,4,617.4046244455441
Phone_1113,Xiaomi,5000,6,64,12,6.4,Budget,7,3,5,4,266.85643971824175
Phone_1114,Xiaomi,4500,8,64,50,6.1,Mid-Range,6,6,6,6,682.957380110264
Phone_1115,OnePlus,4000,4,256,50,6.5,Mid-Range,5,7,8,7,350.17463164214564
Phone_1116,OnePlus,6000,4,128,64,6.1,Budget,10,4,6,2,291.3644033517553
Phone_1117,Oppo,6000,12,128,50,6.5,Mid-Range,8,7,8,8,345.3943888335337
Phone_1118,Oppo,6000,6,256,12,6.1,Mid-Range,7,7,7,5,669.0342099470547
Phone_1119,Apple,6000,12,64,48,6.1,Mid-Range,7,6,8,8,682.157546567081
Phone_1120,Apple,3000,4,1024,12,6.4,Mid-Range,7,8,6,4,499.83680638566045
Phone_1121,Samsung,3000,6,1024,50,6.8,Mid-Range,8,5,5,6,683.9572840276376
Phone_1122,Oppo,5000,8,256,50,6.8,Mid-Range,7,5,7,7,606.4966491332976
Phone_1123,Xiaomi,6000,6,1024,50,6.8,Mid-Range,6,6,7,7,578.3755241758718
Phone_1124,Oppo,4000,16,512,64,6.8,Premium,6,10,8,9,1330.3086471443798
Phone_1125,Xiaomi,5000,6,128,108,6.1,Budget,8,5,6,4,258.94942239900246
Phone_1126,OnePlus,6000,8,1024,12,6.8,Mid-Range,5,5,7,7,685.5120453326438
Phone_1127,Oppo,3000,16,512,50,6.1,Premium,6,8,10,8,832.6017855947904
Phone_1128,OnePlus,4000,12,128,48,6.5,Mid-Range,7,6,8,7,621.0151587886455
Phone_1129,Apple,5000,6,512,64,6.7,Mid-Range,6,7,6,6,446.9811765950195
Phone_1130,Apple,4000,12,128,108,6.7,Mid-Range,8,5,5,6,601.2982824915352
Phone_1131,Samsung,6000,6,128,50,6.5,Budget,10,4,6,5,201.94828062970117
Phone_1132,Oppo,4500,4,1024,12,6.1,Mid-Range,7,5,8,7,449.32172432674895
Phone_1133,OnePlus,4000,4,256,48,6.8,Mid-Range,5,8,8,8,678.458530378813
Phone_1134,Xiaomi,4000,8,1024,64,6.4,Mid-Range,6,5,5,6,522.918094563479
Phone_1135,Apple,3000,4,64,12,6.1,Budget,7,6,5,4,111.23425902508049
Phone_1136,Apple,6000,16,512,12,6.1,Premium,5,9,10,9,1388.2144823706026
Phone_1137,Xiaomi,4000,16,64,64,6.5,Mid-Range,6,7,5,5,466.8214665388685
Phone_1138,OnePlus,6000,6,128,12,6.5,Budget,10,4,3,4,153.64964298464307
Phone_1139,OnePlus,3000,12,1024,48,6.4,Premium,6,9,10,10,1102.0743565070734
Phone_1140,Oppo,6000,16,64,48,6.8,Mid-Range,8,7,7,8,695.9947644628279
Phone_1141,Oppo,3000,6,64,12,6.7,Budget,10,3,5,2,232.886532379597
Phone_1142,Samsung,3000,12,64,50,6.8,Mid-Range,5,8,8,8,315.9201118068171
Phone_1143,Apple,5000,4,128,12,6.8,Budget,8,4,6,4,158.99472985820603
Phone_1144,Oppo,6000,6,128,50,6.1,Budget,9,6,6,2,257.4795190793202
Phone_1145,OnePlus,4500,12,128,12,6.4,Mid-Range,7,6,8,6,392.2662741240893
Phone_1146,Xiaomi,5000,8,64,108,6.1,Mid-Range,7,6,8,4,641.4009274449286
Phone_1147,OnePlus,3000,8,512,48,6.5,Mid-Range,5,8,5,6,408.2127189567513
Phone_1148,Apple,4500,16,1024,12,6.7,Premium,5,10,10,8,760.1699921687906
Phone_1149,OnePlus,4000,12,1024,48,6.4,Premium,6,10,8,7,1133.6472457632021
Phone_1150,Samsung,4000,8,128,64,6.4,Mid-Range,6,5,5,6,691.0419861235094
Phone_1151,Apple,5000,16,64,108,6.8,Mid-Range,7,8,7,7,618.1529396459916
Phone_1152,Xiaomi,4500,6,512,50,6.1,Mid-Range,5,7,6,4,359.2406955237612
Phone_1153,Samsung,6000,6,256,64,6.8,Mid-Range,6,6,7,5,495.81990561107466
Phone_1154,Apple,4500,12,128,108,6.8,Mid-Range,5,6,8,5,434.69887478443735
Phone_1155,Xiaomi,5000,12,256,64,6.4,Premium,7,9,10,10,1327.0562226234902
Phone_1156,Samsung,6000,12,1024,48,6.7,Premium,7,9,8,6,1308.2521699793037
Phone_1157,Samsung,6000,12,1024,108,6.5,Premium,5,8,9,10,1089.107361806495
Phone_1158,Apple,4000,8,512,64,6.8,Mid-Range,5,7,8,4,694.7710530744982
Phone_1159,Oppo,4500,8,512,50,6.7,Mid-Range,6,8,5,5,397.0059129065265
Phone_1160,Samsung,6000,16,256,108,6.8,Premium,4,7,9,10,1172.3579372310653
Phone_1161,Samsung,5000,8,1024,108,6.7,Mid-Range,8,6,7,6,347.26772379385164
Phone_1162,Xiaomi,4000,6,512,64,6.1,Mid-Range,8,5,6,7,472.5572887159004
Phone_1163,OnePlus,6000,16,512,12,6.5,Premium,5,7,8,9,805.9025547812137
Phone_1164,Apple,4500,8,1024,50,6.4,Mid-Range,8,7,7,4,303.223087624697
Phone_1165,Apple,4000,12,1024,50,6.1,Premium,6,8,8,7,1238.8616079963458
Phone_1166,Oppo,4500,8,64,64,6.8,Mid-Range,6,7,5,8,473.8786269739334
Phone_1167,Oppo,4500,4,512,48,6.8,Mid-Range,8,6,7,4,576.399389976541
Phone_1168,Apple,4500,16,256,48,6.5,Premium,5,9,7,8,1344.3115613576958
Phone_1169,Oppo,4000,8,128,12,6.5,Mid-Range,6,7,5,8,369.31331386125026
Phone_1170,Xiaomi,6000,8,128,12,6.5,Mid-Range,8,7,8,8,560.2798489422653
Phone_1171,Apple,3000,6,1024,64,6.8,Mid-Range,8,8,7,6,556.5024975497263
Phone_1172,Oppo,6000,12,256,48,6.8,Premium,7,8,8,8,1319.9979387480662
Phone_1173,Apple,4000,12,64,50,6.4,Mid-Range,5,6,5,6,398.76538645148594
Phone_1174,OnePlus,3000,6,512,48,6.5,Mid-Range,5,8,5,6,306.5302918568622
Phone_1175,Samsung,3000,6,64,64,6.7,Budget,8,6,4,2,188.2007635493434
Phone_1176,Apple,3000,4,256,48,6.4,Mid-Range,7,7,6,7,382.5354027400117
Phone_1177,Samsung,5000,16,64,108,6.7,Mid-Range,7,7,5,7,467.18742578033607
Phone_1178,Oppo,4000,12,1024,64,6.1,Premium,4,8,8,6,731.9205359361628
Phone_1179,Samsung,5000,6,128,108,6.5,Budget,9,5,3,2,120.03832040010045
Phone_1180,Apple,3000,6,1024,64,6.4,Mid-Range,5,5,7,7,508.3318364837903
Phone_1181,OnePlus,5000,16,512,50,6.4,Premium,6,8,7,8,1046.5127064682886
Phone_1182,Oppo,5000,6,1024,64,6.1,Mid-Range,7,6,6,7,408.54156027743585
Phone_1183,Apple,4000,4,256,64,6.1,Mid-Range,5,8,8,8,508.1358878769073
Phone_1184,Oppo,4500,16,256,64,6.1,Premium,4,9,8,6,996.0770559696791
Phone_1185,Xiaomi,5000,4,512,64,6.4,Mid-Range,5,8,7,7,692.2901709472816
Phone_1186,Samsung,5000,8,512,12,6.8,Mid-Range,6,8,6,8,388.23939763407566
Phone_1187,Xiaomi,3000,12,128,108,6.7,Mid-Range,7,8,8,8,343.73210560575103
Phone_1188,Apple,3000,6,64,64,6.7,Budget,8,3,5,5,132.85539252424817
Phone_1189,OnePlus,3000,16,128,64,6.1,Mid-Range,5,6,8,6,446.8198373848088
Phone_1190,Oppo,6000,4,1024,12,6.8,Mid-Range,8,7,8,8,521.1406228699345
Phone_1191,Samsung,5000,12,64,48,6.8,Mid-Range,7,6,8,5,567.2044109428974
Phone_1192,Oppo,3000,12,512,12,6.1,Premium,7,8,8,6,878.2070971694261
Phone_1193,Apple,4000,6,256,12,6.5,Mid-Range,6,6,6,8,662.2146310035903
Phone_1194,Oppo,6000,12,1024,12,6.4,Premium,7,9,8,6,820.3961431239547
Phone_1195,Samsung,4500,6,128,64,6.5,Budget,7,3,5,2,205.87491765768203
Phone_1196,Apple,5000,8,512,12,6.8,Mid-Range,6,6,6,6,407.27243617460226
Phone_1197,Oppo,5000,6,64,12,6.1,Budget,7,4,4,5,199.68305735535105
Phone_1198,OnePlus,4000,4,64,12,6.4,Budget,10,6,4,4,235.3452928089227
Phone_1199,Apple,4500,12,256,64,6.7,Premium,5,7,10,10,747.5762474305823
Phone_1200,Apple,4500,12,512,50,6.8,Premium,7,9,9,8,1418.5777343451437
Phone_1201,OnePlus,6000,12,512,50,6.4,Premium,4,9,9,9,813.8583681876253
Phone_1202,Xiaomi,5000,6,1024,48,6.4,Mid-Range,5,6,7,5,572.1736891238311
Phone_1203,Samsung,3000,16,1024,64,6.5,Premium,5,8,8,8,1169.0356669
Phone_1204,Xiaomi,4000,6,64,12,6.7,Budget,9,3,3,3,163.09357371288425
Phone_1205,Oppo,4000,4,128,12,6.5,Budget,10,3,4,3,275.62600281012385
Phone_1206,OnePlus,4000,6,64,12,6.5,Budget,9,5,3,4,196.52734831122672
Phone_1207,Xiaomi,4000,12,1024,50,6.5,Premium,4,9,10,6,1249.9327772293123
Phone_1208,Apple,3000,8,1024,12,6.5,Mid-Range,6,5,7,6,310.799633777262
Phone_1209,Oppo,3000,4,1024,12,6.8,Mid-Range,7,6,7,8,486.76168657086873
Phone_1210,Oppo,6000,8,64,50,6.7,Mid-Range,8,8,5,8,359.3404746849732
Phone_1211,Xiaomi,5000,4,512,12,6.5,Mid-Range,6,8,8,4,314.58116308761504
Phone_1212,Xiaomi,3000,4,128,48,6.8,Budget,9,6,4,4,189.17378841831146
Phone_1213,OnePlus,6000,12,128,108,6.8,Mid-Range,8,7,8,8,392.9542178386615
Phone_1214,Samsung,4500,6,1024,48,6.4,Mid-Range,5,6,8,5,674.116721683235
Phone_1215,Xiaomi,5000,12,256,64,6.4,Premium,4,10,7,8,927.8868620990701
Phone_1216,Xiaomi,3000,12,64,48,6.1,Mid-Range,5,7,5,6,682.4684543097851
Phone_1217,Apple,4500,12,512,48,6.8,Premium,4,7,10,9,1483.176139308256
Phone_1218,Oppo,6000,8,1024,50,6.1,Mid-Range,6,6,7,5,591.1825568243266
Phone_1219,Samsung,3000,4,256,64,6.8,Mid-Range,5,7,6,5,539.0570297517613
Phone_1220,Apple,3000,16,1024,48,6.5,Premium,4,10,10,10,1114.578353006537
Phone_1221,OnePlus,4500,6,256,108,6.5,Mid-Range,8,5,7,8,406.3228935396304
Phone_1222,OnePlus,3000,12,128,48,6.1,Mid-Range,7,5,6,7,584.2964159135727
Phone_1223,Xiaomi,4000,4,256,12,6.5,Mid-Range,5,5,8,8,460.47226756092596
Phone_1224,Xiaomi,3000,6,128,50,6.5,Budget,10,6,6,5,193.85538688322998
Phone_1225,OnePlus,5000,16,128,12,6.4,Mid-Range,6,6,7,6,341.5872536121015
Phone_1226,Xiaomi,4500,16,64,64,6.5,Mid-Range,7,5,7,7,328.0736438853353
Phone_1227,Samsung,5000,12,256,64,6.4,Premium,4,8,7,6,869.8654183768291
Phone_1228,Xiaomi,6000,16,512,50,6.7,Premium,7,8,9,8,771.9097478267759
Phone_1229,Oppo,5000,16,512,48,6.8,Premium,6,8,7,7,1121.7783861247215
Phone_1230,Xiaomi,4000,6,256,64,6.4,Mid-Range,8,6,6,5,436.3786520656011
Phone_1231,Apple,4000,6,64,108,6.4,Budget,7,6,5,5,282.1825439308666
Phone_1232,Samsung,5000,12,512,50,6.4,Premium,6,10,8,6,862.6986964749417
Phone_1233,Apple,6000,4,1024,12,6.8,Mid-Range,6,5,6,6,479.95392917027834
Phone_1234,Apple,3000,12,512,108,6.8,Premium,6,8,10,8,1485.7956393298746
Phone_1235,Oppo,4000,8,64,50,6.8,Mid-Range,6,5,5,8,605.0401705242264
Phone_1236,Samsung,5000,16,128,108,6.5,Mid-Range,5,8,8,7,615.4540191567655
Phone_1237,Samsung,5000,4,128,50,6.4,Budget,8,5,3,4,207.92744198373532
Phone_1238,Samsung,5000,6,128,12,6.8,Budget,8,5,5,4,271.2428418506505
Phone_1239,Samsung,3000,8,64,48,6.7,Mid-Range,8,6,6,5,504.89565495750276
Phone_1240,Samsung,4500,8,128,50,6.8,Mid-Range,7,8,5,7,684.9526176303602
Phone_1241,Oppo,6000,16,128,64,6.1,Mid-Range,5,7,8,7,615.0270948651944
Phone_1242,Xiaomi,4500,6,64,12,6.1,Budget,7,3,5,5,230.68435674756805
Phone_1243,Apple,6000,4,1024,12,6.4,Mid-Range,8,8,6,8,541.4471522505227
Phone_1244,Samsung,6000,6,512,108,6.4,Mid-Range,8,6,8,4,371.56483700128894
Phone_1245,Xiaomi,5000,16,64,64,6.4,Mid-Range,8,8,7,5,657.4509840256023
Phone_1246,Xiaomi,4000,8,64,108,6.5,Mid-Range,6,8,6,6,523.6990955453899
Phone_1247,Apple,5000,16,256,12,6.1,Premium,5,9,9,6,979.534850802956
Phone_1248,Oppo,3000,12,128,50,6.1,Mid-Range,5,5,6,5,530.1673366341927
Phone_1249,OnePlus,6000,8,1024,64,6.4,Mid-Range,7,7,6,7,410.4943043753145
Phone_1250,OnePlus,4000,16,256,12,6.1,Premium,7,7,9,9,918.2017071369269
Phone_1251,Xiaomi,6000,4,1024,64,6.1,Mid-Range,5,7,8,7,644.935791336877
Phone_1252,Apple,6000,4,128,50,6.5,Budget,7,6,5,5,152.48738066173559
Phone_1253,OnePlus,5000,4,128,48,6.7,Budget,7,6,3,3,234.4363931846557
Phone_1254,Xiaomi,4000,12,128,108,6.4,Mid-Range,8,7,8,4,371.66035509851554
Phone_1255,Oppo,4000,6,512,108,6.7,Mid-Range,6,7,8,5,395.4169785276874
Phone_1256,OnePlus,6000,4,1024,12,6.7,Mid-Range,5,7,5,8,434.3931265792522
Phone_1257,Xiaomi,4000,12,1024,12,6.5,Premium,5,7,9,7,849.6851686193531
Phone_1258,Xiaomi,4000,4,256,50,6.1,Mid-Range,8,5,5,7,550.463864813858
Phone_1259,Samsung,5000,12,64,12,6.4,Mid-Range,8,5,8,5,535.1795977928032
Phone_1260,Oppo,4500,4,128,12,6.8,Budget,9,4,3,3,205.43492441034624
Phone_1261,Samsung,3000,6,128,12,6.7,Budget,7,4,3,5,177.4973140898369
Phone_1262,Apple,4500,16,256,64,6.7,Premium,5,7,10,10,1170.2692889897764
Phone_1263,Samsung,4000,4,1024,64,6.5,Mid-Range,6,6,5,8,349.7338460011371
Phone_1264,Samsung,6000,16,512,48,6.7,Premium,4,9,7,7,779.1996912908272
Phone_1265,OnePlus,3000,4,1024,64,6.7,Mid-Range,8,7,5,8,421.5682224842801
Phone_1266,Xiaomi,3000,6,512,108,6.7,Mid-Range,7,6,7,4,633.6248944902738
Phone_1267,Oppo,6000,16,512,48,6.5,Premium,7,7,7,8,859.207600151047
Phone_1268,Samsung,3000,12,1024,12,6.1,Premium,5,9,8,6,1139.8527364699623
Phone_1269,Oppo,6000,4,128,108,6.7,Budget,7,6,6,4,238.72149275181297
Phone_1270,Samsung,3000,4,512,48,6.4,Mid-Range,6,8,8,8,343.64655803172315
Phone_1271,Apple,4500,12,256,48,6.7,Premium,4,9,9,9,1476.165041164927
Phone_1272,Samsung,3000,6,256,108,6.7,Mid-Range,5,6,8,5,396.8750742888332
Phone_1273,OnePlus,5000,8,512,48,6.4,Mid-Range,6,7,8,5,662.1180176503888
Phone_1274,Xiaomi,6000,4,128,108,6.5,Budget,8,4,5,4,106.02273697188238
Phone_1275,Apple,3000,12,512,48,6.8,Premium,4,9,9,7,1295.2168400566989
Phone_1276,Samsung,6000,8,256,48,6.4,Mid-Range,5,7,8,4,600.2963045754485
Phone_1277,Oppo,5000,4,256,48,6.8,Mid-Range,8,6,7,4,599.762391268159
Phone_1278,Apple,3000,16,1024,108,6.1,Premium,6,7,8,8,812.9978141588509
Phone_1279,Apple,3000,12,128,48,6.1,Mid-Range,6,8,5,8,338.38631096082986
Phone_1280,Samsung,5000,16,1024,64,6.7,Premium,5,7,7,7,1212.7435298451444
Phone_1281,Apple,5000,6,64,64,6.7,Budget,9,6,5,4,110.32963496776486
Phone_1282,Oppo,5000,8,512,64,6.5,Mid-Range,8,6,6,7,693.572562459366
Phone_1283,Apple,6000,12,1024,64,6.8,Premium,4,9,7,9,1243.0807442774
Phone_1284,Oppo,5000,4,128,64,6.1,Budget,10,3,3,3,126.54989011620009
Phone_1285,Samsung,6000,4,512,12,6.1,Mid-Range,6,8,7,5,674.84650909984
Phone_1286,Xiaomi,4500,8,512,48,6.7,Mid-Range,8,5,5,8,443.8916953450516
Phone_1287,Apple,3000,16,512,50,6.7,Premium,7,7,10,6,1019.3293044647795
Phone_1288,Xiaomi,3000,16,512,12,6.5,Premium,5,7,10,7,1359.3231959568573
Phone_1289,Oppo,4000,12,512,108,6.7,Premium,7,9,10,9,1048.863370750604
Phone_1290,Apple,4500,12,128,12,6.7,Mid-Range,6,8,7,6,627.4600491798318
Phone_1291,OnePlus,5000,16,64,50,6.5,Mid-Range,6,5,8,7,452.7878896024678
Phone_1292,Xiaomi,5000,12,256,12,6.7,Premium,7,10,8,9,753.7026360676404
Phone_1293,Apple,4500,16,64,48,6.7,Mid-Range,7,7,5,5,657.954779054683
Phone_1294,Xiaomi,5000,8,256,64,6.7,Mid-Range,5,8,7,5,341.3127252843632
Phone_1295,Apple,4000,12,1024,48,6.8,Premium,6,8,7,10,1114.6551848552244
Phone_1296,Samsung,6000,16,512,12,6.1,Premium,7,9,7,6,1261.6455469040345
Phone_1297,Xiaomi,3000,12,1024,50,6.4,Premium,6,9,9,8,1323.0714963208616
Phone_1298,OnePlus,4500,4,1024,108,6.1,Mid-Range,6,8,8,4,647.5379734072455
Phone_1299,OnePlus,3000,4,256,48,6.8,Mid-Range,7,7,6,8,504.6532999449206
Phone_1300,Oppo,6000,6,128,50,6.4,Budget,10,3,4,4,118.13584966135117
Phone_1301,Apple,4500,16,512,108,6.1,Premium,4,9,10,7,1362.9511394385834
Phone_1302,Xiaomi,6000,6,1024,64,6.5,Mid-Range,7,5,6,8,486.8048861869628
Phone_1303,Oppo,5000,16,64,48,6.8,Mid-Range,7,7,6,7,523.641152350701
Phone_1304,Xiaomi,5000,12,512,48,6.5,Premium,4,10,7,10,806.4896494010608
Phone_1305,Apple,5000,16,128,64,6.5,Mid-Range,6,7,7,6,680.4474864376969
Phone_1306,OnePlus,6000,4,512,64,6.1,Mid-Range,8,5,6,7,526.7112920444133
Phone_1307,Samsung,6000,12,1024,12,6.4,Premium,4,8,7,7,824.1531333838178
Phone_1308,OnePlus,6000,4,64,108,6.7,Budget,10,3,3,5,157.56293820880242
Phone_1309,Oppo,3000,12,1024,50,6.7,Premium,5,9,9,7,1085.0727074617337
Phone_1310,Samsung,6000,16,128,64,6.8,Mid-Range,7,5,8,6,484.01027546118246
Phone_1311,Oppo,5000,16,256,12,6.5,Premium,5,7,8,9,1024.8700537715104
Phone_1312,Apple,4000,4,64,108,6.8,Budget,10,3,6,4,174.48175074983624
Phone_1313,Samsung,6000,8,128,108,6.1,Mid-Range,7,7,5,7,635.7354936771015
Phone_1314,Oppo,4000,16,128,48,6.5,Mid-Range,5,7,7,6,325.48530250877553
Phone_1315,Apple,5000,8,1024,12,6.7,Mid-Range,5,6,5,8,456.24209565057777
Phone_1316,OnePlus,6000,12,1024,12,6.1,Premium,5,10,10,7,859.6707549635898
Phone_1317,Apple,3000,8,1024,48,6.1,Mid-Range,5,5,5,6,506.54772186069675
Phone_1318,Xiaomi,3000,4,256,50,6.8,Mid-Range,5,5,6,8,495.5184189473317
Phone_1319,Apple,4000,6,512,64,6.8,Mid-Range,5,6,7,6,562.5709731798835
Phone_1320,Apple,3000,6,512,48,6.4,Mid-Range,6,5,7,6,398.9950645961471
Phone_1321,Xiaomi,3000,4,1024,64,6.7,Mid-Range,8,6,7,7,388.6797733296189
Phone_1322,Oppo,3000,6,1024,12,6.7,Mid-Range,8,8,5,6,589.3306503121785
Phone_1323,Oppo,5000,4,256,48,6.8,Mid-Range,8,5,5,5,690.4820817810437
Phone_1324,Apple,3000,16,512,50,6.7,Premium,5,7,7,9,1142.9743799685375
Phone_1325,Xiaomi,4500,8,256,64,6.7,Mid-Range,8,7,8,7,616.7944829430816
Phone_1326,Xiaomi,6000,6,128,64,6.1,Budget,10,5,5,4,162.20917758647735
Phone_1327,OnePlus,3000,16,512,64,6.5,Premium,6,10,8,8,1133.066369472802
Phone_1328,Oppo,3000,6,1024,12,6.5,Mid-Range,7,8,5,7,575.8509595127289
Phone_1329,Samsung,3000,12,64,64,6.4,Mid-Range,7,8,6,4,418.3090529556764
Phone_1330,Oppo,4500,4,128,108,6.5,Budget,7,5,3,4,206.58818648436602
Phone_1331,Oppo,3000,4,64,64,6.7,Budget,10,6,5,4,279.2821510618205
Phone_1332,OnePlus,3000,16,256,12,6.1,Premium,7,8,7,10,916.318487831019
Phone_1333,Samsung,6000,12,256,48,6.5,Premium,4,7,10,10,781.0350932193678
Phone_1334,OnePlus,4500,8,256,64,6.7,Mid-Range,8,7,8,6,320.11925318022895
Phone_1335,Samsung,4500,12,1024,64,6.7,Premium,6,8,8,7,1206.1766544533007
Phone_1336,Apple,3000,12,256,48,6.8,Premium,4,8,7,6,850.7635223191767
Phone_1337,Samsung,4500,8,64,108,6.8,Mid-Range,5,7,7,8,442.5536837893828
Phone_1338,OnePlus,4000,8,128,12,6.5,Mid-Range,6,5,7,6,682.862810375437
Phone_1339,Oppo,4500,12,1024,48,6.8,Premium,5,9,7,9,727.3355339222459
Phone_1340,Samsung,4500,6,128,12,6.7,Budget,10,5,4,4,226.72410575702554
Phone_1341,Samsung,4500,6,256,48,6.7,Mid-Range,8,6,7,7,580.8261237499412
Phone_1342,Xiaomi,5000,12,512,50,6.8,Premium,6,7,8,6,808.1964375426616
Phone_1343,Oppo,5000,6,1024,108,6.1,Mid-Range,8,7,8,5,645.5656469868186
Phone_1344,Apple,5000,8,256,50,6.8,Mid-Range,8,6,6,4,486.52679694167483
Phone_1345,OnePlus,4500,8,1024,48,6.1,Mid-Range,5,6,7,4,645.2011037737051
Phone_1346,Apple,4000,6,512,48,6.8,Mid-Range,7,5,6,5,561.3799280159553
Phone_1347,Oppo,4500,8,64,12,6.7,Mid-Range,6,5,7,7,574.4243967231731
Phone_1348,Samsung,3000,4,64,48,6.7,Budget,9,5,3,2,213.48278072838806
Phone_1349,Samsung,4000,8,64,12,6.8,Mid-Range,7,7,6,7,398.03978308017133
Phone_1350,Oppo,5000,12,512,12,6.4,Premium,5,9,7,9,910.213692255814
Phone_1351,Samsung,6000,16,128,48,6.1,Mid-Range,7,8,8,7,406.2534589852593
Phone_1352,Samsung,4000,6,512,12,6.4,Mid-Range,6,6,5,6,496.01599868331374
Phone_1353,Samsung,5000,6,512,108,6.7,Mid-Range,8,6,5,8,495.986120744499
Phone_1354,OnePlus,4000,8,256,50,6.1,Mid-Range,7,8,5,7,393.6146833758158
Phone_1355,OnePlus,4000,8,64,48,6.8,Mid-Range,7,7,6,6,526.5976227736321
Phone_1356,Xiaomi,4500,16,1024,12,6.1,Premium,7,8,10,7,1467.174964271163
Phone_1357,Apple,3000,16,128,12,6.1,Mid-Range,8,7,5,6,351.6063812478129
Phone_1358,Oppo,6000,12,1024,12,6.5,Premium,7,9,7,9,1124.8189831642567
Phone_1359,Oppo,5000,4,256,12,6.1,Mid-Range,8,6,6,8,446.3305115967104
Phone_1360,Oppo,4000,12,256,108,6.7,Premium,4,7,7,9,824.4231086837981
Phone_1361,Xiaomi,6000,6,128,48,6.4,Budget,9,6,5,3,159.77272461124872
Phone_1362,OnePlus,4000,8,1024,48,6.4,Mid-Range,5,7,8,7,307.2932258565946
Phone_1363,Xiaomi,3000,12,128,108,6.8,Mid-Range,8,8,7,8,353.02449549903804
Phone_1364,Oppo,6000,8,128,108,6.5,Mid-Range,8,5,6,4,420.79797040799764
Phone_1365,Apple,5000,8,64,108,6.4,Mid-Range,6,6,5,8,624.165297999078
Phone_1366,Samsung,4000,12,1024,48,6.4,Premium,6,10,7,6,1337.4448492169051
Phone_1367,OnePlus,3000,12,64,64,6.1,Mid-Range,6,5,8,7,504.3546348406646
Phone_1368,OnePlus,6000,16,64,50,6.7,Mid-Range,8,7,5,8,463.6833304575771
Phone_1369,Xiaomi,4000,4,64,108,6.7,Budget,8,3,4,2,223.31622258587026
Phone_1370,OnePlus,4000,16,512,108,6.8,Premium,5,9,7,6,1190.4045222079685
Phone_1371,Oppo,5000,4,256,48,6.7,Mid-Range,8,6,6,4,659.4563410897435
Phone_1372,Oppo,3000,12,256,48,6.4,Premium,5,7,9,7,1480.4515342565624
Phone_1373,Xiaomi,4500,4,512,50,6.1,Mid-Range,5,7,5,8,429.6332935205086
Phone_1374,Oppo,4000,6,128,12,6.7,Budget,9,4,6,5,215.21384874222173
Phone_1375,Apple,6000,16,1024,48,6.5,Premium,6,7,10,6,933.9233057292154
Phone_1376,Xiaomi,5000,16,1024,50,6.5,Premium,6,8,9,9,851.9346853818033
Phone_1377,Apple,5000,16,1024,48,6.5,Premium,7,7,9,10,1200.586063996027
Phone_1378,Samsung,4000,8,64,48,6.7,Mid-Range,7,6,7,8,358.28435505882163
Phone_1379,Apple,4000,8,1024,48,6.1,Mid-Range,5,6,5,8,337.4306574879095
Phone_1380,Samsung,4000,12,1024,64,6.7,Premium,4,10,10,6,760.3398851890402
Phone_1381,Samsung,4500,12,1024,64,6.4,Premium,7,10,10,9,1129.2271872586177
Phone_1382,Apple,4000,8,256,108,6.7,Mid-Range,6,7,5,4,375.9848101217674
Phone_1383,Xiaomi,3000,16,512,64,6.5,Premium,7,8,9,8,1011.6490656986241
Phone_1384,Oppo,6000,8,128,50,6.5,Mid-Range,5,6,6,4,447.419539869402
Phone_1385,Oppo,4000,4,512,48,6.1,Mid-Range,7,6,8,8,367.6131235018942
Phone_1386,Samsung,4500,16,1024,64,6.8,Premium,4,10,9,8,1006.9943901783331
Phone_1387,Samsung,6000,8,128,48,6.5,Mid-Range,8,6,5,7,482.6587362369502
Phone_1388,Xiaomi,5000,12,128,12,6.5,Mid-Range,5,5,8,6,455.38393639786335
Phone_1389,OnePlus,4000,8,512,108,6.8,Mid-Range,7,8,8,5,431.78127053082244
Phone_1390,Apple,6000,6,512,64,6.7,Mid-Range,8,5,7,8,432.20498802442273
Phone_1391,Samsung,5000,8,512,48,6.5,Mid-Range,7,5,8,7,565.3764047691443
Phone_1392,Oppo,4500,16,512,12,6.1,Premium,5,9,10,8,1160.9948854498475
Phone_1393,Xiaomi,3000,8,64,108,6.7,Mid-Range,8,6,8,7,487.05664946547574
Phone_1394,Apple,4000,12,256,108,6.7,Premium,5,7,9,6,1166.732646494593
Phone_1395,Xiaomi,3000,4,256,12,6.5,Mid-Range,5,5,7,7,356.80042229628503
Phone_1396,Apple,4500,6,1024,64,6.7,Mid-Range,8,5,7,4,631.1508547732401
Phone_1397,Apple,6000,16,64,64,6.7,Mid-Range,6,8,8,7,670.7390983406344
Phone_1398,Samsung,6000,12,128,48,6.1,Mid-Range,8,6,7,6,620.8825286037788
Phone_1399,Xiaomi,4500,6,512,50,6.7,Mid-Range,6,8,7,4,480.5068129163062
Phone_1400,Xiaomi,4500,8,1024,48,6.5,Mid-Range,6,8,8,8,688.8774415376895
Phone_1401,Oppo,4000,6,128,48,6.5,Budget,9,6,3,3,168.921069943318
Phone_1402,Oppo,5000,4,256,48,6.8,Mid-Range,7,7,6,5,609.6331418284027
Phone_1403,Samsung,3000,6,128,12,6.4,Budget,7,6,3,5,281.80970020982534
Phone_1404,Samsung,3000,6,512,108,6.8,Mid-Range,7,6,6,8,583.1253449494036
Phone_1405,OnePlus,6000,8,512,108,6.1,Mid-Range,5,7,6,7,556.7945711262544
Phone_1406,Oppo,6000,8,256,50,6.1,Mid-Range,7,7,7,8,384.6448280787205
Phone_1407,Apple,4000,16,512,64,6.5,Premium,5,10,8,9,811.3122307180884
Phone_1408,Xiaomi,4500,8,64,48,6.4,Mid-Range,8,8,6,7,654.6870019316002
Phone_1409,Samsung,3000,6,1024,12,6.8,Mid-Range,8,7,7,8,371.9838513379939
Phone_1410,Xiaomi,4000,4,256,12,6.4,Mid-Range,6,6,7,5,360.7846644068809
Phone_1411,Xiaomi,6000,8,256,48,6.5,Mid-Range,6,6,6,6,413.66430684630734
Phone_1412,OnePlus,6000,16,128,12,6.7,Mid-Range,5,7,5,7,444.997239899929
Phone_1413,Oppo,3000,16,256,12,6.5,Premium,5,8,10,7,921.2525715775445
Phone_1414,Samsung,6000,6,1024,48,6.5,Mid-Range,6,5,7,5,542.2152253649936
Phone_1415,Xiaomi,6000,8,64,50,6.4,Mid-Range,6,5,6,6,616.2689312640986
Phone_1416,Samsung,5000,8,128,12,6.1,Mid-Range,8,5,8,8,329.3626749148009
Phone_1417,Apple,4500,16,1024,108,6.7,Premium,5,7,8,9,1367.2715639965338
Phone_1418,OnePlus,6000,8,256,108,6.7,Mid-Range,8,7,7,4,502.06476221509746
Phone_1419,Apple,5000,6,512,108,6.1,Mid-Range,5,6,8,7,400.3250432683386
Phone_1420,Samsung,4000,4,512,48,6.4,Mid-Range,5,8,7,4,649.3940793211247
Phone_1421,Samsung,6000,6,1024,108,6.4,Mid-Range,7,6,7,8,556.0671888324325
Phone_1422,Oppo,4000,8,64,64,6.1,Mid-Range,7,7,5,8,496.0935231664521
Phone_1423,Xiaomi,6000,6,512,12,6.8,Mid-Range,7,7,8,6,300.1774464413321
Phone_1424,Xiaomi,3000,12,1024,50,6.4,Premium,5,9,7,10,1407.3504627783623
Phone_1425,Apple,5000,12,128,108,6.1,Mid-Range,8,8,7,7,484.34415062955463
Phone_1426,OnePlus,5000,8,256,48,6.8,Mid-Range,6,8,5,7,512.5636970403498
Phone_1427,Xiaomi,3000,8,64,50,6.5,Mid-Range,8,5,5,5,579.3085855657913
Phone_1428,Oppo,4500,4,64,48,6.7,Budget,10,5,4,2,154.0981603948098
Phone_1429,Apple,5000,6,128,50,6.1,Budget,8,3,5,5,129.45588079129334
Phone_1430,Apple,4000,4,64,50,6.4,Budget,10,6,5,4,210.54114171092488
Phone_1431,Oppo,5000,8,1024,12,6.7,Mid-Range,7,7,5,5,348.763563805741
Phone_1432,OnePlus,4500,8,64,50,6.8,Mid-Range,7,5,6,6,596.2896764641421
Phone_1433,Oppo,4000,16,64,64,6.7,Mid-Range,7,6,6,8,351.7111310042879
Phone_1434,OnePlus,4000,4,64,64,6.1,Budget,9,4,4,5,106.89454397833114
Phone_1435,Oppo,3000,8,1024,64,6.5,Mid-Range,7,5,5,7,582.5979747640927
Phone_1436,Oppo,6000,12,256,48,6.8,Premium,6,7,10,10,873.4986644922981
Phone_1437,Samsung,3000,16,512,12,6.8,Premium,4,10,8,7,718.2730318587153
Phone_1438,Apple,6000,6,64,48,6.8,Budget,7,5,5,4,142.75656151886645
Phone_1439,Oppo,3000,16,128,108,6.7,Mid-Range,8,5,8,7,680.0044470654882
Phone_1440,Oppo,6000,6,128,64,6.5,Budget,8,5,5,3,264.59989604205555
Phone_1441,Xiaomi,5000,12,1024,12,6.1,Premium,5,7,10,6,1416.6251913037468
Phone_1442,Apple,4000,6,256,64,6.1,Mid-Range,5,5,5,6,509.0472383270044
Phone_1443,Xiaomi,6000,4,64,12,6.7,Budget,9,6,5,2,167.94417140684035
Phone_1444,Apple,5000,6,1024,48,6.1,Mid-Range,8,7,5,8,423.0848782744631
Phone_1445,Xiaomi,4500,6,512,48,6.1,Mid-Range,5,5,7,5,634.8602261185006
Phone_1446,Oppo,3000,16,256,64,6.5,Premium,4,10,9,10,1260.5724719468
Phone_1447,Oppo,4500,12,256,50,6.7,Premium,7,7,8,10,897.247901596005
Phone_1448,Samsung,5000,6,1024,12,6.7,Mid-Range,6,8,7,4,686.1445321382125
Phone_1449,Xiaomi,4500,4,128,108,6.8,Budget,8,6,3,2,256.9832938610074
Phone_1450,OnePlus,4500,16,256,50,6.1,Premium,4,8,9,9,1097.422992172545
Phone_1451,Samsung,5000,12,128,48,6.4,Mid-Range,6,7,8,5,584.9333683825706
Phone_1452,Xiaomi,4000,12,256,12,6.5,Premium,6,10,9,8,1206.7813605746799
Phone_1453,Xiaomi,6000,8,256,50,6.5,Mid-Range,6,7,5,8,404.18694013848915
Phone_1454,Samsung,3000,4,256,108,6.4,Mid-Range,5,5,8,6,360.8505053974551
Phone_1455,Oppo,6000,16,512,50,6.8,Premium,6,7,10,8,1338.8828972719557
Phone_1456,Xiaomi,3000,16,128,108,6.4,Mid-Range,5,6,7,6,661.8801138770301
Phone_1457,Oppo,6000,4,512,48,6.4,Mid-Range,6,8,6,8,455.4361559542598
Phone_1458,Samsung,4500,12,128,12,6.8,Mid-Range,8,6,6,8,415.2342787443546
Phone_1459,Oppo,4000,6,512,48,6.4,Mid-Range,6,8,6,4,581.4255338986443
Phone_1460,Apple,4500,4,512,12,6.8,Mid-Range,8,6,5,7,647.8422390797032
Phone_1461,OnePlus,4000,16,512,50,6.1,Premium,7,9,9,7,1223.4589978067304
Phone_1462,Xiaomi,5000,4,1024,48,6.8,Mid-Range,7,6,5,7,623.1686739081649
Phone_1463,OnePlus,3000,12,512,12,6.7,Premium,4,7,9,10,1292.3019413847048
Phone_1464,Oppo,3000,8,256,108,6.7,Mid-Range,8,8,5,7,398.9264799473714
Phone_1465,Xiaomi,5000,8,64,12,6.4,Mid-Range,6,6,6,8,489.18271983018224
Phone_1466,Oppo,6000,6,512,48,6.7,Mid-Range,6,8,7,6,326.69231967551065
Phone_1467,Apple,5000,6,64,48,6.8,Budget,9,4,3,3,176.81861395749445
Phone_1468,Samsung,5000,12,64,50,6.1,Mid-Range,7,8,6,6,649.7362790664966
Phone_1469,Xiaomi,4000,6,256,108,6.8,Mid-Range,8,5,8,8,570.9506908502858
Phone_1470,Apple,5000,8,64,12,6.5,Mid-Range,8,5,5,4,421.1541526952162
Phone_1471,Apple,3000,12,64,48,6.4,Mid-Range,6,8,5,7,366.6835151569229
Phone_1472,Xiaomi,4500,12,64,12,6.1,Mid-Range,6,7,7,4,579.5219336163765
Phone_1473,Oppo,4000,12,128,64,6.4,Mid-Range,6,8,5,6,341.2354741723895
Phone_1474,Apple,4000,4,512,108,6.5,Mid-Range,6,7,5,4,464.4433241425357
Phone_1475,OnePlus,6000,6,512,108,6.7,Mid-Range,5,7,8,6,335.5235891598007
Phone_1476,Apple,4500,16,64,64,6.5,Mid-Range,7,8,5,6,470.5827040276676
Phone_1477,Oppo,4000,8,256,108,6.7,Mid-Range,5,7,8,4,353.79770328985944
Phone_1478,Oppo,5000,6,128,64,6.4,Budget,8,3,3,2,297.5458893052968
Phone_1479,OnePlus,4000,8,256,12,6.4,Mid-Range,6,8,8,7,479.8937496001978
Phone_1480,Apple,4000,6,256,64,6.4,Mid-Range,6,5,7,5,527.077554441687
Phone_1481,Oppo,4000,16,64,50,6.8,Mid-Range,5,7,5,5,475.73646483531445
Phone_1482,Xiaomi,6000,8,1024,64,6.1,Mid-Range,7,6,5,4,370.459072767737
Phone_1483,Samsung,4000,16,64,12,6.8,Mid-Range,7,7,7,7,330.9725421756635
Phone_1484,Samsung,4000,8,1024,108,6.5,Mid-Range,5,5,5,4,350.54677311217165
Phone_1485,Samsung,6000,4,128,50,6.1,Budget,10,5,4,2,107.16145956149667
Phone_1486,Apple,4500,4,1024,64,6.4,Mid-Range,6,8,8,6,306.35046091838535
Phone_1487,OnePlus,3000,8,64,12,6.4,Mid-Range,8,7,6,5,645.3265350130384
Phone_1488,Oppo,6000,8,64,50,6.4,Mid-Range,5,7,7,5,636.0356562385061
Phone_1489,Xiaomi,6000,16,256,50,6.7,Premium,5,8,8,8,1203.4797369108733
Phone_1490,Xiaomi,4000,12,64,50,6.5,Mid-Range,6,5,6,7,651.4981588442082
Phone_1491,Apple,4000,8,64,64,6.8,Mid-Range,7,5,7,5,567.0061677123797
Phone_1492,Samsung,3000,6,512,12,6.5,Mid-Range,7,7,6,6,638.9723641752087
Phone_1493,Apple,4000,6,512,12,6.7,Mid-Range,7,7,8,7,592.1321010959554
Phone_1494,OnePlus,5000,6,256,12,6.7,Mid-Range,8,5,7,5,420.0483471840816
Phone_1495,OnePlus,4000,4,1024,48,6.5,Mid-Range,6,7,6,8,602.0508970461874
Phone_1496,Oppo,4000,16,1024,108,6.7,Premium,5,10,10,9,919.0766525984328
Phone_1497,Oppo,5000,4,512,12,6.1,Mid-Range,8,6,7,4,310.9959752653458
Phone_1498,OnePlus,3000,6,128,48,6.4,Budget,7,4,4,5,222.88684075292326
Phone_1499,OnePlus,5000,8,512,48,6.8,Mid-Range,7,8,7,7,648.3340274743214
Phone_1500,OnePlus,6000,6,128,50,6.7,Budget,7,5,3,5,162.84838839825431
Phone_1501,Apple,5000,8,1024,108,6.8,Mid-Range,5,6,5,4,494.81069583452995
Phone_1502,OnePlus,4500,16,512,50,6.4,Premium,7,7,7,7,1181.3631956900588
Phone_1503,Xiaomi,6000,12,64,108,6.5,Mid-Range,7,7,5,6,587.5339208006685
Phone_1504,Samsung,4000,8,128,50,6.4,Mid-Range,5,8,5,6,386.1814653403844
Phone_1505,OnePlus,6000,4,128,64,6.8,Budget,8,5,6,2,115.04611004692482
Phone_1506,Samsung,3000,6,128,108,6.1,Budget,9,5,4,5,111.85249733984955
Phone_1507,Apple,3000,6,1024,48,6.5,Mid-Range,7,7,5,7,404.5988874312129
Phone_1508,Samsung,5000,6,256,48,6.7,Mid-Range,6,7,8,7,623.6717710575119
Phone_1509,Apple,6000,8,64,108,6.1,Mid-Range,8,8,7,7,369.7502777591685
Phone_1510,Xiaomi,4000,16,512,50,6.4,Premium,4,7,8,7,1267.6963931671296
Phone_1511,Apple,3000,8,128,64,6.8,Mid-Range,8,5,5,4,691.1462891648516
Phone_1512,Apple,4000,4,1024,64,6.8,Mid-Range,5,6,6,7,427.9494700836883
Phone_1513,Oppo,4500,6,128,12,6.8,Budget,8,3,3,5,149.06757099216225
Phone_1514,OnePlus,3000,8,512,108,6.4,Mid-Range,5,5,8,7,526.5658787234458
Phone_1515,OnePlus,5000,6,64,64,6.5,Budget,9,4,4,5,158.58421407081516
Phone_1516,Xiaomi,4500,4,128,50,6.7,Budget,9,4,3,5,242.4666720004149
Phone_1517,Xiaomi,6000,12,1024,50,6.1,Premium,7,8,7,6,750.0859941015194
Phone_1518,OnePlus,4000,12,1024,48,6.4,Premium,7,10,7,8,1273.9834540276793
Phone_1519,Oppo,3000,12,256,64,6.8,Premium,5,7,8,8,887.66334129854
Phone_1520,OnePlus,4500,6,1024,64,6.7,Mid-Range,8,6,6,5,402.92662362190913
Phone_1521,Oppo,4500,8,256,50,6.8,Mid-Range,7,6,8,7,590.3177331954394
Phone_1522,Xiaomi,3000,6,64,48,6.4,Budget,10,3,5,3,210.75970947363686
Phone_1523,Samsung,6000,16,512,64,6.8,Premium,5,10,10,9,717.1789755228293
Phone_1524,Xiaomi,6000,8,256,50,6.4,Mid-Range,8,5,7,6,598.752884352501
Phone_1525,Xiaomi,5000,4,128,48,6.8,Budget,7,4,4,4,206.0922709296173
Phone_1526,Apple,6000,12,128,48,6.4,Mid-Range,7,6,5,8,374.3334106867089
Phone_1527,Apple,5000,8,512,50,6.8,Mid-Range,6,5,8,6,574.8447146809382
Phone_1528,Apple,4500,8,1024,48,6.7,Mid-Range,6,8,8,8,403.22098607512305
Phone_1529,Apple,3000,12,128,48,6.7,Mid-Range,5,7,7,7,604.1966718520621
Phone_1530,Oppo,6000,4,256,12,6.8,Mid-Range,7,8,8,8,491.48675635894165
Phone_1531,OnePlus,5000,6,512,48,6.8,Mid-Range,7,6,7,6,537.9941156746987
Phone_1532,Samsung,4500,6,128,64,6.4,Budget,7,5,5,5,284.16758397685965
Phone_1533,Xiaomi,6000,8,1024,48,6.4,Mid-Range,7,5,7,5,358.7242013347261
Phone_1534,Oppo,4000,12,1024,64,6.4,Premium,7,10,10,6,903.5131351973707
Phone_1535,Samsung,4500,16,128,50,6.5,Mid-Range,8,8,5,4,646.8509287530612
Phone_1536,Oppo,6000,4,512,48,6.8,Mid-Range,7,5,6,7,656.4808060793305
Phone_1537,Oppo,4500,6,64,50,6.8,Budget,10,4,5,5,141.7378538928271
Phone_1538,Xiaomi,3000,4,128,108,6.8,Budget,10,5,5,4,250.0114871084349
Phone_1539,OnePlus,3000,4,1024,48,6.8,Mid-Range,6,6,5,5,539.3104661912587
Phone_1540,Apple,3000,4,64,50,6.4,Budget,8,3,4,5,270.0196366316721
Phone_1541,OnePlus,4000,12,512,108,6.4,Premium,5,9,7,8,1241.7790693737188
Phone_1542,Xiaomi,3000,12,1024,64,6.5,Premium,4,10,7,9,1412.5012739989743
Phone_1543,Xiaomi,4000,12,512,64,6.4,Premium,6,9,9,6,1064.617696594261
Phone_1544,Xiaomi,3000,8,128,64,6.8,Mid-Range,6,5,6,8,405.9395668338618
Phone_1545,Samsung,4500,12,512,64,6.8,Premium,6,8,7,10,1241.7421421980123
Phone_1546,OnePlus,6000,8,1024,64,6.1,Mid-Range,8,5,7,4,606.6197090725232
Phone_1547,OnePlus,6000,6,128,12,6.4,Budget,7,5,4,3,259.8976800838175
Phone_1548,Oppo,3000,6,1024,50,6.1,Mid-Range,7,6,8,4,524.4731436110628
Phone_1549,Oppo,6000,6,1024,108,6.8,Mid-Range,5,6,6,5,393.77237148539257
Phone_1550,Oppo,3000,6,64,108,6.4,Budget,9,6,6,3,141.4270181709383
Phone_1551,Xiaomi,3000,6,256,48,6.8,Mid-Range,7,6,7,6,335.03469687930783
Phone_1552,OnePlus,5000,12,512,50,6.1,Premium,4,8,7,6,1358.889654411111
Phone_1553,Xiaomi,5000,16,512,12,6.1,Premium,7,9,9,8,1224.7297780896204
Phone_1554,Samsung,5000,12,64,12,6.7,Mid-Range,5,7,8,7,331.4253703247967
Phone_1555,Oppo,4000,16,512,50,6.7,Premium,4,7,8,7,1405.9709216700826
Phone_1556,Xiaomi,5000,12,64,64,6.4,Mid-Range,7,5,5,7,610.1611921432753
Phone_1557,Xiaomi,3000,6,512,64,6.4,Mid-Range,8,5,6,4,452.55256794412423
Phone_1558,Samsung,4500,4,512,50,6.4,Mid-Range,5,5,6,7,352.0910375726492
Phone_1559,Apple,5000,16,1024,108,6.4,Premium,6,9,9,7,1496.6621687886418
Phone_1560,OnePlus,5000,4,64,64,6.4,Budget,8,5,5,3,266.9576809160862
Phone_1561,Apple,4500,6,512,48,6.4,Mid-Range,7,5,8,6,469.1901063459079
Phone_1562,Oppo,3000,16,256,12,6.4,Premium,5,8,7,9,757.8173813302129
Phone_1563,Xiaomi,4000,4,64,64,6.1,Budget,8,3,6,4,183.343586526585
Phone_1564,Samsung,5000,12,64,108,6.1,Mid-Range,6,7,5,5,618.4836633620644
Phone_1565,Samsung,4500,6,64,64,6.1,Budget,7,5,6,2,285.3131861700847
Phone_1566,OnePlus,3000,12,1024,64,6.8,Premium,5,8,9,8,1394.2803716839107
Phone_1567,Apple,6000,12,64,12,6.5,Mid-Range,7,7,6,5,681.2390913278525
Phone_1568,OnePlus,4000,6,1024,48,6.8,Mid-Range,6,5,8,7,382.73112103241186
Phone_1569,Xiaomi,4500,16,256,48,6.4,Premium,4,9,9,7,782.774251642452
Phone_1570,OnePlus,4500,8,128,108,6.5,Mid-Range,5,8,7,7,694.6379358578993
Phone_1571,Samsung,4500,8,1024,50,6.1,Mid-Range,7,8,6,4,619.7118192459366
Phone_1572,Samsung,5000,6,512,50,6.1,Mid-Range,7,7,7,6,456.36394140696325
Phone_1573,Oppo,6000,8,64,50,6.7,Mid-Range,5,5,7,7,389.65791953708026
Phone_1574,Oppo,4000,4,128,108,6.4,Budget,8,5,4,5,100.86486771887613
Phone_1575,Xiaomi,3000,16,1024,64,6.4,Premium,6,9,8,9,1482.0502874152207
Phone_1576,Apple,3000,12,512,48,6.7,Premium,4,8,7,7,941.7928147669807
Phone_1577,OnePlus,6000,12,128,48,6.8,Mid-Range,5,8,8,7,678.2246477382562
Phone_1578,Xiaomi,4500,6,256,64,6.7,Mid-Range,8,7,6,7,609.0229277679789
Phone_1579,Oppo,4500,12,1024,48,6.4,Premium,4,10,9,9,726.4667732946563
Phone_1580,OnePlus,4500,4,1024,48,6.1,Mid-Range,5,8,5,5,466.07171733188557
Phone_1581,Oppo,4500,4,256,50,6.7,Mid-Range,7,8,6,5,556.4723865392755
Phone_1582,OnePlus,4500,6,1024,50,6.5,Mid-Range,7,5,6,6,568.4862377696819
Phone_1583,Apple,6000,12,64,12,6.1,Mid-Range,8,5,5,8,402.91160648884374
Phone_1584,Xiaomi,5000,8,1024,12,6.8,Mid-Range,6,6,7,8,595.4718006704163
Phone_1585,OnePlus,4000,8,64,48,6.1,Mid-Range,5,7,8,4,358.4467865696162
Phone_1586,Samsung,4500,16,1024,50,6.8,Premium,4,9,9,9,860.6949164150124
Phone_1587,Samsung,5000,6,512,12,6.1,Mid-Range,6,6,7,8,535.8833507050601
Phone_1588,OnePlus,3000,16,512,12,6.4,Premium,5,8,8,9,1339.7610256590226
Phone_1589,OnePlus,6000,8,128,50,6.8,Mid-Range,8,7,5,8,581.8325872377757
Phone_1590,OnePlus,5000,8,512,12,6.8,Mid-Range,6,8,8,4,533.1655011687632
Phone_1591,Samsung,4500,8,256,64,6.7,Mid-Range,7,7,6,4,319.81738181952176
Phone_1592,Samsung,4500,16,128,64,6.1,Mid-Range,8,5,5,8,691.0811988498019
Phone_1593,OnePlus,4500,6,512,50,6.8,Mid-Range,6,7,6,8,605.395583046567
Phone_1594,Oppo,5000,4,64,50,6.8,Budget,10,5,4,2,257.58708375890086
Phone_1595,Oppo,4500,4,1024,12,6.1,Mid-Range,8,6,5,7,621.5712636289825
Phone_1596,Apple,5000,8,512,48,6.1,Mid-Range,6,6,5,6,384.95747764398135
Phone_1597,Xiaomi,4500,6,64,108,6.5,Budget,9,6,6,5,249.15468616887048
Phone_1598,Oppo,3000,6,128,64,6.7,Budget,10,6,3,5,289.3322582540659
Phone_1599,Samsung,3000,12,1024,64,6.8,Premium,6,9,8,7,954.9725367250619
Phone_1600,Oppo,4000,12,512,50,6.1,Premium,4,7,10,7,1151.5683480791527
Phone_1601,Apple,4500,16,128,48,6.8,Mid-Range,5,5,7,8,696.1175516383712
Phone_1602,Apple,4500,12,512,50,6.5,Premium,4,8,10,10,1456.5790998568557
Phone_1603,Xiaomi,5000,16,128,12,6.5,Mid-Range,6,8,8,8,627.9210688322925
Phone_1604,Oppo,5000,4,512,48,6.8,Mid-Range,8,8,7,4,329.65722798063115
Phone_1605,Samsung,4500,8,64,12,6.7,Mid-Range,5,7,5,6,592.9763705616087
Phone_1606,Samsung,4000,6,256,64,6.4,Mid-Range,6,8,8,5,580.5579995296109
Phone_1607,OnePlus,4500,4,64,50,6.8,Budget,7,4,6,4,155.53500703459815
Phone_1608,Samsung,5000,4,1024,50,6.5,Mid-Range,7,5,8,6,591.48669469841
Phone_1609,Xiaomi,4500,16,512,108,6.7,Premium,6,9,7,9,1407.6344704594335
Phone_1610,Xiaomi,5000,8,256,48,6.1,Mid-Range,6,7,6,5,480.18111257083024
Phone_1611,Samsung,4500,16,256,64,6.7,Premium,4,7,8,10,792.4213748257517
Phone_1612,Samsung,6000,4,1024,108,6.7,Mid-Range,6,7,8,5,528.2905285797842
Phone_1613,OnePlus,5000,6,1024,108,6.8,Mid-Range,8,6,7,4,471.3290204057844
Phone_1614,Samsung,4000,12,256,50,6.7,Premium,5,7,9,9,747.210881699392
Phone_1615,OnePlus,6000,16,1024,48,6.1,Premium,5,8,10,7,1241.8453772189546
Phone_1616,OnePlus,4500,4,1024,50,6.8,Mid-Range,6,8,5,8,424.45437544887824
Phone_1617,Samsung,5000,12,512,48,6.5,Premium,7,9,10,10,1337.3504958046167
Phone_1618,Apple,6000,12,64,108,6.1,Mid-Range,6,7,6,6,429.1975150249537
Phone_1619,Apple,4000,4,128,12,6.8,Budget,10,6,4,3,134.2593074435103
Phone_1620,OnePlus,5000,8,256,64,6.8,Mid-Range,7,5,7,6,630.4086845190991
Phone_1621,Samsung,6000,4,128,108,6.4,Budget,9,3,6,4,190.98398305734264
Phone_1622,Apple,6000,6,256,50,6.1,Mid-Range,5,6,7,5,534.4368628492964
Phone_1623,Samsung,6000,12,256,64,6.7,Premium,5,7,8,7,722.5694228240573
Phone_1624,Samsung,3000,6,64,108,6.1,Budget,10,6,3,3,192.50093316715035
Phone_1625,Samsung,4500,16,256,48,6.1,Premium,4,9,9,8,1364.587895026511
Phone_1626,Oppo,5000,12,256,50,6.4,Premium,6,7,8,8,879.6636528273784
Phone_1627,Samsung,5000,8,64,108,6.7,Mid-Range,6,6,5,7,348.9940432245596
Phone_1628,Oppo,5000,4,1024,48,6.4,Mid-Range,6,8,5,7,532.8128891536983
Phone_1629,OnePlus,6000,16,128,48,6.4,Mid-Range,7,5,6,4,529.6171887546438
Phone_1630,Apple,4500,6,256,48,6.4,Mid-Range,7,6,8,8,417.25929155679296
Phone_1631,Apple,4000,16,64,64,6.1,Mid-Range,5,5,6,8,473.7843231794052
Phone_1632,Apple,5000,8,256,50,6.4,Mid-Range,6,5,5,5,335.41138853778864
Phone_1633,Apple,4500,4,64,48,6.5,Budget,9,6,3,4,256.4342125540245
Phone_1634,Apple,4500,16,128,108,6.7,Mid-Range,8,5,5,8,631.3327398554846
Phone_1635,Apple,3000,6,512,48,6.7,Mid-Range,8,5,7,8,485.78926680726687
Phone_1636,Apple,5000,16,1024,50,6.4,Premium,6,8,10,10,1131.6245947244495
Phone_1637,OnePlus,6000,4,512,64,6.1,Mid-Range,7,7,6,7,684.7473849530288
Phone_1638,Samsung,4500,16,64,48,6.8,Mid-Range,6,8,6,4,383.9765778922308
Phone_1639,Xiaomi,4500,6,256,108,6.8,Mid-Range,7,7,6,4,426.76346634303746
Phone_1640,Oppo,4000,4,1024,50,6.1,Mid-Range,5,5,6,7,689.0140114314476
Phone_1641,Xiaomi,3000,8,128,48,6.4,Mid-Range,5,5,8,7,372.3543406339677
Phone_1642,Xiaomi,4500,8,1024,64,6.4,Mid-Range,5,6,6,6,687.4901773539125
Phone_1643,Samsung,4500,12,256,12,6.5,Premium,6,8,9,6,1369.2711541717067
Phone_1644,Samsung,6000,16,512,108,6.8,Premium,5,8,9,10,959.7807458382254
Phone_1645,Samsung,6000,6,64,48,6.8,Budget,7,4,4,4,164.920561712901
Phone_1646,Apple,4000,16,512,48,6.7,Premium,4,8,10,10,1137.7331076859537
Phone_1647,OnePlus,4000,4,1024,12,6.4,Mid-Range,8,6,7,5,621.8951144475857
Phone_1648,Apple,4000,12,256,50,6.1,Premium,5,10,8,8,812.2560617416649
Phone_1649,OnePlus,6000,6,64,12,6.4,Budget,10,6,5,5,299.72442915339764
Phone_1650,OnePlus,6000,16,256,50,6.4,Premium,6,10,8,7,980.8621636938519
Phone_1651,Xiaomi,3000,6,256,48,6.5,Mid-Range,5,8,7,6,471.82917432283324
Phone_1652,Xiaomi,5000,4,1024,12,6.1,Mid-Range,8,6,7,8,376.5609427408211
Phone_1653,OnePlus,5000,12,512,48,6.5,Premium,6,9,9,6,816.1530481596451
Phone_1654,OnePlus,3000,6,256,12,6.5,Mid-Range,5,7,5,4,438.7022256644034
Phone_1655,Apple,5000,4,256,48,6.5,Mid-Range,5,5,6,8,352.26172773959183
Phone_1656,Apple,6000,8,256,48,6.5,Mid-Range,8,8,6,4,391.8846467062194
Phone_1657,Xiaomi,5000,6,64,48,6.4,Budget,8,3,3,2,232.26061764960286
Phone_1658,Samsung,6000,12,256,64,6.7,Premium,7,10,9,9,738.9388713870197
Phone_1659,OnePlus,3000,6,256,12,6.4,Mid-Range,6,5,6,8,660.4081583662208
Phone_1660,Apple,4000,6,1024,64,6.5,Mid-Range,6,8,6,8,485.56122150105216
Phone_1661,Xiaomi,3000,4,256,48,6.5,Mid-Range,8,5,5,5,361.64004300071537
Phone_1662,Apple,5000,16,256,108,6.7,Premium,6,9,8,9,967.554049642527
Phone_1663,OnePlus,6000,16,1024,50,6.8,Premium,4,10,10,10,1113.269054980083
Phone_1664,OnePlus,5000,6,64,12,6.1,Budget,7,4,3,2,169.26154292881262
Phone_1665,Oppo,5000,12,512,12,6.5,Premium,5,10,9,6,1112.2321916630654
Phone_1666,Samsung,4000,12,1024,50,6.5,Premium,7,10,9,10,946.4000822123298
Phone_1667,Oppo,5000,4,64,64,6.4,Budget,10,6,3,2,130.88496225666646
Phone_1668,Xiaomi,4000,6,512,50,6.5,Mid-Range,8,6,6,8,345.50478572470894
Phone_1669,Apple,6000,6,256,108,6.5,Mid-Range,5,6,6,4,313.13941646866914
Phone_1670,Xiaomi,6000,16,1024,48,6.1,Premium,5,10,9,6,823.7784866787078
Phone_1671,OnePlus,4000,4,256,50,6.4,Mid-Range,8,6,7,7,570.8299308743447
Phone_1672,Oppo,3000,8,1024,50,6.8,Mid-Range,5,7,6,4,497.4242076309506
Phone_1673,Oppo,6000,12,512,48,6.5,Premium,5,10,8,10,1228.7142844332725
Phone_1674,Oppo,3000,12,64,12,6.5,Mid-Range,8,8,5,8,345.6801714017293
Phone_1675,Xiaomi,6000,6,1024,108,6.8,Mid-Range,5,5,5,6,378.1193320737028
Phone_1676,OnePlus,6000,4,64,50,6.7,Budget,10,4,4,2,126.81912369686088
Phone_1677,Apple,4500,8,256,50,6.8,Mid-Range,5,6,6,6,565.2189481088991
Phone_1678,Apple,5000,12,256,12,6.8,Premium,4,8,10,8,802.070788014089
Phone_1679,Xiaomi,5000,4,512,108,6.4,Mid-Range,7,5,7,6,621.2195961295754
Phone_1680,Oppo,3000,8,512,48,6.8,Mid-Range,8,7,7,4,309.91841765292094
Phone_1681,Samsung,5000,6,128,48,6.4,Budget,7,3,3,3,153.9722484014821
Phone_1682,Xiaomi,3000,16,128,64,6.8,Mid-Range,5,5,5,6,400.6252271745939
Phone_1683,Xiaomi,6000,12,512,108,6.5,Premium,6,9,7,9,1392.9056809365873
Phone_1684,OnePlus,4500,12,256,108,6.5,Premium,7,10,10,9,739.9839582439125
Phone_1685,Apple,4500,8,64,50,6.7,Mid-Range,5,8,6,5,588.0188096733867
Phone_1686,Xiaomi,6000,16,512,64,6.8,Premium,7,7,10,7,1309.2079538829885
Phone_1687,Xiaomi,4000,4,64,48,6.1,Budget,10,5,3,4,218.14333181813038
Phone_1688,Oppo,4000,6,128,108,6.8,Budget,8,5,5,4,209.1272617634014
Phone_1689,Oppo,5000,4,64,108,6.1,Budget,7,3,3,2,164.1163906965814
Phone_1690,Samsung,3000,8,512,12,6.8,Mid-Range,8,7,6,7,402.8026538795901
Phone_1691,OnePlus,4500,12,256,48,6.4,Premium,6,9,8,7,1247.4031642769019
Phone_1692,Samsung,5000,12,512,12,6.5,Premium,5,9,10,6,1301.8270039378772
Phone_1693,Oppo,6000,4,1024,64,6.1,Mid-Range,5,7,5,4,561.5471746240421
Phone_1694,Apple,4500,6,1024,108,6.1,Mid-Range,7,7,8,4,548.5401051679733
Phone_1695,Oppo,3000,8,1024,64,6.8,Mid-Range,7,5,6,6,405.56694538279737
Phone_1696,OnePlus,3000,6,256,12,6.5,Mid-Range,5,6,7,5,468.73590328394
Phone_1697,Oppo,4000,8,512,48,6.7,Mid-Range,6,7,6,7,612.92261933559
Phone_1698,OnePlus,5000,6,1024,108,6.1,Mid-Range,7,6,6,4,402.17521392718254
Phone_1699,OnePlus,6000,4,512,48,6.5,Mid-Range,8,6,8,4,607.3465821009396
Phone_1700,OnePlus,4500,16,128,64,6.5,Mid-Range,8,7,8,5,426.5542765860405
Phone_1701,OnePlus,3000,8,1024,50,6.1,Mid-Range,6,7,6,4,635.8260311005595
Phone_1702,OnePlus,4500,4,1024,48,6.4,Mid-Range,6,5,8,5,312.2015424325433
Phone_1703,Apple,6000,12,256,48,6.4,Premium,5,9,10,10,1288.1364020891356
Phone_1704,Samsung,4500,12,512,48,6.8,Premium,6,9,10,8,779.3011757411314
Phone_1705,Xiaomi,5000,6,256,108,6.8,Mid-Range,5,7,5,4,656.2276076405692
Phone_1706,Samsung,4000,12,256,64,6.5,Premium,5,10,10,9,1151.471651976321
Phone_1707,OnePlus,4500,16,512,64,6.1,Premium,7,7,10,9,1323.9363414699706
Phone_1708,Apple,4000,8,128,108,6.4,Mid-Range,5,6,8,5,396.8307190603616
Phone_1709,Oppo,6000,6,512,48,6.5,Mid-Range,6,8,5,7,351.3421779129541
Phone_1710,Apple,4000,8,128,48,6.4,Mid-Range,6,5,8,7,539.2969348569857
Phone_1711,OnePlus,4500,8,256,50,6.1,Mid-Range,8,8,5,8,413.31973841770775
Phone_1712,Apple,4500,4,128,48,6.4,Budget,7,5,3,2,269.99380174139117
Phone_1713,Apple,3000,12,128,12,6.7,Mid-Range,6,8,8,8,490.5399294362811
Phone_1714,OnePlus,4500,8,128,48,6.8,Mid-Range,8,7,7,5,355.2638970772601
Phone_1715,Apple,4000,16,1024,50,6.4,Premium,6,9,9,7,962.6116882009776
Phone_1716,Xiaomi,3000,16,1024,12,6.1,Premium,7,8,7,6,913.4603104510148
Phone_1717,Xiaomi,4500,12,256,50,6.1,Premium,6,9,10,9,1142.701650269886
Phone_1718,Apple,4500,12,512,50,6.7,Premium,6,8,9,6,835.0154233880771
Phone_1719,Oppo,6000,6,128,64,6.1,Budget,9,6,3,4,176.3033451020499
Phone_1720,OnePlus,3000,6,1024,108,6.7,Mid-Range,8,7,7,7,651.5858062645026
Phone_1721,Xiaomi,6000,6,512,50,6.5,Mid-Range,5,5,6,4,319.1810075344845
Phone_1722,Oppo,6000,12,128,48,6.4,Mid-Range,7,8,5,4,620.4914322047626
Phone_1723,Apple,6000,8,512,64,6.1,Mid-Range,8,8,6,7,470.3165997390083
Phone_1724,Oppo,5000,4,64,12,6.8,Budget,10,3,3,4,150.8362245691542
Phone_1725,Samsung,6000,6,128,108,6.4,Budget,7,4,5,5,165.76300509942973
Phone_1726,Xiaomi,4000,4,512,64,6.7,Mid-Range,5,6,7,5,365.9666939551978
Phone_1727,Apple,4500,16,128,50,6.4,Mid-Range,6,8,7,8,683.7998512511449
Phone_1728,OnePlus,5000,12,128,64,6.4,Mid-Range,8,6,7,7,361.88586352568365
Phone_1729,Apple,6000,16,64,48,6.1,Mid-Range,5,6,7,5,434.517309769139
Phone_1730,OnePlus,4500,6,512,48,6.8,Mid-Range,8,5,5,8,691.5220439526547
Phone_1731,Apple,3000,8,256,48,6.5,Mid-Range,7,8,5,8,384.73837143191315
Phone_1732,Oppo,3000,6,1024,108,6.8,Mid-Range,7,8,5,8,552.4734157909184
Phone_1733,Oppo,4500,4,128,64,6.7,Budget,7,5,6,2,223.33068464950583
Phone_1734,Oppo,4000,6,128,64,6.8,Budget,8,5,4,5,291.6866694876478
Phone_1735,Samsung,4500,8,128,50,6.8,Mid-Range,7,7,7,5,565.1049239786587
Phone_1736,OnePlus,4500,8,128,12,6.7,Mid-Range,5,8,5,4,548.6182987459167
Phone_1737,Oppo,5000,12,1024,48,6.8,Premium,4,9,9,9,822.0969587736081
Phone_1738,Samsung,3000,12,256,12,6.5,Premium,4,10,10,9,1135.3784739060702
Phone_1739,OnePlus,3000,8,64,12,6.4,Mid-Range,7,5,5,5,517.5027173182301
Phone_1740,Apple,6000,8,256,48,6.5,Mid-Range,7,8,8,4,565.3182499036259
Phone_1741,Samsung,4500,4,1024,48,6.4,Mid-Range,6,8,6,8,595.5351361707303
Phone_1742,Xiaomi,4500,6,512,50,6.4,Mid-Range,5,8,6,7,511.0840602812696
Phone_1743,Samsung,4000,12,64,108,6.8,Mid-Range,8,8,8,8,655.0882486681556
Phone_1744,Samsung,3000,4,64,48,6.4,Budget,7,4,6,5,185.3626542633234
Phone_1745,OnePlus,4000,6,512,12,6.7,Mid-Range,7,8,6,8,458.10728355355377
Phone_1746,Apple,5000,12,128,50,6.5,Mid-Range,6,8,8,8,546.6518407071094
Phone_1747,Xiaomi,6000,4,1024,64,6.4,Mid-Range,7,6,8,4,307.58887077016175
Phone_1748,Oppo,4000,16,512,50,6.8,Premium,4,7,10,6,1158.5713784617597
Phone_1749,Oppo,3000,16,256,48,6.8,Premium,4,7,8,9,899.27429764579
Phone_1750,Samsung,5000,12,256,48,6.8,Premium,5,9,7,9,1138.1022223156517
Phone_1751,OnePlus,4500,4,512,108,6.1,Mid-Range,7,6,7,5,432.70915395247084
Phone_1752,OnePlus,5000,6,1024,50,6.5,Mid-Range,8,6,7,5,570.860093959325
Phone_1753,Oppo,4000,6,64,48,6.8,Budget,8,5,5,2,215.7205240690418
Phone_1754,Xiaomi,3000,4,64,12,6.7,Budget,9,4,6,5,210.33905221070683
Phone_1755,Apple,4000,16,128,12,6.8,Mid-Range,5,6,7,6,399.38996949465604
Phone_1756,Xiaomi,4500,4,1024,50,6.1,Mid-Range,7,7,5,6,627.3158189705957
Phone_1757,Apple,4500,16,256,108,6.5,Premium,5,7,7,9,1236.839796999359
Phone_1758,Oppo,3000,16,256,50,6.4,Premium,4,8,10,9,1331.1628593993996
Phone_1759,Apple,6000,6,128,108,6.5,Budget,7,5,5,3,149.36597604174278
Phone_1760,OnePlus,5000,12,256,12,6.4,Premium,4,8,7,10,728.8649376872756
Phone_1761,Samsung,5000,8,128,48,6.4,Mid-Range,7,7,8,4,437.932392657072
Phone_1762,Samsung,4500,4,128,64,6.8,Budget,7,5,3,2,239.17736387986412
Phone_1763,Oppo,4000,16,512,48,6.7,Premium,4,8,10,9,954.7488509015
Phone_1764,OnePlus,4000,4,64,12,6.7,Budget,7,3,5,5,133.11274465681598
Phone_1765,Xiaomi,6000,12,1024,12,6.8,Premium,7,9,10,8,700.5071190512278
Phone_1766,OnePlus,4000,12,1024,48,6.1,Premium,4,8,10,6,1115.7512172942188
Phone_1767,Samsung,5000,8,64,48,6.4,Mid-Range,8,8,5,8,661.0577262374727
Phone_1768,Samsung,4000,8,1024,12,6.7,Mid-Range,6,8,7,6,499.18826733174546
Phone_1769,OnePlus,6000,16,256,48,6.5,Premium,6,10,10,10,1255.0442180148366
Phone_1770,OnePlus,5000,8,256,64,6.1,Mid-Range,6,8,7,5,405.74816452785666
Phone_1771,Samsung,4000,16,1024,64,6.8,Premium,7,8,7,9,1028.9922540040016
Phone_1772,Xiaomi,5000,6,512,50,6.1,Mid-Range,8,7,6,7,652.8140764781526
Phone_1773,Oppo,4500,16,1024,64,6.7,Premium,7,8,8,7,951.198184797262
Phone_1774,Oppo,4500,8,128,12,6.8,Mid-Range,8,7,7,8,326.0224793365612
Phone_1775,OnePlus,4500,4,128,12,6.7,Budget,8,5,4,5,281.3857689579534
Phone_1776,Oppo,4000,8,64,50,6.4,Mid-Range,7,8,5,6,494.855877804315
Phone_1777,Samsung,6000,12,256,108,6.1,Premium,4,8,9,10,1100.8709031950177
Phone_1778,Samsung,5000,8,512,50,6.4,Mid-Range,8,5,8,8,670.8316503113184
Phone_1779,OnePlus,3000,6,1024,108,6.5,Mid-Range,7,6,7,6,512.335114477075
Phone_1780,OnePlus,4500,16,128,108,6.4,Mid-Range,8,7,5,6,412.5812433935118
Phone_1781,OnePlus,4500,12,256,48,6.1,Premium,5,10,9,7,1431.5987503686745
Phone_1782,Xiaomi,3000,16,256,64,6.5,Premium,4,8,7,6,1428.9739762638387
Phone_1783,Oppo,3000,16,512,108,6.7,Premium,7,8,9,8,893.2253519182757
Phone_1784,OnePlus,4000,8,512,48,6.5,Mid-Range,7,6,8,6,621.2684132896622
Phone_1785,Apple,5000,4,512,50,6.1,Mid-Range,7,5,6,8,672.5760944435435
Phone_1786,Apple,4500,12,512,50,6.8,Premium,4,10,9,7,1391.3722293048013
Phone_1787,Samsung,6000,6,128,108,6.5,Budget,7,5,6,2,203.54966111095877
Phone_1788,Oppo,4000,6,512,48,6.7,Mid-Range,8,8,8,7,330.4692493332564
Phone_1789,OnePlus,4000,4,256,12,6.5,Mid-Range,8,7,7,4,546.8076834054305
Phone_1790,Apple,6000,4,256,64,6.4,Mid-Range,5,6,6,6,430.63861338739525
Phone_1791,Oppo,6000,8,1024,108,6.8,Mid-Range,8,7,8,8,505.7994113918405
Phone_1792,Samsung,6000,6,256,12,6.1,Mid-Range,8,6,5,7,597.8402425007193
Phone_1793,Xiaomi,3000,12,256,64,6.8,Premium,5,10,10,6,1387.9253241619158
Phone_1794,Oppo,4500,4,128,12,6.4,Budget,10,4,6,3,186.91102863052373
Phone_1795,Oppo,3000,4,256,48,6.8,Mid-Range,7,5,7,6,458.8980922929751
Phone_1796,Xiaomi,4500,4,64,108,6.4,Budget,7,5,4,3,133.10801564494946
Phone_1797,Oppo,3000,12,256,12,6.5,Premium,5,8,9,6,1114.9929116121493
Phone_1798,Samsung,5000,6,1024,12,6.1,Mid-Range,7,5,5,6,388.14115241078116
Phone_1799,Samsung,4500,12,1024,12,6.4,Premium,6,8,7,10,1016.8269050556171
Phone_1800,Xiaomi,4000,12,512,108,6.4,Premium,7,7,8,10,1065.3165848241192
Phone_1801,OnePlus,4500,8,128,48,6.5,Mid-Range,8,8,5,5,663.2417493876062
Phone_1802,Apple,4500,4,1024,48,6.4,Mid-Range,8,8,8,4,502.58347136325057
Phone_1803,OnePlus,4500,6,64,12,6.1,Budget,10,6,5,2,241.89062590747326
Phone_1804,Oppo,5000,8,64,48,6.7,Mid-Range,6,5,6,4,313.77273817735994
Phone_1805,Apple,3000,8,512,64,6.8,Mid-Range,6,5,5,4,357.87808917350134
Phone_1806,Xiaomi,4000,16,128,48,6.4,Mid-Range,7,6,6,5,612.2878098476012
Phone_1807,Xiaomi,3000,4,128,12,6.8,Budget,10,5,6,5,244.064881606971
Phone_1808,Apple,3000,6,256,64,6.8,Mid-Range,7,7,7,4,340.63853599589794
Phone_1809,Samsung,6000,6,64,108,6.7,Budget,8,3,6,4,121.20085654815003
Phone_1810,Apple,5000,6,64,50,6.4,Budget,9,3,6,3,239.26685438417857
Phone_1811,Oppo,6000,4,64,48,6.1,Budget,10,5,6,2,163.71604611505228
Phone_1812,Samsung,5000,6,64,64,6.4,Budget,10,3,6,5,264.6297550658835
Phone_1813,Xiaomi,3000,12,1024,50,6.8,Premium,4,7,8,7,1018.3422595564471
Phone_1814,Apple,3000,12,128,108,6.5,Mid-Range,8,7,7,5,581.9002715773249
Phone_1815,OnePlus,5000,4,256,50,6.7,Mid-Range,6,8,5,8,481.5672459478853
Phone_1816,OnePlus,3000,6,1024,108,6.1,Mid-Range,5,7,7,6,645.2239737792937
Phone_1817,Oppo,3000,16,128,12,6.1,Mid-Range,7,5,8,6,590.6926156635463
Phone_1818,OnePlus,4000,16,512,12,6.8,Premium,6,7,7,9,1435.5883660377813
Phone_1819,Apple,6000,16,64,108,6.1,Mid-Range,6,8,8,7,691.0263258425304
Phone_1820,Apple,6000,12,256,50,6.8,Premium,4,9,7,7,929.7022511205315
Phone_1821,OnePlus,6000,16,128,48,6.1,Mid-Range,6,6,7,7,380.9958392327458
Phone_1822,Apple,4500,6,512,50,6.1,Mid-Range,7,6,8,6,522.6005435290731
Phone_1823,Oppo,4000,6,64,50,6.8,Budget,10,5,5,4,177.6498436122937
Phone_1824,Samsung,6000,16,512,48,6.7,Premium,7,8,8,6,777.2863642841941
Phone_1825,Oppo,6000,8,512,50,6.1,Mid-Range,8,5,7,5,362.3652880873305
Phone_1826,Oppo,4000,16,1024,50,6.4,Premium,6,7,10,8,1309.322615791113
Phone_1827,Apple,3000,8,512,64,6.5,Mid-Range,8,8,5,7,511.164430474395
Phone_1828,Samsung,6000,4,1024,108,6.8,Mid-Range,5,8,8,7,485.6553281384481
Phone_1829,Apple,3000,4,1024,12,6.1,Mid-Range,6,8,7,5,326.8411358621888
Phone_1830,Xiaomi,6000,6,512,108,6.7,Mid-Range,5,8,5,6,359.14116631608726
Phone_1831,Apple,5000,12,128,50,6.4,Mid-Range,7,7,7,8,361.42589814854273
Phone_1832,Apple,4500,6,512,48,6.8,Mid-Range,5,5,6,7,538.4124447684443
Phone_1833,Apple,6000,6,512,48,6.4,Mid-Range,6,7,8,7,471.5447585322959
Phone_1834,Samsung,5000,12,128,12,6.5,Mid-Range,5,6,7,7,371.2689178857537
Phone_1835,Apple,4000,6,64,12,6.7,Budget,9,6,5,2,174.8024847746615
Phone_1836,Samsung,5000,12,256,12,6.8,Premium,6,8,9,9,1189.5811157535861
Phone_1837,OnePlus,4000,6,64,48,6.8,Budget,7,3,6,5,228.01442284858751
Phone_1838,Xiaomi,6000,4,512,50,6.1,Mid-Range,7,8,5,4,589.1057327190629
Phone_1839,Samsung,4000,8,64,12,6.4,Mid-Range,6,6,8,6,325.44591474026345
Phone_1840,OnePlus,5000,6,256,12,6.8,Mid-Range,8,5,5,4,642.375725774974
Phone_1841,Samsung,4500,8,64,48,6.4,Mid-Range,8,8,6,8,685.0900086434134
Phone_1842,Samsung,3000,16,256,50,6.5,Premium,5,7,8,9,1494.9268647762804
Phone_1843,Xiaomi,3000,6,64,12,6.1,Budget,9,5,3,5,104.33702159428154
Phone_1844,Oppo,4500,4,1024,50,6.5,Mid-Range,5,6,8,5,338.9199731702791
Phone_1845,Oppo,3000,12,512,64,6.1,Premium,5,7,8,6,701.0650167584968
Phone_1846,Samsung,6000,4,256,12,6.1,Mid-Range,6,5,6,5,480.82864782510813
Phone_1847,Apple,6000,8,512,12,6.4,Mid-Range,6,5,8,6,514.111026900607
Phone_1848,OnePlus,5000,12,1024,48,6.1,Premium,4,7,9,9,976.692130437488
Phone_1849,Apple,5000,4,64,64,6.5,Budget,9,4,4,2,101.78189053201542
Phone_1850,Apple,4000,4,512,64,6.5,Mid-Range,7,7,5,7,459.54442846774447
Phone_1851,Samsung,5000,4,64,64,6.5,Budget,10,5,4,4,111.27180460789722
Phone_1852,Samsung,6000,12,64,108,6.4,Mid-Range,7,6,7,7,545.8482096444416
Phone_1853,Samsung,5000,4,512,48,6.4,Mid-Range,8,6,8,6,619.7325127863137
Phone_1854,Samsung,3000,4,256,48,6.7,Mid-Range,6,8,8,4,640.7363039361101
Phone_1855,Oppo,4000,8,256,12,6.8,Mid-Range,8,7,6,8,514.5405368157292
Phone_1856,Samsung,4000,4,512,48,6.7,Mid-Range,5,6,8,4,606.3222333895175
Phone_1857,Oppo,6000,4,256,12,6.7,Mid-Range,8,8,6,7,359.96256425884184
Phone_1858,Oppo,5000,16,128,12,6.1,Mid-Range,8,5,7,7,597.3651880743112
Phone_1859,Samsung,3000,12,64,108,6.1,Mid-Range,6,5,5,5,301.81560932073626
Phone_1860,Xiaomi,5000,16,512,48,6.7,Premium,6,10,10,7,848.7710378818709
Phone_1861,OnePlus,4500,8,1024,48,6.8,Mid-Range,5,6,7,4,553.8550342645638
Phone_1862,Apple,5000,16,512,108,6.7,Premium,6,9,7,6,1335.3401364012466
Phone_1863,Oppo,6000,6,512,108,6.4,Mid-Range,7,7,5,6,464.243811424427
Phone_1864,OnePlus,5000,12,64,48,6.5,Mid-Range,6,7,6,4,630.4267480999356
Phone_1865,Xiaomi,4000,4,1024,48,6.7,Mid-Range,5,8,5,4,528.4385644540704
Phone_1866,Apple,3000,16,64,12,6.1,Mid-Range,5,7,6,4,459.5857321797944
Phone_1867,Apple,6000,16,256,50,6.8,Premium,5,7,7,9,1055.671540006172
Phone_1868,Oppo,4500,4,512,12,6.1,Mid-Range,8,5,5,7,639.372398611928
Phone_1869,Samsung,3000,4,64,64,6.4,Budget,8,6,6,5,133.8456403390182
Phone_1870,Xiaomi,3000,8,128,64,6.1,Mid-Range,6,5,8,7,650.139768049778
Phone_1871,Oppo,4000,16,512,50,6.1,Premium,4,7,9,9,1253.5270574317735
Phone_1872,Xiaomi,4000,16,256,108,6.8,Premium,4,8,8,8,1326.5605340337352
Phone_1873,Samsung,4000,6,64,64,6.8,Budget,10,3,4,4,126.94020866705273
Phone_1874,Samsung,6000,6,64,108,6.1,Budget,10,4,5,2,130.31896873505193
Phone_1875,Oppo,5000,16,128,108,6.1,Mid-Range,6,8,6,4,530.2042175778871
Phone_1876,Samsung,3000,6,256,12,6.7,Mid-Range,5,7,5,7,528.5237621551964
Phone_1877,OnePlus,5000,16,128,108,6.4,Mid-Range,6,6,5,8,511.1092390952732
Phone_1878,Apple,5000,12,512,50,6.7,Premium,4,7,8,9,1317.4964774634077
Phone_1879,Oppo,4000,8,1024,12,6.8,Mid-Range,7,6,6,7,664.1491822280143
Phone_1880,Xiaomi,5000,6,64,50,6.7,Budget,9,6,3,4,268.76830657326764
Phone_1881,OnePlus,3000,16,128,108,6.7,Mid-Range,6,5,5,8,473.5814984135335
Phone_1882,Oppo,3000,6,64,64,6.1,Budget,7,3,3,4,294.34279920590643
Phone_1883,Samsung,4500,8,64,108,6.1,Mid-Range,5,7,7,6,432.90164476254523
Phone_1884,Samsung,6000,12,128,50,6.4,Mid-Range,5,8,5,4,399.5930455139022
Phone_1885,Samsung,5000,4,64,48,6.5,Budget,10,6,6,2,269.24746227605533
Phone_1886,Samsung,6000,4,256,48,6.5,Mid-Range,6,6,8,4,583.045137897124
Phone_1887,Xiaomi,6000,6,256,64,6.7,Mid-Range,6,8,5,8,410.69436967284514
Phone_1888,OnePlus,6000,16,1024,50,6.4,Premium,4,7,7,10,1029.9415558414953
Phone_1889,Apple,6000,8,256,64,6.4,Mid-Range,5,8,8,6,413.6903297635314
Phone_1890,Xiaomi,3000,12,128,12,6.8,Mid-Range,8,8,7,5,631.3574141640429
Phone_1891,Xiaomi,5000,12,256,108,6.1,Premium,5,10,10,9,770.4418453363027
Phone_1892,Apple,4500,12,1024,12,6.8,Premium,7,9,9,9,1384.9579876702223
Phone_1893,Apple,6000,4,512,48,6.5,Mid-Range,7,6,5,4,565.8874375126429
Phone_1894,Samsung,4500,8,512,108,6.4,Mid-Range,5,6,8,8,523.066648759264
Phone_1895,Xiaomi,3000,4,128,12,6.5,Budget,10,6,4,4,242.0705153276617
Phone_1896,Oppo,3000,6,1024,48,6.1,Mid-Range,8,7,6,5,617.6876640900366
Phone_1897,Apple,4000,12,256,12,6.1,Premium,5,7,9,7,916.6565209915531
Phone_1898,Apple,6000,8,1024,108,6.1,Mid-Range,8,7,6,5,665.6667295822033
Phone_1899,OnePlus,4000,12,64,12,6.5,Mid-Range,5,6,5,5,392.33883320374014
Phone_1900,Oppo,4500,4,1024,108,6.4,Mid-Range,5,8,7,8,306.5272914570864
Phone_1901,Oppo,5000,4,256,12,6.8,Mid-Range,5,5,5,8,699.9433879916123
Phone_1902,Apple,4000,4,128,64,6.4,Budget,8,5,3,4,267.7898613966024
Phone_1903,Samsung,3000,12,64,12,6.4,Mid-Range,7,6,8,4,317.17869459456153
Phone_1904,OnePlus,6000,8,1024,12,6.7,Mid-Range,5,5,5,5,398.93955804817375
Phone_1905,Oppo,4500,8,512,64,6.4,Mid-Range,8,6,5,8,567.5121227029183
Phone_1906,Apple,3000,6,256,48,6.8,Mid-Range,7,7,8,8,535.2444359597405
Phone_1907,Oppo,5000,12,128,108,6.7,Mid-Range,5,8,7,6,382.68343098727627
Phone_1908,OnePlus,6000,6,256,50,6.4,Mid-Range,5,7,8,5,374.4890989238434
Phone_1909,OnePlus,5000,6,1024,48,6.7,Mid-Range,7,8,5,5,477.7369162797007
Phone_1910,Xiaomi,5000,6,128,108,6.4,Budget,10,4,5,2,184.8198551834588
Phone_1911,Apple,6000,6,512,12,6.1,Mid-Range,7,7,8,6,300.9515447437518
Phone_1912,OnePlus,6000,4,64,48,6.1,Budget,10,6,4,4,203.5855671421577
Phone_1913,Xiaomi,5000,6,1024,12,6.4,Mid-Range,7,8,7,4,430.11420435034046
Phone_1914,Xiaomi,4500,8,128,48,6.7,Mid-Range,8,5,5,5,309.56623327820887
Phone_1915,Oppo,6000,6,64,48,6.8,Budget,7,5,6,4,223.49425945617594
Phone_1916,Oppo,3000,4,128,50,6.1,Budget,7,6,6,5,118.51739953556444
Phone_1917,Xiaomi,4000,16,1024,64,6.7,Premium,7,8,8,9,1033.2507195487076
Phone_1918,Oppo,4500,16,128,48,6.8,Mid-Range,7,5,6,5,400.42534068135785
Phone_1919,OnePlus,6000,16,512,12,6.7,Premium,5,7,10,9,1315.779819875148
Phone_1920,Samsung,6000,12,128,50,6.4,Mid-Range,7,6,8,4,359.3843284457107
Phone_1921,OnePlus,4500,8,1024,48,6.1,Mid-Range,6,8,5,8,555.1757304000107
Phone_1922,Xiaomi,4000,4,128,64,6.1,Budget,8,6,6,3,106.97458133009836
Phone_1923,Xiaomi,5000,16,64,12,6.1,Mid-Range,6,7,7,5,377.81018898945285
Phone_1924,OnePlus,3000,4,64,50,6.4,Budget,10,6,6,4,265.9493689408152
Phone_1925,Oppo,6000,4,256,108,6.8,Mid-Range,8,7,8,5,655.2018464570833
Phone_1926,Oppo,4000,12,256,64,6.8,Premium,7,8,8,8,1433.6063265523471
Phone_1927,Xiaomi,3000,16,512,108,6.1,Premium,6,10,8,8,850.5668564285065
Phone_1928,Apple,4500,6,64,108,6.8,Budget,9,3,6,5,215.03640706155267
Phone_1929,Oppo,6000,4,256,50,6.1,Mid-Range,8,5,6,4,563.668652578308
Phone_1930,OnePlus,5000,16,128,50,6.8,Mid-Range,5,6,7,4,593.9255280040641
Phone_1931,Oppo,4500,4,512,50,6.1,Mid-Range,7,5,8,8,601.7255633390332
Phone_1932,OnePlus,6000,12,1024,108,6.8,Premium,7,7,8,7,865.7543892815631
Phone_1933,Xiaomi,4000,12,256,12,6.7,Premium,5,9,8,6,1433.6071306300123
Phone_1934,Oppo,3000,6,256,50,6.1,Mid-Range,8,6,8,4,486.4448808726936
Phone_1935,OnePlus,3000,12,64,64,6.1,Mid-Range,6,7,7,4,501.0203824436005
Phone_1936,Xiaomi,6000,16,512,50,6.5,Premium,5,8,7,7,1257.4276344014024
Phone_1937,Apple,4500,12,64,50,6.1,Mid-Range,8,8,7,5,322.9063920800942
Phone_1938,OnePlus,5000,6,64,50,6.8,Budget,9,6,6,3,150.8625079123083
Phone_1939,Apple,4000,8,512,108,6.7,Mid-Range,7,5,7,4,307.93988565346694
Phone_1940,Apple,6000,4,128,12,6.7,Budget,8,6,4,5,186.67807893442048
Phone_1941,Samsung,4000,4,256,50,6.8,Mid-Range,6,5,6,6,433.65081993981437
Phone_1942,Oppo,3000,16,64,108,6.4,Mid-Range,5,7,5,4,672.4258100041129
Phone_1943,OnePlus,5000,6,256,64,6.1,Mid-Range,8,8,6,4,493.25358088310566
Phone_1944,Apple,4000,6,512,12,6.7,Mid-Range,8,7,7,4,386.07147192595505
Phone_1945,Samsung,6000,6,128,108,6.8,Budget,8,4,6,3,223.4537126474056
Phone_1946,Xiaomi,5000,4,1024,48,6.7,Mid-Range,8,8,6,5,528.6763293241374
Phone_1947,OnePlus,4500,12,128,64,6.7,Mid-Range,5,8,7,4,447.9251672234906
Phone_1948,Apple,6000,4,512,64,6.8,Mid-Range,8,8,8,8,586.2887907551033
Phone_1949,Oppo,4000,4,128,48,6.5,Budget,10,4,5,2,164.84280992943027
Phone_1950,Samsung,5000,4,1024,108,6.7,Mid-Range,5,7,5,7,591.9914496388301
Phone_1951,Apple,6000,12,64,108,6.7,Mid-Range,8,7,5,4,387.35063038071485
Phone_1952,Oppo,5000,8,128,64,6.4,Mid-Range,5,7,8,6,360.0729704686471
Phone_1953,Apple,5000,16,512,108,6.5,Premium,6,9,10,7,1198.5005480904856
Phone_1954,OnePlus,5000,8,128,48,6.4,Mid-Range,8,6,8,8,427.83882603434074
Phone_1955,OnePlus,4000,8,1024,108,6.8,Mid-Range,6,6,5,5,542.0611691847247
Phone_1956,OnePlus,6000,4,512,64,6.1,Mid-Range,8,6,8,5,615.5171094814722
Phone_1957,Samsung,3000,8,128,108,6.8,Mid-Range,6,6,8,6,660.6017347111322
Phone_1958,OnePlus,3000,4,512,12,6.5,Mid-Range,5,5,5,7,604.2110981256991
Phone_1959,Oppo,4000,4,1024,48,6.8,Mid-Range,5,6,7,8,436.69972315853215
Phone_1960,Apple,4000,16,64,48,6.5,Mid-Range,7,6,6,7,590.9463105132022
Phone_1961,Xiaomi,5000,6,1024,50,6.4,Mid-Range,6,8,6,7,511.95448102377543
Phone_1962,Oppo,6000,4,64,108,6.7,Budget,9,6,4,4,204.0277290599916
Phone_1963,Oppo,6000,8,256,48,6.8,Mid-Range,6,6,8,6,582.7523744312732
Phone_1964,OnePlus,4500,16,1024,108,6.8,Premium,5,7,10,8,1393.5272215335335
Phone_1965,Samsung,4500,8,64,12,6.7,Mid-Range,6,7,7,8,331.23821729603225
Phone_1966,Apple,3000,6,256,64,6.8,Mid-Range,7,5,8,7,517.5352351310335
Phone_1967,Samsung,4500,12,256,64,6.8,Premium,7,9,10,6,1493.0365092611073
Phone_1968,Apple,4500,6,256,50,6.1,Mid-Range,7,7,5,4,367.238767169193
Phone_1969,Apple,3000,16,512,50,6.1,Premium,4,10,9,7,1413.684271220249
Phone_1970,Samsung,3000,6,1024,48,6.7,Mid-Range,7,7,5,4,450.16898960438675
Phone_1971,Oppo,4500,6,1024,48,6.4,Mid-Range,5,6,8,5,334.405946714044
Phone_1972,Apple,6000,16,1024,48,6.8,Premium,4,10,7,6,1278.9639685356367
Phone_1973,Samsung,4500,16,1024,12,6.8,Premium,7,7,8,10,1459.421118776631
Phone_1974,Apple,5000,8,512,50,6.4,Mid-Range,8,5,6,7,559.1755895632386
Phone_1975,Xiaomi,5000,4,1024,50,6.8,Mid-Range,5,6,5,6,404.98582890079933
Phone_1976,Oppo,5000,12,64,64,6.4,Mid-Range,5,7,6,4,436.4823061520136
Phone_1977,OnePlus,4000,12,256,50,6.7,Premium,7,10,10,9,922.9823242912452
Phone_1978,Apple,5000,12,512,50,6.7,Premium,4,7,9,6,861.2601700854325
Phone_1979,Xiaomi,6000,6,512,12,6.4,Mid-Range,6,8,5,5,430.8627549943261
Phone_1980,OnePlus,4000,16,1024,48,6.4,Premium,6,8,9,9,880.1118821436054
Phone_1981,OnePlus,4000,16,256,12,6.5,Premium,6,9,8,9,1016.2766194307785
Phone_1982,Apple,5000,16,64,108,6.1,Mid-Range,6,8,6,8,434.07217293254297
Phone_1983,Samsung,4500,4,256,64,6.1,Mid-Range,6,7,6,5,577.6590479740657
Phone_1984,Apple,3000,16,128,64,6.8,Mid-Range,6,7,8,5,489.45014876276423
Phone_1985,Xiaomi,4500,16,256,64,6.8,Premium,4,7,9,8,897.6818674785376
Phone_1986,OnePlus,4500,6,64,48,6.4,Budget,9,3,5,4,168.0854840915739
Phone_1987,Apple,4000,8,64,48,6.4,Mid-Range,8,5,8,7,507.6297311046633
Phone_1988,Samsung,4000,12,64,48,6.1,Mid-Range,6,6,6,7,555.1879667674292
Phone_1989,Apple,4000,6,512,64,6.8,Mid-Range,6,5,6,7,388.0998831734375
Phone_1990,Oppo,6000,6,512,64,6.1,Mid-Range,5,8,5,4,422.55595680520713
Phone_1991,Samsung,6000,6,128,64,6.7,Budget,10,4,5,4,158.00008276057775
Phone_1992,Xiaomi,3000,12,256,108,6.1,Premium,5,9,9,6,1209.9326858640334
Phone_1993,OnePlus,4000,6,1024,108,6.1,Mid-Range,8,8,6,5,421.0358354072869
Phone_1994,Apple,5000,8,128,64,6.4,Mid-Range,8,7,6,8,547.826760053243
Phone_1995,Samsung,4000,16,1024,48,6.8,Premium,7,9,7,9,1462.9612285699295
Phone_1996,Oppo,6000,8,1024,48,6.7,Mid-Range,8,7,6,8,670.2669341655956
Phone_1997,Samsung,4000,16,128,108,6.1,Mid-Range,5,5,8,6,632.8888218263121
Phone_1998,Oppo,6000,16,256,108,6.1,Premium,6,10,7,10,870.6841129706611
Phone_1999,Xiaomi,4000,6,1024,64,6.4,Mid-Range,7,6,8,8,621.8976844086474
Phone_2000,OnePlus,5000,6,512,64,6.5,Mid-Range,8,8,6,6,523.5711325597686
Phone_2001,Xiaomi,3000,12,512,48,6.8,Premium,5,9,7,9,897.7708570560043
Phone_2002,Apple,5000,4,128,50,6.8,Budget,8,5,5,2,111.65133446664078
Phone_2003,Samsung,6000,8,1024,48,6.8,Mid-Range,8,8,5,6,680.3721246536641
Phone_2004,Oppo,4500,12,128,48,6.1,Mid-Range,8,8,7,8,539.2807325131797
Phone_2005,Oppo,5000,12,512,64,6.1,Premium,6,10,8,6,1371.110467217961
Phone_2006,Samsung,4000,8,128,50,6.1,Mid-Range,6,7,5,4,356.4311161072122
Phone_2007,Samsung,3000,8,1024,50,6.5,Mid-Range,5,7,5,8,472.3404104799605
Phone_2008,Apple,4000,16,1024,64,6.1,Premium,7,7,10,10,944.7509752776214
Phone_2009,Xiaomi,4000,4,512,12,6.8,Mid-Range,7,5,5,8,603.0678199447575
Phone_2010,Oppo,5000,6,64,64,6.8,Budget,8,3,3,5,130.22003397437584
Phone_2011,Apple,3000,4,64,108,6.4,Budget,10,4,5,2,274.55563456716914
Phone_2012,Xiaomi,4500,4,256,50,6.5,Mid-Range,8,6,7,6,326.5893538162537
Phone_2013,Apple,4000,6,512,64,6.7,Mid-Range,6,7,7,7,440.5916387365263
Phone_2014,Oppo,3000,4,256,48,6.1,Mid-Range,8,8,8,5,450.397772522317
Phone_2015,Samsung,4500,12,512,48,6.7,Premium,6,8,7,7,953.0785189177528
Phone_2016,Samsung,4000,12,1024,48,6.1,Premium,6,9,7,8,1305.3761294677652
Phone_2017,Xiaomi,3000,6,512,64,6.5,Mid-Range,7,5,6,7,376.8524418814352
Phone_2018,OnePlus,5000,6,128,12,6.5,Budget,8,4,4,5,100.7396171030757
Phone_2019,Xiaomi,4000,8,256,108,6.8,Mid-Range,6,6,8,7,663.0096527504768
Phone_2020,OnePlus,4000,8,512,48,6.5,Mid-Range,5,6,5,4,404.64052171094824
Phone_2021,Apple,3000,4,256,64,6.7,Mid-Range,5,5,5,5,560.5938147558697
Phone_2022,Apple,4000,4,512,12,6.7,Mid-Range,7,7,8,6,500.4558182295841
Phone_2023,Oppo,4500,6,64,50,6.5,Budget,7,6,3,3,247.41614973650613
Phone_2024,OnePlus,4000,4,256,50,6.7,Mid-Range,6,7,5,4,658.8396576156938
Phone_2025,Oppo,6000,16,1024,108,6.1,Premium,4,10,10,9,1050.2281453293913
Phone_2026,Samsung,4500,12,1024,64,6.4,Premium,6,9,7,10,1348.5695577047502
Phone_2027,OnePlus,3000,4,512,64,6.8,Mid-Range,7,8,8,7,434.14235865980754
Phone_2028,Xiaomi,4500,4,1024,48,6.4,Mid-Range,8,8,7,5,630.4431320164824
Phone_2029,Samsung,6000,8,1024,12,6.7,Mid-Range,6,5,5,4,548.1324164814981
Phone_2030,Samsung,6000,16,256,108,6.8,Premium,6,8,9,9,1295.344188152665
Phone_2031,Xiaomi,4000,4,512,12,6.4,Mid-Range,8,8,5,4,439.08485268835614
Phone_2032,Samsung,4000,12,256,108,6.4,Premium,6,8,10,10,831.2362700188959
Phone_2033,OnePlus,5000,4,512,64,6.7,Mid-Range,5,8,8,6,388.66218423015994
Phone_2034,Oppo,4500,6,1024,64,6.8,Mid-Range,5,6,7,8,625.7660752977467
Phone_2035,Samsung,5000,16,512,108,6.8,Premium,6,9,10,7,1218.0410517995128
Phone_2036,OnePlus,6000,4,512,12,6.4,Mid-Range,6,5,7,4,427.8656732413192
Phone_2037,Apple,4000,16,128,50,6.8,Mid-Range,5,5,6,6,479.8565641660856
Phone_2038,OnePlus,4000,4,512,50,6.8,Mid-Range,8,6,6,8,409.86920215395196
Phone_2039,Oppo,4000,12,128,48,6.1,Mid-Range,8,5,8,5,622.8398332092404
Phone_2040,OnePlus,3000,12,256,48,6.7,Premium,6,9,9,7,1070.250163471095
Phone_2041,Xiaomi,6000,16,128,12,6.7,Mid-Range,5,8,8,6,541.5818125622894
Phone_2042,Oppo,4000,8,256,64,6.1,Mid-Range,8,8,6,5,480.41033259664215
Phone_2043,Apple,6000,8,512,12,6.4,Mid-Range,8,5,7,7,414.9427675930258
Phone_2044,Xiaomi,4000,6,256,108,6.5,Mid-Range,7,6,7,4,406.1241457726402
Phone_2045,OnePlus,4500,8,1024,50,6.4,Mid-Range,8,8,8,4,500.7576323066952
Phone_2046,Oppo,6000,16,512,48,6.1,Premium,7,8,7,6,1277.704292025419
Phone_2047,Apple,5000,8,128,12,6.8,Mid-Range,5,5,6,4,438.2553477951643
Phone_2048,Xiaomi,3000,6,64,12,6.1,Budget,8,5,5,4,253.441904148223
Phone_2049,Apple,5000,4,512,108,6.7,Mid-Range,7,6,8,7,616.1211417938375
Phone_2050,OnePlus,6000,8,1024,64,6.8,Mid-Range,5,7,7,5,317.45613080528113
Phone_2051,Apple,4000,16,256,64,6.4,Premium,6,9,9,7,1296.8980722106035
Phone_2052,Samsung,6000,16,128,50,6.8,Mid-Range,7,7,5,7,318.9528066237675
Phone_2053,Xiaomi,3000,6,128,48,6.7,Budget,8,6,3,4,218.70337305530603
Phone_2054,Apple,6000,6,1024,64,6.1,Mid-Range,6,5,6,7,557.6654530725475
Phone_2055,OnePlus,4000,12,1024,64,6.4,Premium,4,8,10,10,1474.037959200377
Phone_2056,OnePlus,5000,12,512,64,6.5,Premium,6,9,10,8,1037.4258823279638
Phone_2057,Apple,4500,12,64,12,6.5,Mid-Range,5,5,5,4,402.7124898561418
Phone_2058,OnePlus,5000,4,64,64,6.1,Budget,7,3,5,2,249.22884558722862
Phone_2059,Oppo,4000,16,256,108,6.4,Premium,5,8,10,10,1035.354675776211
Phone_2060,Oppo,4000,12,128,50,6.4,Mid-Range,7,6,5,8,505.7384227422409
Phone_2061,Oppo,3000,16,512,64,6.8,Premium,6,7,7,7,848.9906402516839
Phone_2062,Samsung,6000,6,128,48,6.1,Budget,8,6,6,3,202.2802847521295
Phone_2063,Apple,6000,4,512,12,6.8,Mid-Range,6,8,8,8,536.1089283945489
Phone_2064,Samsung,5000,6,1024,108,6.1,Mid-Range,5,7,6,5,348.922565684816
Phone_2065,OnePlus,4500,16,256,50,6.7,Premium,5,8,8,9,1439.0291910590681
Phone_2066,Samsung,4500,12,1024,12,6.1,Premium,7,7,7,9,828.2897946363
Phone_2067,OnePlus,3000,6,128,108,6.8,Budget,7,4,5,3,298.424326166975
Phone_2068,OnePlus,4000,8,256,12,6.4,Mid-Range,7,7,6,5,525.3547711695318
Phone_2069,Xiaomi,3000,4,512,50,6.1,Mid-Range,6,6,5,8,523.5860178015417
Phone_2070,Oppo,6000,16,512,50,6.4,Premium,6,8,7,10,787.1761009810398
Phone_2071,OnePlus,4000,12,256,64,6.7,Premium,7,10,7,6,1427.8332664614168
Phone_2072,Xiaomi,3000,6,1024,48,6.5,Mid-Range,6,5,8,5,383.10493306321155
Phone_2073,Oppo,5000,4,256,64,6.5,Mid-Range,5,6,7,7,433.2878880564066
Phone_2074,OnePlus,6000,12,1024,12,6.8,Premium,4,7,9,8,953.6987407563427
Phone_2075,OnePlus,4500,6,256,64,6.1,Mid-Range,8,8,6,7,520.529402348667
Phone_2076,Samsung,3000,16,1024,50,6.7,Premium,4,8,7,8,904.620653112126
Phone_2077,Samsung,6000,8,64,50,6.7,Mid-Range,5,7,8,7,568.9139941131152
Phone_2078,Oppo,6000,8,256,50,6.4,Mid-Range,7,5,6,5,699.4559870192716
Phone_2079,OnePlus,4500,16,1024,64,6.8,Premium,4,8,9,8,1081.0183906230955
Phone_2080,Apple,4500,4,128,108,6.7,Budget,8,4,5,2,148.19034299019324
Phone_2081,Samsung,4500,16,128,64,6.1,Mid-Range,6,6,8,7,629.7035125498944
Phone_2082,Oppo,3000,6,256,64,6.7,Mid-Range,5,7,5,8,637.6247510089217
Phone_2083,OnePlus,4500,4,256,64,6.5,Mid-Range,5,6,7,4,583.0109310104889
Phone_2084,OnePlus,5000,8,512,64,6.8,Mid-Range,8,6,5,4,663.9467598191434
Phone_2085,Apple,6000,6,1024,50,6.4,Mid-Range,5,5,8,7,312.83580824050205
Phone_2086,Oppo,4500,12,256,48,6.1,Premium,5,7,8,6,1370.6458954145578
Phone_2087,OnePlus,6000,12,128,64,6.5,Mid-Range,8,6,7,6,353.81597716087145
Phone_2088,Samsung,4000,12,128,64,6.7,Mid-Range,6,8,7,7,317.3254171280157
Phone_2089,Apple,4000,8,128,48,6.8,Mid-Range,6,8,5,6,347.97914105905085
Phone_2090,Oppo,4500,16,1024,64,6.8,Premium,4,9,10,10,876.9607398018632
Phone_2091,Apple,6000,4,64,48,6.1,Budget,7,4,3,4,212.8544783441185
Phone_2092,Samsung,4000,8,256,50,6.4,Mid-Range,7,7,6,5,434.39351057864616
Phone_2093,Oppo,4500,6,64,108,6.5,Budget,9,3,6,3,292.44148889764176
Phone_2094,Apple,6000,6,1024,64,6.4,Mid-Range,5,6,6,7,467.37651736545797
Phone_2095,Xiaomi,4500,12,256,108,6.1,Premium,5,8,10,8,786.2510134006742
Phone_2096,Samsung,6000,4,512,64,6.1,Mid-Range,6,6,7,6,572.5207433894536
Phone_2097,Samsung,4000,12,256,12,6.5,Premium,6,7,9,8,1139.6282736732535
Phone_2098,Samsung,4500,6,256,12,6.8,Mid-Range,7,5,8,6,307.7736537503604
Phone_2099,Xiaomi,4000,6,256,50,6.8,Mid-Range,5,6,8,8,686.5423592213676
Phone_2100,Xiaomi,4500,16,256,108,6.5,Premium,6,10,7,6,1012.3304574747658
Phone_2101,OnePlus,3000,16,256,108,6.4,Premium,4,7,7,10,1336.8298281428115
Phone_2102,Apple,4000,16,1024,48,6.5,Premium,4,7,8,8,1352.062584339886
Phone_2103,OnePlus,4000,12,256,48,6.8,Premium,6,9,9,8,1331.1263967717352
Phone_2104,Apple,5000,4,1024,64,6.4,Mid-Range,6,6,6,4,445.0661189907248
Phone_2105,Xiaomi,4000,16,256,48,6.7,Premium,4,9,10,7,1001.278146768993
Phone_2106,Xiaomi,6000,8,256,48,6.4,Mid-Range,8,6,8,6,388.9523054482505
Phone_2107,OnePlus,4500,16,1024,108,6.8,Premium,6,7,10,9,787.5477297099063
Phone_2108,Oppo,3000,12,256,12,6.1,Premium,4,7,7,6,830.085481866323
Phone_2109,OnePlus,6000,4,128,108,6.4,Budget,8,4,3,3,235.04228456323872
Phone_2110,Apple,6000,16,256,48,6.4,Premium,4,9,7,6,1139.6851176429172
Phone_2111,OnePlus,6000,4,512,64,6.1,Mid-Range,5,6,7,5,694.8910546198092
Phone_2112,Samsung,6000,8,1024,12,6.8,Mid-Range,5,7,5,7,402.84785777749687
Phone_2113,Apple,3000,6,256,48,6.7,Mid-Range,7,8,5,4,610.1488539626848
Phone_2114,Apple,5000,4,256,48,6.7,Mid-Range,6,8,6,7,346.63845141654485
Phone_2115,Oppo,4000,16,1024,64,6.5,Premium,4,8,10,10,1409.7587610228952
Phone_2116,Xiaomi,6000,12,64,64,6.7,Mid-Range,8,7,8,8,502.1730150541597
Phone_2117,Apple,4000,12,128,48,6.7,Mid-Range,8,6,5,4,581.4447762547488
Phone_2118,Xiaomi,4000,12,128,48,6.4,Mid-Range,7,7,6,5,438.15952314760455
Phone_2119,OnePlus,6000,12,256,108,6.5,Premium,7,8,8,9,701.4690837934606
Phone_2120,Samsung,5000,4,1024,50,6.7,Mid-Range,5,5,8,5,676.077910189477
Phone_2121,Oppo,4000,12,512,64,6.4,Premium,6,10,9,10,1152.8110026763015
Phone_2122,Xiaomi,4500,6,256,64,6.5,Mid-Range,7,7,7,4,587.426449374093
Phone_2123,Apple,4000,8,128,108,6.4,Mid-Range,5,7,8,4,352.76411154448374
Phone_2124,Xiaomi,6000,4,256,12,6.1,Mid-Range,5,6,6,7,436.3061873465622
Phone_2125,Apple,3000,4,1024,12,6.8,Mid-Range,6,6,7,5,627.8242819247005
Phone_2126,Xiaomi,4000,12,512,12,6.8,Premium,7,7,10,8,925.4005385924397
Phone_2127,Apple,5000,12,64,64,6.8,Mid-Range,5,5,5,5,662.9589767490511
Phone_2128,OnePlus,4500,4,512,50,6.7,Mid-Range,7,6,7,7,464.58882555165894
Phone_2129,Apple,4500,12,256,50,6.8,Premium,7,10,7,8,1213.3873795032055
Phone_2130,Apple,3000,12,128,108,6.8,Mid-Range,5,6,5,5,695.6493938249112
Phone_2131,Samsung,3000,12,1024,12,6.5,Premium,4,10,8,8,961.3577853585723
Phone_2132,Apple,4000,12,256,12,6.5,Premium,6,9,9,10,708.0242636878667
Phone_2133,Samsung,6000,12,64,48,6.5,Mid-Range,7,7,8,8,539.7811563623751
Phone_2134,Oppo,5000,16,1024,108,6.7,Premium,4,10,9,7,1496.1956496599953
Phone_2135,Samsung,4500,16,1024,108,6.8,Premium,4,8,8,7,1393.1308185028454
Phone_2136,OnePlus,3000,16,1024,64,6.7,Premium,5,8,10,9,1018.0024157232126
Phone_2137,Samsung,5000,4,256,64,6.7,Mid-Range,7,5,7,4,583.4980974172665
Phone_2138,Oppo,6000,8,64,108,6.7,Mid-Range,6,5,5,4,507.5766093918471
Phone_2139,OnePlus,4500,4,256,50,6.7,Mid-Range,5,8,6,4,348.9503426762548
Phone_2140,Xiaomi,4500,16,1024,108,6.7,Premium,4,8,7,8,1189.7873805042277
Phone_2141,Xiaomi,6000,4,1024,50,6.7,Mid-Range,5,7,7,6,621.8246824539339
Phone_2142,Samsung,4500,8,128,64,6.8,Mid-Range,8,8,6,6,593.531872363325
Phone_2143,Samsung,6000,12,512,108,6.5,Premium,7,9,10,6,861.4453274948477
Phone_2144,Oppo,4500,6,256,50,6.4,Mid-Range,7,8,7,8,589.2673213904249
Phone_2145,Oppo,4000,16,64,48,6.4,Mid-Range,6,5,8,7,531.0836153240659
Phone_2146,Apple,6000,16,1024,48,6.4,Premium,7,10,10,10,867.6951739089404
Phone_2147,Oppo,5000,8,256,108,6.1,Mid-Range,6,6,7,7,559.4971805283019
Phone_2148,Apple,4000,12,512,12,6.5,Premium,6,10,7,8,1395.423704197894
Phone_2149,OnePlus,5000,12,256,108,6.8,Premium,5,8,9,7,1232.7397059414711
Phone_2150,Samsung,4500,6,512,64,6.7,Mid-Range,7,7,8,4,694.3938316250488
Phone_2151,OnePlus,5000,12,256,64,6.4,Premium,5,9,7,7,1256.1917423060881
Phone_2152,Oppo,4000,8,128,48,6.5,Mid-Range,6,5,6,4,476.70908079200007
Phone_2153,OnePlus,6000,12,256,50,6.8,Premium,4,10,9,6,1223.3662094290257
Phone_2154,OnePlus,3000,8,128,48,6.4,Mid-Range,7,7,8,5,311.7118175032969
Phone_2155,OnePlus,5000,16,512,50,6.5,Premium,7,10,8,9,711.7508246324116
Phone_2156,Oppo,3000,16,1024,108,6.8,Premium,7,9,7,9,875.1893860785967
Phone_2157,OnePlus,5000,16,1024,12,6.5,Premium,4,8,9,10,1262.4786066226088
Phone_2158,Apple,5000,4,256,64,6.7,Mid-Range,8,7,6,6,605.2394809029172
Phone_2159,Oppo,6000,16,64,108,6.5,Mid-Range,8,6,8,8,356.6180000412112
Phone_2160,OnePlus,4500,8,256,48,6.5,Mid-Range,5,7,5,4,499.3487866442496
Phone_2161,Oppo,4000,6,128,108,6.1,Budget,10,6,5,2,202.20965167708866
Phone_2162,Xiaomi,4000,12,128,12,6.7,Mid-Range,6,7,6,8,419.0454962527525
Phone_2163,Apple,4000,16,512,50,6.5,Premium,6,8,9,9,1003.3279076974021
Phone_2164,OnePlus,4500,4,256,12,6.7,Mid-Range,6,8,8,5,539.6151415432126
Phone_2165,Xiaomi,3000,4,512,48,6.5,Mid-Range,7,6,8,6,648.7221970991462
Phone_2166,Xiaomi,4000,8,64,12,6.7,Mid-Range,8,5,6,5,365.8321538943174
Phone_2167,Oppo,3000,6,1024,64,6.8,Mid-Range,6,5,7,6,498.96071415269546
Phone_2168,Xiaomi,4500,16,1024,12,6.4,Premium,6,7,7,8,1365.1824509783035
Phone_2169,Apple,4500,16,256,108,6.1,Premium,6,7,10,10,955.9530183725333
Phone_2170,Apple,6000,4,512,50,6.4,Mid-Range,6,7,8,7,506.56933461874394
Phone_2171,Samsung,4000,8,512,64,6.5,Mid-Range,7,7,7,5,436.2647775986692
Phone_2172,Apple,6000,4,64,64,6.5,Budget,7,6,4,3,242.8810375458361
Phone_2173,Xiaomi,4000,4,512,64,6.8,Mid-Range,7,8,8,7,386.4396446332898
Phone_2174,Apple,4500,6,128,48,6.5,Budget,10,6,4,5,280.5539968573511
Phone_2175,Oppo,4500,8,128,48,6.7,Mid-Range,6,8,7,7,541.1753279152152
Phone_2176,Samsung,5000,6,128,108,6.4,Budget,10,3,5,4,186.41618903127062
Phone_2177,Xiaomi,5000,8,256,50,6.5,Mid-Range,6,7,5,7,598.0453548999586
Phone_2178,Samsung,4500,16,128,12,6.8,Mid-Range,6,5,6,5,415.7099650046667
Phone_2179,Xiaomi,4500,12,128,108,6.1,Mid-Range,7,7,6,4,501.5350954789326
Phone_2180,Oppo,3000,12,1024,48,6.4,Premium,5,8,8,9,920.412084680411
Phone_2181,Samsung,3000,8,256,108,6.8,Mid-Range,8,5,7,4,638.6281266762248
Phone_2182,OnePlus,6000,12,128,50,6.8,Mid-Range,7,6,8,6,682.6207936397735
Phone_2183,Xiaomi,5000,4,64,108,6.4,Budget,7,3,4,3,153.0636814500318
Phone_2184,OnePlus,5000,16,128,64,6.8,Mid-Range,7,5,8,8,368.44548871030406
Phone_2185,Samsung,4500,16,256,12,6.1,Premium,5,9,9,6,1098.5314048074597
Phone_2186,OnePlus,4500,12,512,48,6.1,Premium,4,7,7,7,1483.036792751753
Phone_2187,OnePlus,6000,8,1024,48,6.5,Mid-Range,6,5,7,5,674.5126747633857
Phone_2188,Samsung,5000,4,1024,50,6.7,Mid-Range,5,5,8,7,419.6311588575832
Phone_2189,Oppo,3000,8,256,50,6.5,Mid-Range,5,6,6,6,335.76031637997806
Phone_2190,OnePlus,4000,12,128,50,6.7,Mid-Range,6,6,6,4,641.1681916698712
Phone_2191,OnePlus,6000,16,64,48,6.4,Mid-Range,8,5,6,7,346.65861062590835
Phone_2192,Oppo,4000,16,128,64,6.8,Mid-Range,5,8,7,5,516.5740331528036
Phone_2193,OnePlus,3000,8,128,12,6.5,Mid-Range,7,6,6,5,450.37915827552433
Phone_2194,OnePlus,3000,6,64,50,6.8,Budget,10,5,6,2,278.5901533721825
Phone_2195,OnePlus,4000,8,1024,48,6.5,Mid-Range,8,5,6,8,599.5598172901364
Phone_2196,Apple,6000,6,128,64,6.5,Budget,8,5,5,3,160.42849718593564
Phone_2197,Oppo,4000,8,512,50,6.1,Mid-Range,6,6,5,8,325.31285249674556
Phone_2198,OnePlus,6000,6,512,50,6.7,Mid-Range,6,7,8,4,643.3501364483287
Phone_2199,Oppo,6000,6,256,12,6.4,Mid-Range,8,8,5,8,486.53190352373787
Phone_2200,Xiaomi,4500,6,256,12,6.8,Mid-Range,6,7,8,6,387.6736762677237
Phone_2201,Xiaomi,5000,6,64,108,6.5,Budget,8,6,3,2,176.3422297407185
Phone_2202,OnePlus,5000,4,64,50,6.8,Budget,10,4,5,4,182.1587843295061
Phone_2203,Oppo,3000,6,256,108,6.1,Mid-Range,7,8,7,4,302.3972561176165
Phone_2204,Oppo,4500,6,128,48,6.4,Budget,9,4,5,2,190.65019123101433
Phone_2205,Oppo,5000,16,1024,12,6.7,Premium,6,9,10,9,1152.884898938868
Phone_2206,Apple,6000,4,512,64,6.7,Mid-Range,6,6,8,5,400.0218785818845
Phone_2207,Xiaomi,6000,6,64,50,6.5,Budget,8,3,5,4,251.53177363246868
Phone_2208,Oppo,4000,12,256,50,6.4,Premium,4,8,9,7,1239.1027991994238
Phone_2209,Oppo,4000,4,512,108,6.7,Mid-Range,6,8,5,7,306.4900864168281
Phone_2210,Apple,6000,16,64,12,6.4,Mid-Range,5,6,7,6,541.8297325322353
Phone_2211,Apple,6000,8,64,108,6.8,Mid-Range,6,6,7,7,558.4811105120232
Phone_2212,Oppo,4000,16,128,50,6.1,Mid-Range,5,5,6,4,360.05692285435964
Phone_2213,Samsung,5000,16,64,12,6.4,Mid-Range,7,8,8,8,504.9870176217478
Phone_2214,Oppo,3000,4,1024,50,6.4,Mid-Range,7,6,8,6,454.1966625939565
Phone_2215,Oppo,4000,4,64,12,6.7,Budget,8,3,5,5,244.2589240531839
Phone_2216,Apple,5000,12,1024,50,6.5,Premium,4,7,8,8,817.4464874772917
Phone_2217,Apple,5000,12,128,64,6.5,Mid-Range,5,5,7,7,534.0546329886324
Phone_2218,Oppo,5000,4,1024,108,6.8,Mid-Range,8,5,5,5,386.86882336254644
Phone_2219,Oppo,4500,4,512,12,6.7,Mid-Range,5,5,5,4,595.9118562256208
Phone_2220,Oppo,4500,4,64,108,6.7,Budget,8,4,4,3,296.0699410697996
Phone_2221,Apple,5000,8,256,12,6.1,Mid-Range,5,6,7,6,520.3980730090399
Phone_2222,Oppo,6000,16,256,12,6.5,Premium,7,10,7,8,1355.6155195863407
Phone_2223,Oppo,4500,12,1024,12,6.7,Premium,4,10,7,7,1340.8959057273576
Phone_2224,OnePlus,4000,12,128,50,6.8,Mid-Range,8,5,7,4,657.3894138075366
Phone_2225,Samsung,4500,6,1024,48,6.1,Mid-Range,6,5,5,6,567.9817005648338
Phone_2226,Xiaomi,6000,8,1024,50,6.5,Mid-Range,5,6,5,4,359.5514364936129
Phone_2227,Samsung,3000,4,1024,48,6.5,Mid-Range,7,5,8,6,654.5224089350904
Phone_2228,OnePlus,4500,4,512,50,6.5,Mid-Range,5,5,5,4,449.1333957456177
Phone_2229,Xiaomi,5000,8,512,48,6.1,Mid-Range,5,6,8,8,436.51381053764396
Phone_2230,Oppo,5000,12,1024,12,6.8,Premium,6,9,8,7,894.8120223453307
Phone_2231,OnePlus,5000,4,128,12,6.8,Budget,10,6,5,3,289.7114843004174
Phone_2232,Oppo,3000,6,64,48,6.7,Budget,10,4,4,5,149.07035400201102
Phone_2233,Apple,6000,12,256,48,6.7,Premium,4,7,8,8,838.9275091666282
Phone_2234,OnePlus,4000,16,512,108,6.5,Premium,7,7,10,7,1061.3072269371578
Phone_2235,Apple,6000,8,64,12,6.4,Mid-Range,5,8,7,5,368.38710111957926
Phone_2236,OnePlus,3000,12,512,50,6.7,Premium,4,8,7,9,1499.5096424477679
Phone_2237,OnePlus,5000,16,512,108,6.8,Premium,6,7,10,9,1269.305930215642
Phone_2238,Apple,6000,6,512,48,6.5,Mid-Range,8,6,7,6,647.8370455980273
Phone_2239,Xiaomi,4000,8,1024,50,6.8,Mid-Range,7,5,7,7,364.5987851062565
Phone_2240,Samsung,5000,4,1024,64,6.5,Mid-Range,7,5,8,4,600.646193231507
Phone_2241,Oppo,4000,4,512,64,6.1,Mid-Range,6,6,5,4,381.66553837300467
Phone_2242,OnePlus,4500,16,512,64,6.7,Premium,7,7,7,7,952.6811945267648
Phone_2243,Oppo,4000,12,256,50,6.1,Premium,7,8,10,7,959.5657137648864
Phone_2244,Apple,5000,6,64,48,6.7,Budget,8,5,4,3,142.05911085196425
Phone_2245,Oppo,4500,16,64,50,6.8,Mid-Range,7,8,7,8,349.71502502307874
Phone_2246,Apple,5000,6,128,108,6.8,Budget,9,5,4,3,146.22732799494025
Phone_2247,Oppo,5000,6,128,108,6.4,Budget,8,6,4,4,283.6123465772535
Phone_2248,Samsung,4500,6,128,64,6.8,Budget,10,4,6,3,167.5977283276628
Phone_2249,Samsung,4000,8,1024,48,6.5,Mid-Range,5,7,7,4,471.1157518753891
Phone_2250,Samsung,3000,16,1024,108,6.4,Premium,6,9,10,9,915.0888581163855
Phone_2251,Samsung,3000,8,256,12,6.5,Mid-Range,6,7,6,7,632.4847004586834
Phone_2252,Samsung,3000,12,1024,12,6.4,Premium,4,10,8,10,860.148133706469
Phone_2253,Samsung,3000,12,128,64,6.5,Mid-Range,5,5,6,4,607.7310554884299
Phone_2254,Apple,6000,4,512,64,6.4,Mid-Range,8,8,6,7,571.6153359828556
Phone_2255,OnePlus,3000,4,128,64,6.7,Budget,8,4,3,3,256.1937208515874
Phone_2256,Oppo,4500,4,256,108,6.7,Mid-Range,8,6,5,5,503.5550097028753
Phone_2257,Samsung,3000,12,512,48,6.4,Premium,4,7,7,7,754.0516820076951
Phone_2258,Apple,5000,6,1024,64,6.1,Mid-Range,7,7,7,4,505.29104526816485
Phone_2259,Apple,3000,6,512,50,6.4,Mid-Range,8,7,6,4,641.4878998056814
Phone_2260,Apple,4000,16,256,64,6.1,Premium,4,8,9,9,932.5461588121354
Phone_2261,OnePlus,4500,12,1024,108,6.5,Premium,5,8,9,9,836.7698795761912
Phone_2262,Oppo,4500,4,64,48,6.4,Budget,10,4,5,3,220.6647258004212
Phone_2263,OnePlus,6000,12,128,64,6.1,Mid-Range,7,6,5,4,476.4619224176639
Phone_2264,Xiaomi,5000,6,128,12,6.4,Budget,10,3,4,4,171.9573102252313
Phone_2265,Apple,4500,6,256,64,6.7,Mid-Range,7,7,5,4,446.0399631913058
Phone_2266,Xiaomi,4000,8,256,64,6.7,Mid-Range,7,6,6,5,615.9057496162814
Phone_2267,Samsung,3000,8,128,48,6.4,Mid-Range,7,8,6,5,629.9097830301938
Phone_2268,Samsung,4500,16,512,50,6.4,Premium,4,10,7,9,1052.58745801593
Phone_2269,OnePlus,4000,12,64,64,6.8,Mid-Range,5,7,6,6,681.3478318586687
Phone_2270,Oppo,3000,8,64,64,6.7,Mid-Range,7,8,8,7,648.7487922694764
Phone_2271,Xiaomi,6000,8,256,108,6.5,Mid-Range,7,6,5,7,661.9879033764846
Phone_2272,Oppo,4500,12,256,48,6.4,Premium,5,8,10,8,1410.9007742252993
Phone_2273,OnePlus,4500,6,512,108,6.8,Mid-Range,7,5,6,4,498.78394374652476
Phone_2274,Samsung,4000,16,256,64,6.4,Premium,6,9,7,10,1045.5952601570316
Phone_2275,Oppo,5000,16,64,64,6.7,Mid-Range,6,5,5,5,458.7329629325825
Phone_2276,Oppo,6000,16,128,12,6.1,Mid-Range,7,6,7,6,350.4584591909814
Phone_2277,Samsung,5000,8,64,108,6.1,Mid-Range,5,8,5,4,645.3143412136097
Phone_2278,Xiaomi,4500,6,512,48,6.7,Mid-Range,5,5,8,5,532.4519120181498
Phone_2279,Samsung,5000,16,128,64,6.5,Mid-Range,5,8,8,6,354.39271687664103
Phone_2280,Oppo,3000,12,128,12,6.8,Mid-Range,5,6,7,7,651.6262308798115
Phone_2281,Xiaomi,6000,16,64,12,6.4,Mid-Range,8,6,8,7,332.14736390571676
Phone_2282,Xiaomi,5000,4,128,50,6.4,Budget,7,5,4,2,137.99941560617933
Phone_2283,Samsung,3000,6,128,48,6.4,Budget,7,5,3,5,145.51867119497595
Phone_2284,Oppo,4000,4,256,12,6.8,Mid-Range,6,5,6,5,587.1904784743098
Phone_2285,OnePlus,5000,6,128,48,6.8,Budget,10,4,5,3,288.86523990914816
Phone_2286,Oppo,6000,12,512,64,6.7,Premium,7,10,9,9,1409.515250947924
Phone_2287,Apple,3000,8,128,50,6.8,Mid-Range,8,7,8,8,525.9080014626943
Phone_2288,OnePlus,5000,8,256,48,6.4,Mid-Range,6,8,8,4,439.9686143540166
Phone_2289,Xiaomi,4000,6,1024,50,6.4,Mid-Range,6,7,5,8,409.7603582523958
Phone_2290,OnePlus,5000,16,1024,48,6.8,Premium,6,9,10,8,1244.7724347192304
Phone_2291,Xiaomi,3000,4,512,48,6.8,Mid-Range,5,8,7,8,476.50809520425787
Phone_2292,Xiaomi,5000,12,512,108,6.7,Premium,5,9,7,9,980.3721699294978
Phone_2293,OnePlus,6000,16,128,50,6.1,Mid-Range,7,7,8,8,589.2223324235632
Phone_2294,Xiaomi,4500,8,128,48,6.8,Mid-Range,8,5,5,7,562.453978932897
Phone_2295,Xiaomi,3000,16,1024,108,6.1,Premium,6,10,10,7,1254.8561279833616
Phone_2296,Apple,3000,4,1024,108,6.5,Mid-Range,6,8,7,8,526.1798360581768
Phone_2297,Oppo,3000,8,64,50,6.1,Mid-Range,8,8,6,5,593.2069727184903
Phone_2298,Oppo,3000,6,1024,64,6.8,Mid-Range,5,8,6,8,639.8678521100219
Phone_2299,Apple,5000,12,1024,50,6.4,Premium,6,7,10,9,1303.811658061059
Phone_2300,OnePlus,6000,12,512,48,6.4,Premium,7,9,10,8,1321.3430242209456
Phone_2301,Samsung,4000,8,64,64,6.8,Mid-Range,5,5,5,6,404.8697326301983
Phone_2302,Samsung,6000,6,64,50,6.7,Budget,9,6,5,3,173.5856340498359
Phone_2303,Samsung,3000,4,128,50,6.8,Budget,7,6,4,3,177.9229446306743
Phone_2304,Apple,5000,12,128,50,6.8,Mid-Range,6,7,5,5,605.2547362457243
Phone_2305,Apple,5000,8,64,50,6.7,Mid-Range,8,5,5,6,391.84691885886036
Phone_2306,Xiaomi,3000,12,64,64,6.7,Mid-Range,6,8,7,8,444.9255550539778
Phone_2307,Samsung,5000,6,128,48,6.5,Budget,8,3,3,4,269.81877368638544
Phone_2308,OnePlus,3000,4,512,108,6.5,Mid-Range,8,6,7,7,534.5389974488801
Phone_2309,OnePlus,6000,6,512,50,6.5,Mid-Range,7,8,5,5,541.1790906382445
Phone_2310,Samsung,4500,16,512,108,6.7,Premium,5,9,9,6,1199.1998129279439
Phone_2311,Samsung,5000,6,512,108,6.1,Mid-Range,8,7,6,4,643.8692850207186
Phone_2312,Samsung,3000,6,128,108,6.8,Budget,8,6,6,4,239.33697334302343
Phone_2313,Apple,3000,12,256,50,6.5,Premium,7,10,8,6,876.592602998909
Phone_2314,Apple,5000,6,1024,50,6.1,Mid-Range,7,8,5,4,437.46487680205803
Phone_2315,Apple,4000,8,1024,50,6.8,Mid-Range,5,8,6,6,305.3458680601258
Phone_2316,Oppo,3000,12,1024,50,6.1,Premium,7,10,9,6,1310.6843631912213
Phone_2317,OnePlus,5000,12,1024,12,6.4,Premium,5,8,9,10,1331.7683152920388
Phone_2318,OnePlus,3000,16,128,48,6.4,Mid-Range,5,8,5,5,510.1560681938172
Phone_2319,Xiaomi,4000,8,256,12,6.8,Mid-Range,5,5,5,8,340.0725962864649
Phone_2320,Apple,4500,6,128,64,6.1,Budget,9,4,4,4,193.27436489097724
Phone_2321,Oppo,4000,16,256,12,6.1,Premium,6,7,7,9,1052.9672077245707
Phone_2322,Oppo,6000,8,128,12,6.7,Mid-Range,5,5,8,4,621.5261080314839
Phone_2323,OnePlus,5000,16,64,12,6.5,Mid-Range,5,7,8,7,606.5809740639725
Phone_2324,Apple,4000,4,256,48,6.8,Mid-Range,8,6,8,5,461.9426279859998
Phone_2325,Xiaomi,4500,6,1024,108,6.1,Mid-Range,8,6,6,4,455.8130318295581
Phone_2326,Apple,3000,16,256,64,6.5,Premium,6,9,9,10,1453.0150418194341
Phone_2327,Samsung,5000,4,512,64,6.8,Mid-Range,5,5,8,7,333.0578510089044
Phone_2328,Apple,4000,6,256,48,6.1,Mid-Range,8,8,8,6,648.9625740235977
Phone_2329,Samsung,4500,16,512,12,6.4,Premium,6,9,9,8,777.7085601675584
Phone_2330,Samsung,4000,16,512,108,6.1,Premium,4,7,10,8,1335.4851769378633
Phone_2331,Xiaomi,6000,16,64,50,6.4,Mid-Range,8,5,8,6,653.0714249467085
Phone_2332,OnePlus,5000,16,256,48,6.4,Premium,6,9,7,7,1138.9552621544535
Phone_2333,Apple,3000,12,64,108,6.7,Mid-Range,6,6,6,5,620.7676479136946
Phone_2334,Samsung,4500,16,1024,48,6.7,Premium,4,9,8,7,1239.6017284498148
Phone_2335,Apple,4000,12,256,48,6.5,Premium,5,10,9,10,1075.7594047706662
Phone_2336,OnePlus,5000,12,128,50,6.8,Mid-Range,7,7,7,7,442.75620046459073
Phone_2337,OnePlus,4000,4,128,108,6.5,Budget,9,4,4,5,128.2132792410892
Phone_2338,Oppo,5000,6,128,12,6.7,Budget,7,6,6,3,138.5019889870833
Phone_2339,OnePlus,6000,12,512,108,6.5,Premium,6,10,7,10,748.1565329373906
Phone_2340,Xiaomi,4000,8,128,108,6.8,Mid-Range,8,5,8,7,596.5811707965721
Phone_2341,Samsung,6000,12,1024,12,6.8,Premium,7,10,10,7,993.6808686172209
Phone_2342,Oppo,4500,8,256,50,6.1,Mid-Range,8,7,8,5,565.480578583228
Phone_2343,Xiaomi,6000,4,256,108,6.5,Mid-Range,5,7,5,8,418.2059125710247
Phone_2344,Apple,5000,8,512,12,6.7,Mid-Range,7,6,8,7,695.1206839867007
Phone_2345,Samsung,4500,4,512,48,6.1,Mid-Range,8,5,7,7,367.2822950102672
Phone_2346,OnePlus,4000,4,512,48,6.5,Mid-Range,6,6,5,6,589.4410260611514
Phone_2347,Samsung,4000,4,1024,12,6.8,Mid-Range,6,7,7,6,361.9722298145951
Phone_2348,Apple,5000,8,256,48,6.7,Mid-Range,5,6,6,4,412.3464566289044
Phone_2349,Oppo,3000,8,64,108,6.5,Mid-Range,6,8,6,4,599.5303240226953
Phone_2350,Oppo,3000,4,512,12,6.8,Mid-Range,8,5,5,6,591.6462848050535
Phone_2351,Oppo,4000,4,128,108,6.8,Budget,7,5,4,2,193.84515734047642
Phone_2352,OnePlus,5000,6,64,64,6.5,Budget,7,3,6,2,204.5411254110332
Phone_2353,Xiaomi,3000,4,64,50,6.5,Budget,8,5,4,4,186.4960780481506
Phone_2354,Xiaomi,6000,16,512,50,6.7,Premium,5,10,8,6,1048.1651138471304
Phone_2355,Samsung,4000,6,128,50,6.1,Budget,10,6,3,4,277.8060179107106
Phone_2356,OnePlus,6000,6,512,12,6.8,Mid-Range,6,5,8,5,301.39176999369136
Phone_2357,Oppo,5000,6,512,64,6.1,Mid-Range,6,7,7,5,383.38182046715804
Phone_2358,Oppo,6000,16,128,50,6.1,Mid-Range,6,6,7,4,391.842198368206
Phone_2359,Apple,3000,6,64,108,6.8,Budget,9,6,6,3,219.73283113250648
Phone_2360,Apple,3000,6,64,50,6.5,Budget,8,5,6,2,260.3336840217787
Phone_2361,Oppo,4500,8,128,64,6.8,Mid-Range,7,7,8,5,382.2426879454646
Phone_2362,Oppo,4000,8,64,108,6.1,Mid-Range,8,8,5,7,465.11683153514474
Phone_2363,OnePlus,5000,4,1024,108,6.7,Mid-Range,6,8,8,8,369.3299870324839
Phone_2364,Xiaomi,4000,4,512,12,6.8,Mid-Range,7,5,8,6,566.7609798019555
Phone_2365,Apple,6000,12,1024,12,6.7,Premium,7,9,10,7,1283.2156844548579
Phone_2366,Xiaomi,5000,16,1024,48,6.5,Premium,6,9,7,7,1248.5235082272206
Phone_2367,OnePlus,5000,8,1024,64,6.5,Mid-Range,6,6,8,7,686.9633392026924
Phone_2368,Oppo,3000,4,256,108,6.7,Mid-Range,7,8,8,6,459.72077724534836
Phone_2369,Xiaomi,6000,16,256,64,6.7,Premium,4,10,8,9,968.1694695537474
Phone_2370,Oppo,3000,6,1024,50,6.8,Mid-Range,8,7,8,4,699.5083607206666
Phone_2371,Oppo,3000,16,512,50,6.5,Premium,6,8,9,9,1225.1285619802989
Phone_2372,Samsung,4500,8,1024,48,6.7,Mid-Range,8,5,5,5,624.1397485862101
Phone_2373,Xiaomi,3000,12,1024,108,6.4,Premium,6,9,7,10,1407.1859175044756
Phone_2374,Xiaomi,4000,8,256,108,6.8,Mid-Range,5,7,5,7,565.9140936155857
Phone_2375,Oppo,5000,4,1024,48,6.8,Mid-Range,8,7,6,4,489.5184972199453
Phone_2376,OnePlus,3000,4,512,50,6.4,Mid-Range,6,6,7,7,635.6102253683287
Phone_2377,Samsung,4000,16,512,108,6.5,Premium,4,9,9,10,1409.7464638739816
Phone_2378,Oppo,6000,8,1024,64,6.7,Mid-Range,7,8,8,5,368.9343587998552
Phone_2379,Apple,5000,4,512,108,6.7,Mid-Range,8,8,6,8,566.097999299528
Phone_2380,Apple,6000,6,1024,50,6.5,Mid-Range,5,7,6,7,386.83639282933365
Phone_2381,Samsung,4000,6,256,108,6.4,Mid-Range,5,7,7,6,367.70817056785774
Phone_2382,OnePlus,6000,12,1024,108,6.4,Premium,4,10,7,7,749.248465215529
Phone_2383,Oppo,6000,16,64,12,6.4,Mid-Range,7,6,5,5,345.4624138738855
Phone_2384,Xiaomi,6000,4,256,108,6.8,Mid-Range,8,5,6,4,581.5509454712696
Phone_2385,Samsung,3000,12,512,48,6.7,Premium,5,10,8,8,950.4751249596242
Phone_2386,OnePlus,3000,6,512,48,6.1,Mid-Range,8,6,7,6,570.3169311128472
Phone_2387,Xiaomi,3000,12,256,64,6.8,Premium,7,8,7,6,804.8728158431448
Phone_2388,Apple,5000,12,64,108,6.8,Mid-Range,8,5,7,4,613.083911683364
Phone_2389,Apple,4000,4,256,64,6.7,Mid-Range,8,8,5,4,655.6045474112952
Phone_2390,Xiaomi,3000,4,128,50,6.5,Budget,9,4,5,4,263.67190027046263
Phone_2391,Samsung,6000,4,64,50,6.7,Budget,7,6,6,5,258.3287057270765
Phone_2392,Apple,6000,16,256,12,6.5,Premium,6,10,10,6,1094.8566093420866
Phone_2393,Oppo,6000,12,128,12,6.7,Mid-Range,8,7,5,7,510.25500917005274
Phone_2394,Xiaomi,6000,12,1024,108,6.8,Premium,5,10,9,10,1360.7841530675503
Phone_2395,Xiaomi,4500,16,64,108,6.4,Mid-Range,8,6,8,4,325.60213074959677
Phone_2396,Apple,5000,6,1024,64,6.8,Mid-Range,5,5,5,4,335.3138141233177
Phone_2397,Samsung,4000,8,128,64,6.8,Mid-Range,7,6,6,5,690.5209585081045
Phone_2398,Oppo,4000,6,512,108,6.1,Mid-Range,7,5,8,6,302.407232765164
Phone_2399,Samsung,3000,16,512,108,6.8,Premium,4,9,10,7,1094.4333912601085
Phone_2400,OnePlus,4500,12,512,12,6.8,Premium,6,10,7,7,810.5559418886121
Phone_2401,OnePlus,4000,12,1024,12,6.8,Premium,7,8,7,6,1233.2653787945492
Phone_2402,Apple,5000,4,64,12,6.1,Budget,9,3,3,2,107.73236236312147
Phone_2403,Apple,6000,4,1024,108,6.5,Mid-Range,6,5,6,5,439.55491666212095
Phone_2404,Apple,3000,12,1024,64,6.1,Premium,5,7,7,9,1278.2026027604707
Phone_2405,OnePlus,5000,12,512,48,6.4,Premium,4,8,10,6,1057.8784479570331
Phone_2406,Samsung,4000,4,1024,48,6.5,Mid-Range,6,7,5,7,316.93402891835353
Phone_2407,Samsung,4500,4,128,64,6.1,Budget,10,6,5,3,196.59624722464463
Phone_2408,Apple,3000,6,256,64,6.4,Mid-Range,7,8,6,4,342.39542614863825
Phone_2409,Oppo,4000,12,256,64,6.4,Premium,4,9,7,7,1454.9797374087289
Phone_2410,Samsung,3000,12,256,12,6.7,Premium,5,9,8,6,921.6707202690297
Phone_2411,OnePlus,4000,16,512,50,6.7,Premium,6,10,9,6,857.2825408118526
Phone_2412,Xiaomi,6000,6,512,108,6.8,Mid-Range,5,5,7,5,362.1792338798565
Phone_2413,Xiaomi,4500,8,256,12,6.5,Mid-Range,7,8,7,5,317.5722848621428
Phone_2414,Xiaomi,6000,8,64,48,6.1,Mid-Range,8,8,7,5,355.3395657932955
Phone_2415,Oppo,4000,8,256,108,6.8,Mid-Range,6,8,8,4,687.5010062476385
Phone_2416,Apple,5000,4,1024,64,6.5,Mid-Range,5,7,6,7,428.05158471886125
Phone_2417,OnePlus,6000,8,256,48,6.7,Mid-Range,5,8,8,7,406.8689885358325
Phone_2418,Oppo,5000,16,256,64,6.1,Premium,5,10,7,7,1186.015732990663
Phone_2419,OnePlus,4000,4,64,64,6.4,Budget,10,5,5,4,224.98482629270435
Phone_2420,OnePlus,4500,4,512,64,6.4,Mid-Range,7,5,5,6,439.63003352522117
Phone_2421,Apple,5000,8,512,108,6.8,Mid-Range,8,5,7,4,357.92464908424563
Phone_2422,Xiaomi,4000,4,1024,48,6.8,Mid-Range,5,8,8,5,689.728191482279
Phone_2423,Apple,5000,6,256,48,6.1,Mid-Range,8,7,6,6,414.0490793944522
Phone_2424,Oppo,6000,6,128,64,6.4,Budget,10,6,3,4,128.08136773103908
Phone_2425,Oppo,4000,8,1024,12,6.8,Mid-Range,6,8,6,8,553.7611122535473
Phone_2426,Oppo,6000,16,512,50,6.4,Premium,5,10,10,6,1447.4646642960554
Phone_2427,Apple,3000,4,64,12,6.7,Budget,10,3,3,2,159.3069707352181
Phone_2428,OnePlus,4000,12,512,108,6.8,Premium,7,7,8,7,1325.03631272415
Phone_2429,OnePlus,5000,8,512,50,6.5,Mid-Range,6,6,5,7,373.6540045574625
Phone_2430,Samsung,3000,4,64,12,6.8,Budget,10,5,5,5,189.17477805431963
Phone_2431,Oppo,6000,8,256,48,6.7,Mid-Range,8,7,6,4,699.5953036170038
Phone_2432,OnePlus,6000,8,256,12,6.1,Mid-Range,8,8,8,5,635.5223882585851
Phone_2433,Samsung,5000,16,512,64,6.4,Premium,5,10,8,9,997.9998558003422
Phone_2434,OnePlus,3000,12,1024,108,6.1,Premium,4,8,7,8,1270.7459988283074
Phone_2435,Oppo,4500,4,128,12,6.8,Budget,10,4,3,3,173.5694449988194
Phone_2436,Xiaomi,5000,8,1024,12,6.5,Mid-Range,7,5,7,8,433.89778932739324
Phone_2437,Oppo,6000,8,1024,50,6.1,Mid-Range,6,5,7,4,591.9744499510308
Phone_2438,Apple,4000,4,512,64,6.5,Mid-Range,8,6,5,7,456.615217384742
Phone_2439,OnePlus,3000,8,512,50,6.8,Mid-Range,7,6,8,4,471.81067062785814
Phone_2440,OnePlus,4500,8,128,108,6.5,Mid-Range,8,5,5,7,649.3568282173133
Phone_2441,Apple,4000,8,128,108,6.5,Mid-Range,8,8,6,5,382.073267521493
Phone_2442,Apple,3000,6,128,64,6.7,Budget,8,6,6,3,268.925926604816
Phone_2443,Xiaomi,5000,6,512,50,6.1,Mid-Range,7,8,6,8,672.2000509939305
Phone_2444,OnePlus,5000,12,512,64,6.8,Premium,6,10,9,10,1161.9976148762273
Phone_2445,OnePlus,3000,16,1024,50,6.7,Premium,4,8,9,9,1301.2611117123672
Phone_2446,Xiaomi,4500,4,512,48,6.5,Mid-Range,6,7,6,8,348.64520900506307
Phone_2447,Samsung,3000,16,256,64,6.7,Premium,7,8,7,6,1206.0542407087041
Phone_2448,Xiaomi,4000,16,256,108,6.7,Premium,4,10,7,9,876.8633332917475
Phone_2449,Oppo,4000,6,128,50,6.5,Budget,7,3,6,3,280.5257428763042
Phone_2450,OnePlus,5000,12,512,48,6.8,Premium,5,8,9,10,896.0596144430558
Phone_2451,Apple,3000,16,256,108,6.4,Premium,7,9,7,10,964.1615056807972
Phone_2452,Oppo,5000,16,1024,50,6.7,Premium,5,9,10,6,981.6351683984853
Phone_2453,OnePlus,4500,8,64,48,6.1,Mid-Range,8,8,8,7,677.627251554738
Phone_2454,Xiaomi,4000,4,1024,108,6.5,Mid-Range,7,7,5,4,477.6522838492664
Phone_2455,Oppo,6000,12,64,108,6.4,Mid-Range,8,6,7,8,354.91053591784726
Phone_2456,OnePlus,6000,4,1024,48,6.7,Mid-Range,6,7,5,6,543.8917386996818
Phone_2457,Samsung,3000,6,256,108,6.5,Mid-Range,8,7,7,7,328.65400569054316
Phone_2458,Samsung,3000,16,512,50,6.5,Premium,5,8,10,9,1092.7897209567427
Phone_2459,Apple,6000,16,64,50,6.7,Mid-Range,7,6,5,8,369.1783331402711
Phone_2460,OnePlus,3000,4,512,108,6.1,Mid-Range,8,5,5,8,506.39163126242596
Phone_2461,Samsung,4000,6,512,12,6.5,Mid-Range,5,7,8,5,550.1976785292685
Phone_2462,Xiaomi,4500,8,256,48,6.5,Mid-Range,8,5,5,5,478.69027392704123
Phone_2463,OnePlus,4500,8,128,12,6.7,Mid-Range,6,7,5,4,630.9187450964755
Phone_2464,Xiaomi,5000,16,128,50,6.4,Mid-Range,5,7,8,5,449.8835452478921
Phone_2465,Xiaomi,4000,16,64,108,6.5,Mid-Range,7,7,5,4,362.01311406737983
Phone_2466,Samsung,3000,12,256,64,6.5,Premium,6,9,8,7,1427.5813583880115
Phone_2467,OnePlus,3000,4,512,64,6.7,Mid-Range,6,5,7,4,685.4155314990621
Phone_2468,Oppo,5000,16,1024,12,6.5,Premium,4,7,7,8,920.8440938312696
Phone_2469,Samsung,5000,6,1024,12,6.7,Mid-Range,8,8,7,7,424.43331401271814
Phone_2470,Samsung,3000,4,64,12,6.1,Budget,8,5,3,2,178.75905330382724
Phone_2471,OnePlus,3000,12,64,50,6.7,Mid-Range,5,6,5,8,493.31526282987943
Phone_2472,OnePlus,4000,8,64,50,6.4,Mid-Range,5,8,7,5,562.0632020390053
Phone_2473,Xiaomi,5000,12,256,108,6.5,Premium,5,10,9,10,1180.052062338514
Phone_2474,OnePlus,4000,4,1024,50,6.1,Mid-Range,6,6,8,4,545.3304803974221
Phone_2475,Xiaomi,3000,8,256,108,6.5,Mid-Range,5,8,8,5,634.4465668770927
Phone_2476,Samsung,6000,6,256,108,6.5,Mid-Range,6,7,8,7,578.4293797658216
Phone_2477,Apple,6000,8,512,12,6.7,Mid-Range,6,6,7,8,340.6092156133028
Phone_2478,Oppo,3000,8,256,64,6.5,Mid-Range,7,5,5,6,656.7142096833874
Phone_2479,Samsung,5000,6,256,12,6.1,Mid-Range,7,7,5,6,379.8149774929952
Phone_2480,OnePlus,6000,16,512,50,6.8,Premium,7,9,8,10,1235.4877450136564
Phone_2481,Oppo,5000,16,128,48,6.5,Mid-Range,7,6,6,7,636.1046846356346
Phone_2482,Apple,6000,8,512,50,6.7,Mid-Range,8,7,5,8,691.6851558710209
Phone_2483,Apple,5000,8,64,64,6.4,Mid-Range,7,7,7,4,424.24471636480774
Phone_2484,Xiaomi,6000,12,128,50,6.5,Mid-Range,8,5,6,7,453.28913700085803
Phone_2485,Oppo,5000,16,1024,64,6.7,Premium,5,7,8,6,768.4752524113197
Phone_2486,Xiaomi,4000,6,256,48,6.5,Mid-Range,8,8,8,8,499.1966599773931
Phone_2487,Samsung,5000,8,128,48,6.8,Mid-Range,6,8,7,5,600.1499619129173
Phone_2488,Oppo,4000,8,1024,108,6.8,Mid-Range,6,7,7,4,626.847493544572
Phone_2489,Samsung,4000,12,512,50,6.1,Premium,7,8,9,10,810.657915058164
Phone_2490,Xiaomi,3000,12,512,108,6.8,Premium,7,9,8,7,910.6582897137444
Phone_2491,Oppo,4000,12,64,12,6.7,Mid-Range,5,5,7,6,419.91256760503495
Phone_2492,Xiaomi,4500,4,64,12,6.8,Budget,7,5,3,3,121.35263974945292
Phone_2493,Oppo,4000,6,128,12,6.7,Budget,10,5,3,4,155.37951569904254
Phone_2494,Xiaomi,5000,4,256,12,6.5,Mid-Range,5,5,5,6,574.6551935361384
Phone_2495,Apple,4000,8,512,12,6.1,Mid-Range,5,7,5,7,335.9847767360343
Phone_2496,Xiaomi,5000,12,128,50,6.1,Mid-Range,5,7,7,5,437.4712976338128
Phone_2497,Apple,5000,12,128,108,6.8,Mid-Range,8,8,8,5,381.06669585826626
Phone_2498,Xiaomi,4500,12,128,108,6.4,Mid-Range,6,8,5,4,503.13980487475925
Phone_2499,Oppo,4000,16,64,64,6.8,Mid-Range,8,5,7,7,367.47905853885754
Phone_2500,Oppo,4000,6,512,12,6.4,Mid-Range,5,8,8,5,532.2965757885072
Phone_2501,Oppo,6000,4,64,48,6.8,Budget,8,6,5,2,162.427968287395
Phone_2502,OnePlus,6000,6,64,64,6.7,Budget,8,6,3,5,245.28893043841705
Phone_2503,Samsung,3000,12,128,64,6.7,Mid-Range,5,5,5,4,559.581154307402
Phone_2504,Oppo,5000,8,1024,50,6.4,Mid-Range,5,5,7,8,466.5286636279741
Phone_2505,Apple,4500,16,1024,64,6.1,Premium,4,8,8,10,1180.2026150880326
Phone_2506,Oppo,6000,6,1024,48,6.4,Mid-Range,8,6,7,6,560.448706569659
Phone_2507,OnePlus,4000,8,128,108,6.5,Mid-Range,6,7,7,5,322.91451364650726
Phone_2508,Apple,3000,12,256,64,6.1,Premium,4,10,7,9,1141.9702049700186
Phone_2509,OnePlus,4500,12,512,50,6.4,Premium,7,10,10,10,1156.4743988800824
Phone_2510,Apple,4000,12,128,12,6.5,Mid-Range,6,5,7,4,315.42917544591586
Phone_2511,Xiaomi,4000,12,128,48,6.5,Mid-Range,7,5,5,8,313.87308816345956
Phone_2512,Samsung,5000,16,64,12,6.8,Mid-Range,8,6,5,6,367.0482721558685
Phone_2513,Samsung,5000,16,1024,64,6.4,Premium,7,9,7,7,1269.376224906564
Phone_2514,OnePlus,6000,6,128,108,6.7,Budget,7,3,6,4,199.18195599789476
Phone_2515,Samsung,6000,12,256,50,6.8,Premium,5,9,8,10,1139.9358863092436
Phone_2516,OnePlus,4000,16,512,48,6.1,Premium,7,9,7,10,931.4723919633077
Phone_2517,OnePlus,4000,8,256,108,6.7,Mid-Range,8,7,5,7,508.02226385469913
Phone_2518,OnePlus,6000,16,128,48,6.5,Mid-Range,6,5,6,4,314.546637561083
Phone_2519,Samsung,6000,16,128,50,6.1,Mid-Range,8,6,8,6,419.15985034652647
Phone_2520,OnePlus,4000,6,64,50,6.8,Budget,7,5,5,3,144.30667873434624
Phone_2521,Samsung,4500,16,256,64,6.5,Premium,4,9,7,9,717.9144761636206
Phone_2522,OnePlus,4000,8,64,48,6.5,Mid-Range,6,7,8,7,537.7359460057455
Phone_2523,Oppo,4500,12,256,64,6.5,Premium,6,10,8,6,918.8833131182221
Phone_2524,OnePlus,4500,4,1024,48,6.7,Mid-Range,8,8,8,7,422.05112274786904
Phone_2525,Apple,4000,6,1024,48,6.8,Mid-Range,7,7,5,6,528.6379028535687
Phone_2526,OnePlus,3000,8,256,12,6.8,Mid-Range,6,7,7,8,345.5893948815743
Phone_2527,Xiaomi,6000,6,64,64,6.7,Budget,10,4,4,4,173.4694494506562
Phone_2528,OnePlus,5000,12,1024,48,6.8,Premium,6,7,9,7,767.1573486949453
Phone_2529,Apple,4000,16,128,48,6.5,Mid-Range,7,7,5,8,314.12999446332674
Phone_2530,Apple,4500,16,512,50,6.5,Premium,5,8,9,6,1182.485220695712
Phone_2531,Samsung,4000,8,64,12,6.5,Mid-Range,5,8,8,4,532.1148793333394
Phone_2532,Oppo,6000,12,256,50,6.8,Premium,4,10,9,9,770.0913965292278
Phone_2533,OnePlus,4500,4,512,64,6.4,Mid-Range,6,6,8,7,540.6552722117113
Phone_2534,Samsung,5000,4,512,64,6.1,Mid-Range,5,7,7,6,447.9391710331539
Phone_2535,Oppo,5000,16,128,48,6.4,Mid-Range,8,6,8,6,407.94713244073296
Phone_2536,OnePlus,5000,12,64,108,6.7,Mid-Range,5,7,7,6,624.5298827573755
Phone_2537,Xiaomi,3000,12,512,50,6.4,Premium,7,8,7,6,1361.1936697640976
Phone_2538,OnePlus,4500,8,64,64,6.4,Mid-Range,6,6,6,8,417.38923920057147
Phone_2539,Apple,4500,4,128,48,6.7,Budget,7,5,6,5,285.0588643158364
Phone_2540,Apple,3000,8,256,48,6.4,Mid-Range,8,5,6,4,366.0100854825257
Phone_2541,Xiaomi,4500,6,512,50,6.1,Mid-Range,5,5,5,5,356.80306703463503
Phone_2542,Samsung,3000,12,512,48,6.8,Premium,4,8,8,6,1053.2456644507192
Phone_2543,Oppo,4000,4,512,12,6.7,Mid-Range,7,7,8,7,349.7737323850142
Phone_2544,OnePlus,6000,8,64,108,6.4,Mid-Range,7,5,8,4,401.1140742173808
Phone_2545,Apple,5000,16,512,50,6.5,Premium,4,7,7,7,886.1072150976333
Phone_2546,Samsung,3000,6,64,50,6.5,Budget,8,3,5,3,299.2156003987112
Phone_2547,Xiaomi,3000,8,1024,50,6.7,Mid-Range,5,5,8,7,605.3846760712743
Phone_2548,Apple,3000,16,1024,48,6.5,Premium,7,8,8,9,1040.8415161508294
Phone_2549,Xiaomi,4000,4,64,48,6.1,Budget,7,5,6,2,181.79848452901803
Phone_2550,OnePlus,3000,4,1024,50,6.4,Mid-Range,6,8,6,4,472.7536053580342
Phone_2551,Oppo,6000,6,128,50,6.1,Budget,10,4,3,5,284.551270202977
Phone_2552,Apple,6000,16,128,12,6.1,Mid-Range,7,7,8,4,437.4020036453188
Phone_2553,Apple,5000,12,1024,64,6.8,Premium,5,8,10,8,965.1892155692174
Phone_2554,OnePlus,4000,4,256,12,6.4,Mid-Range,6,8,6,4,410.21587605804046
Phone_2555,Samsung,6000,12,64,50,6.7,Mid-Range,8,7,7,4,362.9277349400911
Phone_2556,Oppo,4500,12,1024,48,6.5,Premium,4,9,9,10,1493.934035331617
Phone_2557,Apple,4500,8,64,48,6.8,Mid-Range,7,7,6,8,499.61042194271505
Phone_2558,Oppo,4500,8,1024,50,6.1,Mid-Range,6,6,7,5,670.3550739764175
Phone_2559,Apple,3000,4,128,64,6.5,Budget,10,3,3,4,245.3600924186031
Phone_2560,Oppo,3000,12,256,108,6.4,Premium,6,7,7,8,1143.4125257499468
Phone_2561,Xiaomi,4500,8,64,108,6.1,Mid-Range,5,7,6,7,387.088463797744
Phone_2562,Apple,5000,16,256,12,6.1,Premium,7,10,8,8,1028.359662873711
Phone_2563,Oppo,5000,16,128,64,6.4,Mid-Range,7,5,8,6,486.0140164045704
Phone_2564,Samsung,3000,16,512,108,6.7,Premium,6,8,9,9,768.6230154126829
Phone_2565,Xiaomi,4500,16,512,64,6.8,Premium,6,8,10,6,1312.101466100789
Phone_2566,Xiaomi,5000,12,64,48,6.4,Mid-Range,7,7,7,6,433.89752024371734
Phone_2567,Samsung,3000,16,128,48,6.5,Mid-Range,6,6,8,6,675.2755028151648
Phone_2568,Oppo,4500,12,64,64,6.5,Mid-Range,8,5,8,6,487.3688819699148
Phone_2569,OnePlus,4000,4,64,50,6.1,Budget,9,3,5,5,260.6438678987113
Phone_2570,Samsung,4500,4,64,108,6.8,Budget,8,4,6,5,281.80350015790214
Phone_2571,Oppo,4500,16,256,108,6.7,Premium,7,7,8,6,1442.908877696328
Phone_2572,Samsung,6000,16,1024,48,6.7,Premium,4,9,8,10,1456.6698486133369
Phone_2573,Samsung,6000,16,128,12,6.5,Mid-Range,8,8,8,8,600.300306442251
Phone_2574,Apple,4000,4,256,108,6.7,Mid-Range,6,6,7,7,687.273082431017
Phone_2575,Oppo,4000,8,1024,48,6.5,Mid-Range,8,5,6,5,664.8647792795431
Phone_2576,OnePlus,4500,4,64,48,6.8,Budget,10,6,4,3,169.7131025331068
Phone_2577,Apple,5000,16,512,64,6.1,Premium,5,7,7,10,765.2363862095915
Phone_2578,Samsung,4000,8,256,64,6.5,Mid-Range,8,5,7,4,545.0546410435593
Phone_2579,Samsung,4500,8,128,64,6.8,Mid-Range,6,6,5,5,582.3237382889056
Phone_2580,Samsung,3000,6,128,12,6.5,Budget,9,6,3,4,148.3748372174311
Phone_2581,Oppo,6000,12,1024,108,6.4,Premium,4,10,8,7,878.4527306938066
Phone_2582,Oppo,5000,16,256,12,6.5,Premium,5,8,9,8,707.7673440448993
Phone_2583,Apple,4500,12,64,12,6.8,Mid-Range,8,8,8,8,539.8550309171136
Phone_2584,OnePlus,3000,6,1024,64,6.7,Mid-Range,6,6,8,7,510.0971506390604
Phone_2585,Apple,6000,12,128,48,6.5,Mid-Range,7,6,6,5,315.7455757699458
Phone_2586,Xiaomi,3000,16,256,50,6.1,Premium,6,10,9,9,761.6961501252313
Phone_2587,Samsung,4500,6,512,48,6.8,Mid-Range,8,8,8,4,542.4518920011097
Phone_2588,Samsung,4000,12,64,48,6.7,Mid-Range,6,8,8,4,347.1995261911487
Phone_2589,Samsung,6000,4,128,48,6.8,Budget,8,4,3,3,245.3651551114048
Phone_2590,Apple,3000,8,256,48,6.5,Mid-Range,8,8,5,8,679.6995535316897
Phone_2591,Apple,4000,6,512,12,6.4,Mid-Range,6,6,6,8,370.96649806214873
Phone_2592,Samsung,5000,4,128,64,6.4,Budget,10,3,5,2,188.17260607522508
Phone_2593,Apple,4500,16,512,64,6.1,Premium,6,7,10,7,713.9312221304266
Phone_2594,Oppo,4500,8,128,48,6.1,Mid-Range,6,6,7,5,479.1759103246316
Phone_2595,Oppo,6000,6,1024,50,6.7,Mid-Range,8,8,5,5,560.1193229848343
Phone_2596,Apple,3000,8,1024,108,6.4,Mid-Range,8,6,5,7,620.9352556333727
Phone_2597,Samsung,5000,6,1024,48,6.5,Mid-Range,6,7,8,5,688.2581068433485
Phone_2598,Apple,6000,6,256,48,6.8,Mid-Range,5,8,7,4,564.197302273684
Phone_2599,Apple,6000,12,1024,50,6.8,Premium,6,8,7,9,879.8312689811329
Phone_2600,Apple,3000,8,256,12,6.4,Mid-Range,8,5,7,8,543.0076063398147
Phone_2601,Xiaomi,5000,8,64,48,6.4,Mid-Range,6,8,5,8,526.0180907264573
Phone_2602,Oppo,3000,4,1024,50,6.8,Mid-Range,7,8,5,4,325.9127577744463
Phone_2603,OnePlus,4500,16,256,12,6.7,Premium,5,10,7,10,1117.0681965498388
Phone_2604,OnePlus,4000,4,128,12,6.8,Budget,10,3,6,5,209.1225028108013
Phone_2605,Xiaomi,4500,12,256,48,6.1,Premium,5,7,10,10,925.3530089959585
Phone_2606,Apple,4500,6,256,12,6.5,Mid-Range,7,7,5,7,330.3176832823403
Phone_2607,Xiaomi,6000,12,128,48,6.4,Mid-Range,5,8,8,6,517.7509072191374
Phone_2608,Xiaomi,4500,12,256,48,6.4,Premium,7,7,8,10,920.1913949443563
Phone_2609,Samsung,5000,4,128,64,6.7,Budget,8,4,6,3,276.7172119415798
Phone_2610,Oppo,4500,6,512,108,6.1,Mid-Range,5,6,6,7,566.7733525844494
Phone_2611,OnePlus,5000,16,1024,108,6.8,Premium,7,7,8,8,1461.9155524240914
Phone_2612,Apple,3000,12,64,64,6.1,Mid-Range,6,7,8,7,528.457059168685
Phone_2613,OnePlus,6000,16,256,48,6.1,Premium,6,9,9,8,1180.289901625635
Phone_2614,OnePlus,5000,6,128,50,6.7,Budget,10,5,5,5,265.178586197097
Phone_2615,Oppo,4500,6,1024,12,6.7,Mid-Range,6,5,7,7,617.1005616801863
Phone_2616,OnePlus,6000,4,256,64,6.8,Mid-Range,7,8,5,7,434.49054040265173
Phone_2617,OnePlus,6000,8,1024,64,6.8,Mid-Range,8,6,8,5,342.8987479981062
Phone_2618,Xiaomi,5000,4,512,64,6.5,Mid-Range,6,7,8,6,428.5726410106343
Phone_2619,Oppo,5000,16,256,64,6.1,Premium,5,10,9,10,1226.4156124602591
Phone_2620,Samsung,4000,4,128,108,6.8,Budget,8,6,3,4,283.63766814039366
Phone_2621,Apple,4000,6,512,48,6.7,Mid-Range,8,8,5,8,582.228679298759
Phone_2622,OnePlus,6000,12,256,64,6.5,Premium,5,7,10,9,763.9495344522269
Phone_2623,Apple,4000,8,1024,64,6.5,Mid-Range,7,6,7,7,363.3787553836497
Phone_2624,Samsung,4500,6,512,64,6.7,Mid-Range,7,5,7,8,565.7279109552551
Phone_2625,Apple,3000,12,128,50,6.8,Mid-Range,8,6,6,4,448.72021978174365
Phone_2626,Samsung,6000,16,256,50,6.7,Premium,5,8,8,9,823.5650576852229
Phone_2627,Xiaomi,3000,16,1024,12,6.8,Premium,4,7,10,8,1154.0253219999522
Phone_2628,OnePlus,4000,16,1024,48,6.7,Premium,6,8,7,6,726.7576505444524
Phone_2629,Samsung,5000,4,512,64,6.7,Mid-Range,5,7,6,4,579.621596226925
Phone_2630,Apple,6000,16,256,12,6.4,Premium,6,10,7,6,1363.7250589089986
Phone_2631,OnePlus,4000,16,1024,12,6.8,Premium,6,9,7,8,1063.4832377594619
Phone_2632,Xiaomi,4500,4,512,48,6.1,Mid-Range,8,8,5,7,569.5328485001576
Phone_2633,OnePlus,6000,12,64,50,6.4,Mid-Range,8,8,7,4,690.4516800335184
Phone_2634,Samsung,6000,6,1024,48,6.4,Mid-Range,5,5,7,6,664.9012922924072
Phone_2635,Xiaomi,5000,8,512,12,6.4,Mid-Range,7,7,6,4,399.3093606689513
Phone_2636,Apple,6000,16,64,48,6.4,Mid-Range,7,5,6,5,326.41319232608964
Phone_2637,Xiaomi,5000,16,512,50,6.1,Premium,6,7,10,7,796.3558043613422
Phone_2638,Xiaomi,4000,16,1024,12,6.4,Premium,6,10,7,6,757.2418606291594
Phone_2639,Oppo,4500,4,64,48,6.1,Budget,10,3,3,4,263.02243879686523
Phone_2640,Xiaomi,4500,4,512,64,6.1,Mid-Range,8,8,6,6,560.6588808077488
Phone_2641,Xiaomi,6000,4,256,64,6.4,Mid-Range,5,6,8,5,364.1403739602958
Phone_2642,OnePlus,6000,8,64,48,6.5,Mid-Range,8,5,7,8,440.5925698641705
Phone_2643,Apple,4000,6,512,48,6.1,Mid-Range,6,6,7,4,617.8270649626784
Phone_2644,OnePlus,5000,16,256,50,6.4,Premium,7,8,9,10,1184.5568938907031
Phone_2645,OnePlus,4500,12,64,12,6.7,Mid-Range,7,5,6,5,542.8490178054799
Phone_2646,Samsung,5000,16,512,48,6.7,Premium,5,7,9,6,1372.2200414284443
Phone_2647,OnePlus,4000,16,1024,12,6.8,Premium,5,8,8,10,1161.1303686641386
Phone_2648,Oppo,4500,16,64,64,6.1,Mid-Range,6,5,5,5,576.3851000948367
Phone_2649,Oppo,4500,16,64,12,6.1,Mid-Range,6,8,6,8,346.9311175292599
Phone_2650,Samsung,3000,6,256,108,6.7,Mid-Range,7,5,6,8,354.5498303842536
Phone_2651,Apple,4000,12,512,50,6.1,Premium,6,9,9,10,779.4892475064452
Phone_2652,Apple,4000,4,1024,50,6.1,Mid-Range,7,7,5,7,309.6440971746505
Phone_2653,OnePlus,3000,12,256,12,6.7,Premium,7,7,9,10,1354.2964296796035
Phone_2654,OnePlus,5000,16,64,50,6.4,Mid-Range,6,5,5,7,303.79154273863185
Phone_2655,OnePlus,3000,12,256,12,6.7,Premium,6,7,10,7,1242.8845159104694
Phone_2656,Apple,4000,16,256,12,6.5,Premium,4,7,7,6,785.2776314993042
Phone_2657,Xiaomi,5000,12,256,64,6.7,Premium,7,7,10,6,1024.75921738469
Phone_2658,Oppo,4500,8,64,12,6.7,Mid-Range,8,7,6,4,612.336651040777
Phone_2659,Xiaomi,3000,12,128,50,6.4,Mid-Range,8,5,8,5,455.9700502917337
Phone_2660,Xiaomi,5000,4,256,108,6.7,Mid-Range,7,5,8,6,477.60802473657833
Phone_2661,Apple,5000,4,128,48,6.7,Budget,8,4,3,3,264.07217440232296
Phone_2662,Xiaomi,5000,12,1024,50,6.4,Premium,4,9,7,9,1134.830347072439
Phone_2663,Samsung,3000,12,1024,108,6.7,Premium,5,7,9,9,983.6267220585778
Phone_2664,OnePlus,4500,6,1024,50,6.4,Mid-Range,7,6,8,8,566.1752088562961
Phone_2665,Samsung,5000,12,512,108,6.5,Premium,5,7,9,9,1053.9127897301591
Phone_2666,Oppo,3000,4,64,50,6.4,Budget,7,3,4,2,110.04777996109212
Phone_2667,OnePlus,4000,8,128,48,6.1,Mid-Range,8,7,7,4,331.71535524799515
Phone_2668,Xiaomi,3000,4,512,64,6.1,Mid-Range,5,6,7,6,366.3216710581924
Phone_2669,Oppo,3000,6,128,64,6.4,Budget,8,4,6,5,111.17548944919358
Phone_2670,OnePlus,3000,12,64,48,6.7,Mid-Range,7,7,5,6,347.75582946015254
Phone_2671,Xiaomi,5000,8,256,50,6.8,Mid-Range,7,5,8,5,492.2110126053889
Phone_2672,Samsung,3000,4,512,108,6.8,Mid-Range,5,5,7,5,387.8960104723793
Phone_2673,OnePlus,4000,8,64,12,6.5,Mid-Range,7,6,5,5,559.1745626661905
Phone_2674,Xiaomi,5000,16,512,50,6.5,Premium,5,9,7,10,1195.8474437255277
Phone_2675,Samsung,4000,4,1024,48,6.8,Mid-Range,6,8,6,8,642.8985389567039
Phone_2676,Oppo,6000,16,512,64,6.8,Premium,6,8,8,6,941.9520451500498
Phone_2677,Oppo,3000,8,256,64,6.4,Mid-Range,8,5,8,6,687.6311315208441
Phone_2678,Oppo,5000,12,256,50,6.8,Premium,5,8,7,6,1467.826948442802
Phone_2679,Oppo,5000,12,128,108,6.1,Mid-Range,8,6,8,5,577.1704911758308
Phone_2680,Apple,3000,12,512,48,6.5,Premium,4,8,9,10,916.7832684227927
Phone_2681,OnePlus,4500,16,1024,48,6.5,Premium,6,9,10,9,1307.0276789336253
Phone_2682,OnePlus,4500,12,256,108,6.1,Premium,7,7,8,8,1075.9331476777454
Phone_2683,Apple,4000,6,128,108,6.5,Budget,10,6,4,5,255.66062232828355
Phone_2684,Xiaomi,3000,4,1024,50,6.8,Mid-Range,7,5,8,5,528.3490057226204
Phone_2685,Xiaomi,3000,4,1024,50,6.5,Mid-Range,7,7,5,8,573.0399976514748
Phone_2686,Oppo,6000,8,1024,64,6.1,Mid-Range,7,6,5,7,330.2548955115553
Phone_2687,Samsung,4500,16,64,64,6.5,Mid-Range,6,8,8,4,544.2192906407795
Phone_2688,Xiaomi,4500,4,256,108,6.8,Mid-Range,7,7,6,5,323.6747253777891
Phone_2689,Samsung,3000,16,64,12,6.4,Mid-Range,7,6,8,6,630.8105033793986
Phone_2690,OnePlus,4000,8,64,12,6.8,Mid-Range,8,5,7,4,316.16999363498
Phone_2691,Samsung,3000,12,256,12,6.5,Premium,4,9,8,8,1168.2877085793723
Phone_2692,OnePlus,4000,8,512,48,6.7,Mid-Range,6,8,6,7,467.9927532708631
Phone_2693,Apple,4500,6,128,50,6.5,Budget,7,5,4,3,181.5177009374433
Phone_2694,Apple,6000,12,256,108,6.5,Premium,7,7,9,7,834.1576178988096
Phone_2695,Oppo,5000,12,128,64,6.1,Mid-Range,8,5,5,8,673.2416450838798
Phone_2696,Xiaomi,4500,12,512,12,6.7,Premium,7,10,10,10,1346.3192924041277
Phone_2697,Oppo,4000,8,256,64,6.1,Mid-Range,7,7,6,5,458.47930088010696
Phone_2698,OnePlus,3000,6,1024,50,6.1,Mid-Range,6,6,8,8,397.23478782432
Phone_2699,Oppo,4500,16,256,108,6.8,Premium,7,10,10,8,888.2035645182235
Phone_2700,Samsung,6000,8,512,12,6.4,Mid-Range,5,8,7,7,303.10457365577497
Phone_2701,OnePlus,4000,4,64,12,6.5,Budget,7,3,4,4,250.97509013553386
Phone_2702,Apple,3000,4,256,108,6.7,Mid-Range,8,8,7,5,488.3047164725671
Phone_2703,Xiaomi,5000,8,1024,64,6.5,Mid-Range,6,6,5,5,687.3195764999115
Phone_2704,OnePlus,4000,16,256,50,6.1,Premium,7,10,8,7,730.7543144246677
Phone_2705,OnePlus,3000,4,64,50,6.4,Budget,10,4,5,2,286.40259825532075
Phone_2706,Samsung,5000,16,256,50,6.1,Premium,7,7,8,10,857.2100036667081
Phone_2707,Xiaomi,3000,12,1024,64,6.5,Premium,5,8,10,6,1079.6701113024542
Phone_2708,Apple,5000,8,512,64,6.8,Mid-Range,5,6,7,5,658.7746983391442
Phone_2709,OnePlus,5000,12,1024,12,6.5,Premium,7,10,9,10,1194.2413672119046
Phone_2710,OnePlus,5000,4,512,64,6.1,Mid-Range,7,5,5,8,461.4200651541467
Phone_2711,Samsung,3000,16,1024,48,6.7,Premium,5,8,9,7,1044.6835090725644
Phone_2712,Oppo,5000,12,128,108,6.7,Mid-Range,6,8,7,4,472.60606629280494
Phone_2713,Apple,4000,4,256,64,6.7,Mid-Range,7,6,5,8,689.4146642651858
Phone_2714,Xiaomi,6000,6,256,50,6.7,Mid-Range,6,8,6,6,452.0350791762172
Phone_2715,OnePlus,6000,12,64,64,6.7,Mid-Range,5,6,5,6,338.4269164634457
Phone_2716,OnePlus,5000,6,128,12,6.4,Budget,8,4,6,3,169.81165743639752
Phone_2717,Apple,6000,6,64,108,6.4,Budget,8,6,6,4,245.3615411883769
Phone_2718,Oppo,6000,4,256,108,6.8,Mid-Range,6,6,6,6,471.29860090246905
Phone_2719,OnePlus,5000,8,64,50,6.7,Mid-Range,7,8,6,8,426.42957896267
Phone_2720,Apple,5000,16,512,108,6.1,Premium,4,10,10,7,1022.3421459691212
Phone_2721,Samsung,4000,4,128,48,6.1,Budget,8,5,6,2,243.56558437067636
Phone_2722,Oppo,4500,12,1024,108,6.5,Premium,6,7,10,8,1499.3841313203693
Phone_2723,Xiaomi,3000,16,512,50,6.7,Premium,6,8,10,7,1418.6348818291074
Phone_2724,OnePlus,5000,8,1024,108,6.1,Mid-Range,8,8,8,5,441.1803603278189
Phone_2725,Apple,5000,4,64,64,6.8,Budget,10,6,5,3,171.0653125465883
Phone_2726,Samsung,6000,8,256,12,6.1,Mid-Range,7,7,8,6,597.1562998545905
Phone_2727,Xiaomi,4000,12,512,64,6.8,Premium,7,7,7,9,1469.2810648115785
Phone_2728,Apple,6000,4,128,48,6.7,Budget,9,4,4,5,259.36948837544423
Phone_2729,Apple,5000,12,1024,48,6.5,Premium,7,10,8,7,921.6335097045361
Phone_2730,Xiaomi,5000,16,512,12,6.5,Premium,4,7,10,9,1471.9831700717903
Phone_2731,Samsung,6000,16,256,12,6.4,Premium,5,9,7,7,1267.0285898442044
Phone_2732,Samsung,5000,8,128,12,6.7,Mid-Range,8,6,5,8,350.28553258988273
Phone_2733,Oppo,4500,8,128,12,6.1,Mid-Range,7,6,7,8,461.97788070255035
Phone_2734,OnePlus,3000,16,1024,108,6.5,Premium,4,10,7,7,910.0492826758405
Phone_2735,Xiaomi,3000,6,512,64,6.8,Mid-Range,6,8,5,6,679.1456357296404
Phone_2736,Xiaomi,3000,16,512,48,6.8,Premium,7,8,7,6,1289.1500641427263
Phone_2737,Xiaomi,4500,4,128,108,6.1,Budget,10,4,6,5,103.81189074347412
Phone_2738,Samsung,5000,12,64,12,6.1,Mid-Range,7,6,7,7,396.2814983165877
Phone_2739,OnePlus,6000,16,128,50,6.7,Mid-Range,8,5,5,4,682.8024418684258
Phone_2740,Oppo,4000,16,256,50,6.1,Premium,6,10,8,9,1039.438141979896
Phone_2741,Apple,5000,12,512,64,6.1,Premium,5,9,8,7,1398.3755815421464
Phone_2742,Apple,4500,12,1024,48,6.1,Premium,7,7,7,8,1447.0124174641314
Phone_2743,Xiaomi,4500,4,512,48,6.5,Mid-Range,6,5,8,8,380.79301548806694
Phone_2744,OnePlus,3000,12,128,64,6.7,Mid-Range,6,5,7,6,585.7990701426033
Phone_2745,Samsung,5000,8,256,12,6.1,Mid-Range,7,8,5,7,554.3872671181998
Phone_2746,OnePlus,3000,16,64,12,6.1,Mid-Range,6,7,7,8,656.0620974410443
Phone_2747,OnePlus,4000,12,512,48,6.8,Premium,5,8,10,10,911.7156039480321
Phone_2748,Samsung,3000,4,128,48,6.5,Budget,8,6,6,5,194.333199271387
Phone_2749,Xiaomi,4000,12,128,48,6.1,Mid-Range,8,7,6,7,573.1334548774141
Phone_2750,OnePlus,4500,16,128,12,6.5,Mid-Range,6,5,6,4,651.5174449133633
Phone_2751,Apple,3000,6,256,50,6.7,Mid-Range,5,5,7,7,696.1849476831208
Phone_2752,Samsung,3000,12,128,64,6.7,Mid-Range,5,7,7,6,574.026390908349
Phone_2753,Oppo,6000,8,128,64,6.4,Mid-Range,8,6,7,4,415.8143751123025
Phone_2754,Xiaomi,4500,16,128,108,6.8,Mid-Range,8,5,6,7,526.1527209609353
Phone_2755,Samsung,6000,4,512,108,6.4,Mid-Range,7,5,6,4,505.99357633441747
Phone_2756,Oppo,4000,16,128,50,6.5,Mid-Range,6,7,7,6,504.7914492536163
Phone_2757,Oppo,4000,6,256,48,6.8,Mid-Range,6,6,7,6,331.44795264193505
Phone_2758,OnePlus,4500,4,512,50,6.1,Mid-Range,7,8,7,6,377.8183475851118
Phone_2759,OnePlus,4000,6,128,108,6.8,Budget,10,5,6,2,228.090444452152
Phone_2760,OnePlus,4500,6,64,108,6.8,Budget,9,6,6,3,145.07402960742024
Phone_2761,Samsung,4000,8,256,64,6.7,Mid-Range,6,6,6,4,372.71456759871234
Phone_2762,Samsung,5000,12,64,50,6.4,Mid-Range,8,5,6,5,365.71259004768973
Phone_2763,Xiaomi,3000,8,256,12,6.7,Mid-Range,6,6,6,4,603.9421166314412
Phone_2764,OnePlus,5000,8,64,108,6.7,Mid-Range,5,8,5,6,576.2216069628219
Phone_2765,Oppo,4500,8,128,64,6.4,Mid-Range,6,8,6,6,494.04326359787876
Phone_2766,Apple,4500,4,64,48,6.7,Budget,8,5,5,5,209.2936541835049
Phone_2767,Xiaomi,5000,12,64,50,6.8,Mid-Range,7,7,6,6,489.0726446156796
Phone_2768,Samsung,3000,12,256,108,6.5,Premium,4,8,9,8,1327.3027377853507
Phone_2769,Xiaomi,3000,4,128,12,6.1,Budget,9,3,4,2,143.5131328916209
Phone_2770,Xiaomi,6000,8,256,108,6.1,Mid-Range,5,5,6,4,341.04257163757495
Phone_2771,Xiaomi,4000,8,128,12,6.7,Mid-Range,8,6,8,7,623.7344493670641
Phone_2772,Xiaomi,6000,6,1024,50,6.4,Mid-Range,7,5,8,7,510.0607715960568
Phone_2773,Apple,3000,6,512,12,6.8,Mid-Range,5,5,6,5,564.9067904723622
Phone_2774,OnePlus,5000,16,512,12,6.7,Premium,7,8,7,7,1456.6699851760459
Phone_2775,Oppo,4000,6,256,64,6.8,Mid-Range,6,6,7,5,420.0831859480588
Phone_2776,Xiaomi,5000,12,128,50,6.8,Mid-Range,8,5,6,7,419.1501550658954
Phone_2777,Xiaomi,6000,4,64,108,6.1,Budget,9,4,4,4,250.17201478667502
Phone_2778,Xiaomi,4500,8,512,48,6.5,Mid-Range,8,8,8,7,366.90189274826133
Phone_2779,OnePlus,5000,16,256,50,6.5,Premium,4,10,9,9,1147.5335443719694
Phone_2780,Samsung,6000,6,256,50,6.4,Mid-Range,6,6,6,8,681.1321342480095
Phone_2781,Samsung,6000,16,256,48,6.5,Premium,5,8,9,6,1118.4512885594286
Phone_2782,Apple,6000,4,128,108,6.7,Budget,10,5,4,3,258.1749206168537
Phone_2783,Samsung,4500,4,256,64,6.1,Mid-Range,6,5,6,4,427.20696865823385
Phone_2784,Xiaomi,4500,16,1024,108,6.1,Premium,5,8,8,6,1307.6028241654226
Phone_2785,Xiaomi,4500,16,64,48,6.8,Mid-Range,5,6,7,8,330.96063052880726
Phone_2786,Xiaomi,4000,16,256,108,6.7,Premium,4,9,9,7,970.3303014346006
Phone_2787,Apple,4500,8,128,50,6.7,Mid-Range,6,6,6,8,511.11961917926317
Phone_2788,Xiaomi,4500,12,64,64,6.8,Mid-Range,7,8,8,5,538.7009975848516
Phone_2789,Samsung,4500,6,64,12,6.8,Budget,9,4,5,3,142.32669296029462
Phone_2790,OnePlus,5000,6,512,108,6.1,Mid-Range,7,6,5,5,501.52152187888
Phone_2791,OnePlus,4500,6,256,12,6.7,Mid-Range,7,8,6,4,302.4918357972132
Phone_2792,Oppo,4000,16,256,64,6.5,Premium,4,8,10,8,1275.908163653935
Phone_2793,Samsung,6000,16,128,12,6.5,Mid-Range,7,7,8,8,300.52187218950746
Phone_2794,Xiaomi,5000,16,1024,108,6.1,Premium,4,8,10,8,1135.7593049391762
Phone_2795,OnePlus,3000,8,1024,48,6.5,Mid-Range,6,8,8,4,493.3284951816777
Phone_2796,Samsung,4500,8,512,50,6.5,Mid-Range,6,6,7,4,343.70962175165073
Phone_2797,OnePlus,6000,8,1024,50,6.7,Mid-Range,8,5,8,4,335.36186310681205
Phone_2798,Xiaomi,6000,8,128,12,6.7,Mid-Range,7,8,6,4,302.7560174229981
Phone_2799,OnePlus,5000,4,512,50,6.4,Mid-Range,7,5,8,8,520.6579405630177
Phone_2800,Oppo,3000,8,256,50,6.7,Mid-Range,6,5,6,8,622.6197512197336
Phone_2801,Oppo,4000,8,1024,48,6.4,Mid-Range,8,8,6,5,642.617499494314
Phone_2802,OnePlus,6000,8,128,12,6.7,Mid-Range,7,6,5,7,527.694921871079
Phone_2803,Samsung,6000,6,128,48,6.8,Budget,9,3,4,5,288.6954484122228
Phone_2804,Samsung,6000,6,256,48,6.7,Mid-Range,6,6,5,4,644.7918060826148
Phone_2805,Samsung,6000,6,128,64,6.4,Budget,7,5,6,4,275.4160295991931
Phone_2806,OnePlus,5000,12,512,12,6.5,Premium,5,10,10,7,1390.0842350459923
Phone_2807,Samsung,3000,4,512,48,6.7,Mid-Range,7,5,5,4,630.8769217188044
Phone_2808,Xiaomi,6000,16,64,108,6.5,Mid-Range,8,7,5,5,456.6705977151066
Phone_2809,Oppo,4000,8,256,50,6.5,Mid-Range,6,5,6,7,461.30577779931696
Phone_2810,Xiaomi,4000,6,128,12,6.7,Budget,9,5,3,5,247.3845860630692
Phone_2811,Samsung,4500,4,1024,64,6.7,Mid-Range,8,8,8,5,671.1674739988155
Phone_2812,Xiaomi,6000,8,512,48,6.8,Mid-Range,5,7,7,7,500.00791181846824
Phone_2813,Samsung,6000,12,256,108,6.4,Premium,6,7,9,9,766.3540064652568
Phone_2814,OnePlus,6000,16,256,50,6.7,Premium,6,7,9,6,1068.4166643184012
Phone_2815,Xiaomi,6000,8,512,50,6.5,Mid-Range,6,7,8,4,420.89538377375845
Phone_2816,OnePlus,6000,16,64,108,6.5,Mid-Range,6,8,6,5,483.0618273606932
Phone_2817,OnePlus,4000,8,256,12,6.7,Mid-Range,6,5,5,7,419.064938090504
Phone_2818,Apple,3000,12,128,50,6.4,Mid-Range,8,5,7,4,584.7671348626557
Phone_2819,Samsung,3000,4,1024,50,6.5,Mid-Range,6,7,7,8,517.0608296842076
Phone_2820,Oppo,4500,16,1024,50,6.8,Premium,6,10,7,7,1428.9569365999116
Phone_2821,Samsung,4000,16,512,48,6.5,Premium,6,7,7,10,1017.1930171543481
Phone_2822,Oppo,6000,4,256,48,6.4,Mid-Range,7,8,8,8,542.1659549762351
Phone_2823,Samsung,3000,16,1024,50,6.1,Premium,7,7,10,8,1274.1755814863852
Phone_2824,OnePlus,5000,6,256,64,6.8,Mid-Range,6,5,7,5,613.6682715671084
Phone_2825,Xiaomi,5000,4,512,50,6.8,Mid-Range,6,5,6,4,696.3385731590779
Phone_2826,Xiaomi,5000,12,64,12,6.1,Mid-Range,8,6,7,7,392.5314214074982
Phone_2827,Apple,6000,8,1024,64,6.8,Mid-Range,7,7,5,6,306.0447510362424
Phone_2828,Oppo,6000,8,128,12,6.8,Mid-Range,5,5,8,8,500.1777668688056
Phone_2829,Oppo,4500,4,512,108,6.8,Mid-Range,5,5,8,8,669.601953859751
Phone_2830,Oppo,4500,6,64,108,6.5,Budget,8,6,5,2,180.78826150252985
Phone_2831,OnePlus,4500,12,128,48,6.5,Mid-Range,8,7,7,5,602.3500661477624
Phone_2832,Oppo,5000,8,128,48,6.7,Mid-Range,5,6,8,4,427.80441814969845
Phone_2833,Xiaomi,6000,8,1024,48,6.7,Mid-Range,8,8,5,4,456.4800305394839
Phone_2834,OnePlus,5000,6,256,108,6.5,Mid-Range,7,6,5,7,679.090144890389
Phone_2835,Samsung,4500,16,512,12,6.8,Premium,4,8,8,10,1091.1038254518423
Phone_2836,Oppo,6000,4,128,64,6.4,Budget,9,4,3,2,104.02684419150201
Phone_2837,Oppo,4000,6,1024,48,6.1,Mid-Range,8,8,5,7,519.941790127475
Phone_2838,Samsung,3000,6,64,108,6.7,Budget,10,4,5,3,103.45368177554033
Phone_2839,Oppo,3000,6,128,48,6.8,Budget,9,4,3,5,225.71973184600512
Phone_2840,Samsung,4500,6,64,50,6.7,Budget,8,5,6,5,190.728301401579
Phone_2841,OnePlus,5000,16,512,64,6.4,Premium,5,10,9,8,1290.3724734329921
Phone_2842,Xiaomi,4000,12,1024,12,6.8,Premium,4,7,10,9,1217.1608726397014
Phone_2843,Samsung,6000,6,64,48,6.5,Budget,9,3,5,5,236.47471901971343
Phone_2844,Apple,5000,6,256,50,6.4,Mid-Range,7,8,5,7,305.28331361887103
Phone_2845,Samsung,4500,4,64,50,6.7,Budget,8,4,3,5,270.71883515422815
Phone_2846,Oppo,5000,8,64,64,6.8,Mid-Range,7,6,8,7,386.28017444712333
Phone_2847,OnePlus,4500,16,1024,108,6.8,Premium,5,7,10,10,1463.67082406696
Phone_2848,OnePlus,3000,6,1024,108,6.1,Mid-Range,6,6,5,4,521.1385088213689
Phone_2849,Samsung,3000,12,128,48,6.1,Mid-Range,5,7,5,8,695.5156145050289
Phone_2850,Xiaomi,5000,12,64,48,6.1,Mid-Range,5,7,8,6,468.93068248213274
Phone_2851,Apple,4000,12,64,108,6.5,Mid-Range,8,5,5,6,520.8451712165293
Phone_2852,OnePlus,6000,4,1024,12,6.8,Mid-Range,7,6,7,6,387.92163440561694
Phone_2853,Oppo,4500,12,256,12,6.8,Premium,4,7,7,10,1203.7673432635547
Phone_2854,Oppo,6000,4,1024,50,6.7,Mid-Range,6,6,7,4,431.34938215513694
Phone_2855,Xiaomi,3000,16,256,64,6.5,Premium,7,9,8,8,719.8901068925844
Phone_2856,OnePlus,4000,12,1024,12,6.1,Premium,5,9,9,6,871.2597796977301
Phone_2857,Samsung,4000,8,512,48,6.8,Mid-Range,6,8,8,5,595.8900913945099
Phone_2858,Oppo,6000,6,64,12,6.1,Budget,10,5,6,2,191.96460334282443
Phone_2859,Xiaomi,3000,16,256,64,6.4,Premium,6,10,9,7,1281.3718737500453
Phone_2860,OnePlus,6000,8,512,48,6.5,Mid-Range,7,6,8,8,468.28094860738054
Phone_2861,OnePlus,5000,16,256,64,6.1,Premium,7,10,8,8,1447.4644837717417
Phone_2862,OnePlus,4000,12,128,108,6.5,Mid-Range,6,5,7,4,598.2273044254632
Phone_2863,OnePlus,4000,16,128,64,6.8,Mid-Range,8,5,8,5,585.7562915497637
Phone_2864,OnePlus,5000,16,64,64,6.4,Mid-Range,7,8,6,8,525.910437143312
Phone_2865,Oppo,3000,16,512,64,6.7,Premium,5,10,10,8,1217.5110849265316
Phone_2866,Xiaomi,4000,4,512,48,6.4,Mid-Range,6,8,7,8,579.443493908406
Phone_2867,OnePlus,4500,8,128,64,6.5,Mid-Range,6,6,6,7,521.022316498409
Phone_2868,Apple,4500,12,64,64,6.4,Mid-Range,5,7,8,7,637.9313732691635
Phone_2869,Apple,3000,6,128,50,6.8,Budget,8,6,3,5,260.9053132099459
Phone_2870,Xiaomi,5000,12,512,48,6.5,Premium,7,9,10,6,1041.5191817524174
Phone_2871,Samsung,6000,12,256,64,6.5,Premium,5,8,7,7,945.577944411935
Phone_2872,Samsung,3000,4,512,12,6.8,Mid-Range,8,5,7,8,511.5847318875375
Phone_2873,Samsung,6000,4,64,64,6.1,Budget,10,3,4,4,201.58983667455124
Phone_2874,Apple,3000,16,512,12,6.7,Premium,7,8,7,8,714.3096867238969
Phone_2875,Samsung,4500,12,1024,108,6.4,Premium,6,10,8,9,987.2827892097212
Phone_2876,Oppo,5000,8,512,108,6.7,Mid-Range,8,8,5,6,635.9264706379786
Phone_2877,OnePlus,4500,4,1024,48,6.7,Mid-Range,8,5,5,8,375.33522478064685
Phone_2878,Apple,5000,4,128,48,6.8,Budget,8,4,6,3,205.72505008189228
Phone_2879,Xiaomi,6000,8,1024,108,6.1,Mid-Range,7,7,8,6,392.9113307732906
Phone_2880,Xiaomi,3000,4,512,48,6.7,Mid-Range,8,8,8,7,349.75928442363994
Phone_2881,OnePlus,4000,8,512,12,6.5,Mid-Range,8,5,5,7,657.8411848755605
Phone_2882,Apple,4000,6,512,12,6.1,Mid-Range,6,5,5,5,446.77870608249054
Phone_2883,Samsung,5000,8,64,50,6.8,Mid-Range,8,5,6,4,573.7533887486107
Phone_2884,Samsung,5000,6,128,48,6.7,Budget,10,4,5,5,180.5310306066096
Phone_2885,Oppo,4500,16,1024,48,6.8,Premium,7,7,10,9,985.0948564498892
Phone_2886,Oppo,4000,16,256,50,6.4,Premium,4,9,9,6,1178.2686258794124
Phone_2887,Samsung,4500,4,1024,64,6.8,Mid-Range,6,7,6,8,597.0906737733758
Phone_2888,Xiaomi,6000,8,512,12,6.5,Mid-Range,8,7,8,6,614.5854245792959
Phone_2889,Xiaomi,4000,4,256,64,6.8,Mid-Range,6,8,6,7,472.213048565613
Phone_2890,Oppo,6000,8,256,50,6.1,Mid-Range,8,6,5,5,643.8452901794086
Phone_2891,OnePlus,3000,4,1024,48,6.4,Mid-Range,5,5,8,6,442.12147491159334
Phone_2892,Samsung,4500,16,1024,64,6.5,Premium,6,8,9,6,897.8141744103634
Phone_2893,Oppo,5000,16,1024,48,6.4,Premium,5,7,10,7,779.755983899022
Phone_2894,Oppo,4000,4,1024,50,6.5,Mid-Range,7,7,5,7,482.39241412842665
Phone_2895,Samsung,4500,8,128,108,6.4,Mid-Range,7,7,8,8,655.5671889948101
Phone_2896,Samsung,5000,12,64,48,6.7,Mid-Range,5,8,8,4,528.9013534288202
Phone_2897,Xiaomi,3000,8,64,64,6.8,Mid-Range,6,5,6,5,636.0730250486263
Phone_2898,OnePlus,4000,4,1024,64,6.1,Mid-Range,5,8,6,7,593.3336445653601
Phone_2899,OnePlus,6000,8,64,50,6.1,Mid-Range,8,7,8,4,513.0296846316049
Phone_2900,Samsung,3000,6,1024,64,6.7,Mid-Range,5,6,5,5,430.56812666912435
Phone_2901,Apple,5000,8,1024,12,6.4,Mid-Range,5,6,5,8,680.4546807395889
Phone_2902,Oppo,4000,16,1024,48,6.8,Premium,5,10,9,6,1355.2320937240204
Phone_2903,Oppo,4000,16,128,12,6.7,Mid-Range,8,7,7,4,657.7945008393458
Phone_2904,Samsung,3000,6,512,50,6.4,Mid-Range,8,5,6,5,502.55718216856826
Phone_2905,Apple,4000,8,64,12,6.8,Mid-Range,7,6,8,5,599.4964333242572
Phone_2906,Xiaomi,5000,12,64,12,6.4,Mid-Range,6,8,8,5,433.6526169760217
Phone_2907,Samsung,3000,8,128,48,6.1,Mid-Range,8,5,6,6,453.6838896601051
Phone_2908,Samsung,6000,16,128,48,6.8,Mid-Range,8,8,5,4,376.30037815858554
Phone_2909,Oppo,3000,16,1024,108,6.1,Premium,6,7,7,7,1075.3342527595746
Phone_2910,Samsung,3000,4,1024,12,6.1,Mid-Range,5,6,7,4,317.3196197761785
Phone_2911,Samsung,6000,16,512,48,6.8,Premium,7,8,9,9,845.4251865557828
Phone_2912,Samsung,5000,4,64,12,6.7,Budget,7,3,4,2,181.21246170918954
Phone_2913,Oppo,4500,16,128,12,6.4,Mid-Range,8,6,6,8,625.2307892529857
Phone_2914,Xiaomi,4500,16,512,50,6.8,Premium,6,10,7,7,790.1375685389643
Phone_2915,Xiaomi,6000,12,64,50,6.1,Mid-Range,5,8,5,8,367.6416589139015
Phone_2916,Samsung,5000,4,512,12,6.4,Mid-Range,6,8,5,5,503.60510640438144
Phone_2917,Oppo,4000,4,512,50,6.8,Mid-Range,8,5,5,8,394.4065863862127
Phone_2918,Xiaomi,6000,16,1024,48,6.7,Premium,4,10,7,10,1409.4920542630316
Phone_2919,Xiaomi,4500,4,512,12,6.8,Mid-Range,7,5,7,7,517.8180142618512
Phone_2920,Xiaomi,5000,16,1024,50,6.8,Premium,4,9,9,10,1213.0546035357709
Phone_2921,Oppo,3000,16,64,48,6.5,Mid-Range,7,7,6,4,395.5555288197187
Phone_2922,Oppo,5000,8,64,12,6.4,Mid-Range,8,7,7,4,368.89522293691164
Phone_2923,Samsung,5000,4,1024,12,6.8,Mid-Range,5,7,5,7,481.47741285029497
Phone_2924,OnePlus,4500,6,256,50,6.1,Mid-Range,5,8,8,4,647.848330246909
Phone_2925,Xiaomi,4500,4,512,48,6.1,Mid-Range,8,5,5,6,603.2517147604228
Phone_2926,OnePlus,4000,4,64,12,6.5,Budget,8,4,3,5,230.55766191178742
Phone_2927,Oppo,4000,12,512,12,6.1,Premium,4,9,8,6,896.9075215473831
Phone_2928,Oppo,6000,6,256,108,6.8,Mid-Range,8,8,5,5,329.08883178691394
Phone_2929,Oppo,3000,6,512,12,6.4,Mid-Range,5,8,6,4,519.2005496433922
Phone_2930,OnePlus,4000,12,256,108,6.5,Premium,5,8,7,9,1246.021200469168
Phone_2931,Oppo,4500,12,128,108,6.5,Mid-Range,8,5,6,7,481.31661618369674
Phone_2932,Samsung,5000,4,256,48,6.7,Mid-Range,8,5,7,4,450.6781959708279
Phone_2933,Oppo,6000,8,64,64,6.7,Mid-Range,5,5,7,4,675.789234355881
Phone_2934,Apple,4000,12,1024,108,6.4,Premium,4,7,8,7,1062.8169282664076
Phone_2935,OnePlus,5000,6,1024,48,6.4,Mid-Range,8,5,6,4,342.3898837434025
Phone_2936,Apple,5000,6,512,50,6.5,Mid-Range,5,5,6,6,648.1313163437003
Phone_2937,Oppo,4000,4,128,108,6.8,Budget,10,3,6,5,253.4928486326215
Phone_2938,Samsung,3000,8,512,64,6.8,Mid-Range,8,7,8,6,449.0928890999414
Phone_2939,Xiaomi,3000,16,256,50,6.7,Premium,5,10,7,9,998.1984051669714
Phone_2940,Oppo,6000,12,1024,108,6.4,Premium,4,7,8,10,802.8242567374572
Phone_2941,Samsung,3000,12,256,108,6.4,Premium,6,7,8,9,987.9397195598102
Phone_2942,OnePlus,6000,4,1024,64,6.8,Mid-Range,8,7,5,5,487.62547804773243
Phone_2943,Apple,4500,8,1024,12,6.7,Mid-Range,6,8,5,5,525.635293980401
Phone_2944,Apple,4000,6,1024,64,6.8,Mid-Range,5,7,6,6,347.2240116098897
Phone_2945,Apple,5000,6,64,48,6.8,Budget,10,6,3,4,149.3520395499267
Phone_2946,OnePlus,6000,16,256,48,6.5,Premium,7,10,8,7,709.5658321123964
Phone_2947,Samsung,3000,6,512,64,6.4,Mid-Range,6,6,5,6,417.8872238776652
Phone_2948,OnePlus,6000,12,128,64,6.5,Mid-Range,5,6,7,7,658.4589006865613
Phone_2949,Apple,6000,16,512,64,6.5,Premium,5,9,9,10,957.1667249843258
Phone_2950,Oppo,3000,8,256,64,6.8,Mid-Range,6,7,5,4,658.9525084341682
Phone_2951,Xiaomi,3000,16,128,64,6.7,Mid-Range,5,5,7,6,581.3376764113592
Phone_2952,OnePlus,4000,8,512,108,6.8,Mid-Range,6,8,7,8,632.3403294181719
Phone_2953,OnePlus,5000,6,128,50,6.7,Budget,7,5,6,2,248.27128361936443
Phone_2954,Samsung,4000,4,256,48,6.4,Mid-Range,6,6,5,4,471.3693162184387
Phone_2955,Samsung,4000,16,1024,48,6.1,Premium,4,10,10,7,1296.9895633348979
Phone_2956,OnePlus,3000,16,256,50,6.4,Premium,6,9,8,8,1023.0699098398281
Phone_2957,Apple,3000,12,64,64,6.8,Mid-Range,8,6,5,7,419.26554923953336
Phone_2958,Xiaomi,5000,12,128,50,6.7,Mid-Range,8,8,8,6,324.74277941489356
Phone_2959,Samsung,6000,8,256,64,6.1,Mid-Range,5,5,7,5,398.8027155710465
Phone_2960,Apple,4000,4,1024,48,6.7,Mid-Range,5,8,8,4,602.0936256941332
Phone_2961,Oppo,5000,12,1024,12,6.7,Premium,6,10,7,6,1381.6195782815125
Phone_2962,Samsung,4000,12,256,48,6.1,Premium,7,7,8,10,1005.1425633758781
Phone_2963,Apple,6000,6,512,48,6.1,Mid-Range,6,8,5,5,431.1692304302207
Phone_2964,Apple,4000,6,256,12,6.4,Mid-Range,6,5,8,6,519.7354113119925
Phone_2965,Xiaomi,4500,12,1024,50,6.5,Premium,6,7,7,8,1037.6323618944266
Phone_2966,Xiaomi,5000,8,256,108,6.1,Mid-Range,8,6,7,7,542.4694460020886
Phone_2967,Oppo,3000,4,64,64,6.5,Budget,10,6,4,5,285.40062344700743
Phone_2968,Apple,4000,12,512,64,6.5,Premium,6,10,10,10,716.6109353667858
Phone_2969,Apple,5000,8,256,48,6.5,Mid-Range,8,8,5,5,361.9329015443951
Phone_2970,Xiaomi,5000,8,1024,12,6.5,Mid-Range,8,5,8,5,400.22000539255146
Phone_2971,Samsung,4000,12,256,48,6.1,Premium,6,10,9,10,825.1583837358403
Phone_2972,Samsung,3000,8,256,48,6.7,Mid-Range,8,5,7,7,689.7370625733611
Phone_2973,OnePlus,3000,16,128,50,6.1,Mid-Range,7,5,6,8,563.348209784766
Phone_2974,Xiaomi,4000,8,256,64,6.1,Mid-Range,6,8,6,7,371.7034857246211
Phone_2975,OnePlus,5000,12,64,108,6.8,Mid-Range,7,7,7,8,469.561257141556
Phone_2976,Xiaomi,3000,8,1024,12,6.8,Mid-Range,8,6,6,4,407.65180462893363
Phone_2977,Oppo,4000,12,128,108,6.4,Mid-Range,6,8,6,5,573.8118604439503
Phone_2978,Apple,4000,6,256,12,6.5,Mid-Range,7,8,7,4,646.910575474384
Phone_2979,Oppo,4000,12,512,64,6.5,Premium,7,9,10,6,827.173953703294
Phone_2980,Xiaomi,5000,8,64,50,6.8,Mid-Range,6,6,8,8,471.53485535849904
Phone_2981,Apple,3000,12,64,108,6.7,Mid-Range,8,6,5,4,459.38645043752217
Phone_2982,Samsung,5000,4,64,12,6.4,Budget,8,6,4,3,254.46894107978633
Phone_2983,Samsung,4500,12,128,48,6.7,Mid-Range,6,8,5,6,314.34067233961684
Phone_2984,OnePlus,3000,12,256,64,6.8,Premium,5,7,9,6,1342.0735878669536
Phone_2985,Xiaomi,5000,4,64,50,6.7,Budget,10,5,5,4,251.80242899118147
Phone_2986,Xiaomi,3000,4,256,48,6.5,Mid-Range,6,7,8,4,614.1290069993482
Phone_2987,Samsung,4500,4,512,50,6.8,Mid-Range,6,5,6,5,644.5645634972036
Phone_2988,Oppo,6000,16,256,12,6.7,Premium,7,8,9,9,765.1604529318912
Phone_2989,Apple,4000,12,256,48,6.4,Premium,7,8,8,7,709.7033348894851
Phone_2990,Oppo,5000,4,256,50,6.4,Mid-Range,5,7,6,7,657.1881648749313
Phone_2991,Oppo,4500,4,1024,64,6.1,Mid-Range,7,6,8,4,327.4425220692294
Phone_2992,Samsung,4500,6,128,108,6.8,Budget,9,6,4,4,278.95143937365106
Phone_2993,Samsung,3000,16,256,108,6.8,Premium,5,7,8,7,819.8149685333368
Phone_2994,Samsung,3000,12,64,48,6.8,Mid-Range,7,7,6,4,693.2273685630005
Phone_2995,OnePlus,4000,8,1024,64,6.5,Mid-Range,8,8,8,5,333.56861493288324
Phone_2996,Oppo,3000,16,256,64,6.5,Premium,5,7,8,9,955.2636859769437
Phone_2997,Xiaomi,5000,16,1024,50,6.8,Premium,6,7,7,9,806.2399405269427
Phone_2998,Apple,5000,6,128,48,6.7,Budget,8,6,3,3,222.50545171131245
Phone_2999,OnePlus,5000,12,1024,64,6.5,Premium,4,9,8,7,1257.298907175033
Phone_3000,Xiaomi,6000,12,64,50,6.8,Mid-Range,7,5,8,5,325.4427966307222
Phone_3001,Oppo,5000,4,256,64,6.5,Mid-Range,8,7,5,4,617.0486130916802
Phone_3002,Samsung,3000,4,64,48,6.1,Budget,7,6,6,5,279.8943556224484
Phone_3003,Oppo,3000,16,512,64,6.4,Premium,7,8,10,7,841.1193413396168
Phone_3004,Apple,5000,6,1024,64,6.1,Mid-Range,5,8,8,4,645.6175028694395
Phone_3005,OnePlus,4500,12,1024,64,6.8,Premium,4,9,8,8,724.3910817978145
Phone_3006,OnePlus,4500,6,1024,108,6.4,Mid-Range,6,6,6,4,320.7173838286784
Phone_3007,Apple,4500,8,128,12,6.7,Mid-Range,7,7,8,6,698.6434193395767
Phone_3008,Xiaomi,4000,12,64,48,6.8,Mid-Range,8,8,5,7,308.19545785628407
Phone_3009,Xiaomi,6000,4,512,108,6.7,Mid-Range,6,6,5,5,366.6056806021427
Phone_3010,OnePlus,5000,16,128,12,6.7,Mid-Range,7,5,6,4,332.37931693063774
Phone_3011,OnePlus,4000,6,128,64,6.5,Budget,7,4,4,5,233.89766905528904
Phone_3012,Samsung,4500,4,256,64,6.5,Mid-Range,5,5,6,7,334.81140299866087
Phone_3013,Xiaomi,5000,16,512,108,6.4,Premium,6,8,10,10,704.4496306960249
Phone_3014,Apple,4000,4,1024,50,6.4,Mid-Range,5,6,8,4,555.2305877759911
Phone_3015,Xiaomi,3000,12,1024,48,6.5,Premium,7,10,7,6,975.5568341510508
Phone_3016,Samsung,4500,6,256,12,6.4,Mid-Range,7,7,5,7,354.49019979637546
Phone_3017,OnePlus,4000,8,1024,64,6.1,Mid-Range,5,6,5,7,508.61416198856875
Phone_3018,OnePlus,3000,4,64,48,6.8,Budget,9,3,5,3,280.34193502680483
Phone_3019,Samsung,4500,6,1024,64,6.1,Mid-Range,8,7,6,7,534.3756855415766
Phone_3020,Apple,6000,12,64,64,6.8,Mid-Range,8,7,7,7,515.3983725246201
Phone_3021,OnePlus,4500,4,256,64,6.5,Mid-Range,8,8,7,4,695.8028686420569
Phone_3022,Oppo,6000,12,256,48,6.1,Premium,5,7,8,8,1332.528526681796
Phone_3023,OnePlus,6000,8,64,108,6.7,Mid-Range,8,5,8,8,301.4669487423654
Phone_3024,Oppo,6000,8,1024,48,6.1,Mid-Range,8,6,8,8,370.404742768804
Phone_3025,Samsung,5000,16,256,48,6.4,Premium,6,7,10,6,1485.1624945493159
Phone_3026,Samsung,5000,16,256,50,6.1,Premium,5,9,8,6,1030.1175418820033
Phone_3027,OnePlus,6000,16,64,50,6.5,Mid-Range,6,6,6,7,603.7872845436693
Phone_3028,Xiaomi,3000,12,256,108,6.5,Premium,5,8,8,10,1291.3706632423705
Phone_3029,Oppo,6000,16,1024,50,6.4,Premium,4,8,8,7,1224.2235388682525
Phone_3030,Apple,4000,6,256,108,6.8,Mid-Range,7,6,5,4,353.1093919997913
Phone_3031,OnePlus,6000,12,64,64,6.4,Mid-Range,6,5,8,4,595.1607194907151
Phone_3032,Apple,5000,12,1024,64,6.8,Premium,6,8,7,10,977.8517221477
Phone_3033,OnePlus,5000,16,512,48,6.5,Premium,5,7,9,10,951.6239149167511
Phone_3034,Xiaomi,4000,16,64,64,6.5,Mid-Range,8,8,6,8,447.3463387683937
Phone_3035,Xiaomi,4000,12,512,50,6.8,Premium,7,9,7,6,979.7346143906252
Phone_3036,Xiaomi,4500,8,256,12,6.1,Mid-Range,8,8,5,4,647.2969123142989
Phone_3037,Xiaomi,3000,8,1024,48,6.1,Mid-Range,5,6,6,4,663.1177869750006
Phone_3038,Samsung,3000,16,256,108,6.4,Premium,5,10,8,10,1346.5176797663562
Phone_3039,Samsung,3000,8,1024,64,6.5,Mid-Range,7,7,6,7,563.2261118145927
Phone_3040,Oppo,5000,6,128,48,6.1,Budget,9,6,6,5,103.48547533448198
Phone_3041,Apple,3000,6,256,48,6.5,Mid-Range,8,7,6,4,392.5188929048852
Phone_3042,OnePlus,4500,6,256,48,6.4,Mid-Range,8,7,7,7,630.0857444720111
Phone_3043,OnePlus,4500,12,256,64,6.7,Premium,7,8,7,10,1299.2688786665738
Phone_3044,Samsung,3000,12,64,108,6.5,Mid-Range,7,6,6,6,532.4015981177917
Phone_3045,OnePlus,4000,12,1024,48,6.7,Premium,4,7,9,10,1301.39283619658
Phone_3046,Samsung,4500,12,1024,48,6.5,Premium,7,9,10,8,1228.717498580311
Phone_3047,Oppo,4000,12,1024,48,6.8,Premium,6,7,8,6,1404.5519723573123
Phone_3048,Apple,5000,16,64,64,6.7,Mid-Range,7,5,7,8,658.3239184292004
Phone_3049,Oppo,4500,8,1024,50,6.8,Mid-Range,7,7,7,4,533.9877066493866
Phone_3050,Xiaomi,4000,16,256,108,6.8,Premium,5,9,7,9,1475.5041718518705
Phone_3051,Xiaomi,3000,8,512,48,6.4,Mid-Range,5,5,6,7,304.2114017648376
Phone_3052,Xiaomi,5000,16,128,48,6.4,Mid-Range,6,6,7,6,404.51313629233556
Phone_3053,Oppo,6000,6,1024,48,6.1,Mid-Range,5,5,7,8,348.1154619219887
Phone_3054,OnePlus,6000,4,64,64,6.7,Budget,7,4,5,3,160.72277890464835
Phone_3055,Apple,3000,12,64,50,6.1,Mid-Range,5,7,8,7,538.6862714012351
Phone_3056,Xiaomi,5000,4,1024,48,6.7,Mid-Range,6,7,5,7,636.3524058281597
Phone_3057,Xiaomi,5000,4,512,48,6.4,Mid-Range,8,8,5,8,505.34453092289414
Phone_3058,Xiaomi,5000,6,1024,64,6.4,Mid-Range,8,7,7,5,401.24837290574476
Phone_3059,Apple,5000,4,64,108,6.4,Budget,9,4,4,5,134.8645172134987
Phone_3060,Xiaomi,6000,4,128,108,6.7,Budget,8,5,5,4,273.3946136148146
Phone_3061,Apple,4000,6,512,50,6.4,Mid-Range,8,6,5,5,670.3113235699524
Phone_3062,Xiaomi,5000,8,1024,108,6.1,Mid-Range,8,6,7,7,357.8050030350203
Phone_3063,Oppo,4000,16,128,48,6.8,Mid-Range,8,8,6,8,499.677897119681
Phone_3064,Oppo,5000,4,1024,64,6.7,Mid-Range,8,8,7,4,617.9131936632548
Phone_3065,Apple,4500,12,512,48,6.8,Premium,6,10,8,8,1467.6914048856443
Phone_3066,Oppo,4500,6,64,48,6.1,Budget,8,6,4,4,252.54578300826174
Phone_3067,Apple,4500,4,512,50,6.5,Mid-Range,5,8,6,6,392.7730031274722
Phone_3068,Oppo,5000,8,256,108,6.4,Mid-Range,6,6,5,4,371.8998370997067
Phone_3069,Oppo,4000,8,1024,108,6.1,Mid-Range,8,8,8,5,363.5723787324969
Phone_3070,Apple,6000,12,128,108,6.5,Mid-Range,6,7,6,5,481.98207922741165
Phone_3071,OnePlus,3000,4,128,48,6.7,Budget,9,3,4,2,289.5480372395659
Phone_3072,Oppo,6000,12,512,64,6.1,Premium,4,7,9,10,827.7463573881488
Phone_3073,Xiaomi,5000,8,512,64,6.7,Mid-Range,8,5,8,8,430.879435947994
Phone_3074,OnePlus,4500,8,512,48,6.8,Mid-Range,6,5,8,5,549.5245258998989
Phone_3075,Apple,4500,16,128,12,6.8,Mid-Range,5,6,6,6,300.9474725467513
Phone_3076,OnePlus,4000,8,64,48,6.7,Mid-Range,8,7,8,8,655.3092627952201
Phone_3077,Samsung,5000,6,128,108,6.8,Budget,9,4,5,4,297.77542935275403
Phone_3078,Samsung,6000,16,64,48,6.8,Mid-Range,6,8,5,8,517.6342370074892
Phone_3079,Oppo,5000,12,512,12,6.4,Premium,5,10,10,8,807.5988620738425
Phone_3080,Oppo,5000,8,256,48,6.7,Mid-Range,5,8,6,4,688.891009835077
Phone_3081,Xiaomi,4500,6,128,108,6.7,Budget,8,6,5,2,190.2539078927142
Phone_3082,OnePlus,6000,16,512,50,6.5,Premium,7,10,8,6,930.9291784240224
Phone_3083,Samsung,3000,6,128,64,6.4,Budget,10,5,3,3,238.0863237776991
Phone_3084,Oppo,4500,16,512,12,6.1,Premium,6,10,10,9,1031.31546804368
Phone_3085,OnePlus,6000,16,128,50,6.4,Mid-Range,6,7,5,6,352.89635554424626
Phone_3086,Oppo,4000,16,1024,64,6.1,Premium,6,9,8,8,1156.8489284728023
Phone_3087,Oppo,4500,12,128,50,6.7,Mid-Range,6,6,8,8,575.085054509738
Phone_3088,Samsung,4000,16,1024,48,6.4,Premium,4,9,9,10,1007.456087842829
Phone_3089,Samsung,4500,16,64,48,6.5,Mid-Range,5,6,7,8,421.93707757987954
Phone_3090,Oppo,5000,6,128,64,6.8,Budget,7,4,6,3,173.11633969665786
Phone_3091,Apple,6000,16,64,64,6.1,Mid-Range,5,7,8,5,303.1778063532064
Phone_3092,Oppo,4000,12,256,48,6.8,Premium,7,10,8,6,1034.7027267000074
Phone_3093,Oppo,4500,6,1024,48,6.7,Mid-Range,5,7,8,7,564.5638374996365
Phone_3094,Xiaomi,4000,16,128,64,6.7,Mid-Range,6,8,5,8,452.92739512715946
Phone_3095,Xiaomi,4500,6,64,64,6.7,Budget,10,3,5,5,195.27176026349122
Phone_3096,Xiaomi,4500,12,512,64,6.8,Premium,6,7,9,9,1361.953046676543
Phone_3097,Apple,3000,6,64,108,6.7,Budget,9,5,3,2,161.62901201546194
Phone_3098,Apple,3000,12,128,108,6.7,Mid-Range,8,8,5,8,510.9725065502807
Phone_3099,Oppo,3000,8,256,48,6.8,Mid-Range,6,7,8,6,355.5788803878837
Phone_3100,Xiaomi,4000,16,1024,108,6.7,Premium,6,7,10,6,871.723282479498
Phone_3101,Apple,5000,12,512,12,6.1,Premium,4,9,8,10,949.7408570724866
Phone_3102,Samsung,4500,16,64,48,6.4,Mid-Range,8,6,5,4,366.21126341849924
Phone_3103,Oppo,6000,12,128,12,6.1,Mid-Range,6,7,5,5,488.293017930221
Phone_3104,OnePlus,3000,4,128,50,6.7,Budget,9,5,6,5,113.30707640058237
Phone_3105,Oppo,4000,4,1024,12,6.7,Mid-Range,5,8,8,6,672.0856709422432
Phone_3106,OnePlus,4000,4,512,50,6.7,Mid-Range,5,6,7,5,623.5483506023062
Phone_3107,Xiaomi,4000,12,64,12,6.7,Mid-Range,8,8,8,5,410.7067470580646
Phone_3108,OnePlus,6000,16,64,50,6.8,Mid-Range,5,7,8,7,685.5176848262743
Phone_3109,Xiaomi,6000,4,64,50,6.4,Budget,7,5,3,2,137.671080618367
Phone_3110,Samsung,3000,16,1024,48,6.8,Premium,7,10,7,9,791.0773357552557
Phone_3111,OnePlus,6000,12,1024,64,6.8,Premium,6,10,8,7,947.0222867153299
Phone_3112,Oppo,3000,16,512,64,6.7,Premium,4,7,8,8,881.7290719172952
Phone_3113,Xiaomi,6000,16,64,48,6.1,Mid-Range,5,6,7,6,397.4514275921073
Phone_3114,Oppo,6000,4,64,50,6.1,Budget,8,4,5,4,137.09250193711165
Phone_3115,Apple,6000,6,512,64,6.5,Mid-Range,6,6,8,6,406.2708863813695
Phone_3116,Xiaomi,3000,8,512,64,6.4,Mid-Range,5,8,8,6,565.9363429523836
Phone_3117,OnePlus,4500,12,512,12,6.5,Premium,6,10,9,8,1314.806754108879
Phone_3118,Xiaomi,3000,12,128,108,6.8,Mid-Range,5,6,8,5,652.604576850471
Phone_3119,Oppo,4500,12,512,48,6.5,Premium,5,9,10,9,1001.4372181843362
Phone_3120,Samsung,4000,8,256,108,6.5,Mid-Range,7,7,8,7,584.673840651078
Phone_3121,Xiaomi,4000,6,1024,50,6.5,Mid-Range,5,6,5,8,334.15522321139895
Phone_3122,OnePlus,3000,16,512,12,6.4,Premium,6,8,8,9,794.4965896853165
Phone_3123,Apple,4500,12,128,64,6.1,Mid-Range,7,7,8,7,602.262799620624
Phone_3124,Samsung,4500,16,256,12,6.1,Premium,4,10,10,8,1445.4442159013474
Phone_3125,Apple,4500,4,128,48,6.5,Budget,7,4,3,4,179.4554652114344
Phone_3126,Xiaomi,4000,4,128,50,6.4,Budget,8,3,6,2,285.70292798349567
Phone_3127,Oppo,3000,4,128,12,6.1,Budget,8,3,3,2,241.95147770003257
Phone_3128,Oppo,5000,12,128,12,6.7,Mid-Range,8,7,7,8,555.1222560004666
Phone_3129,OnePlus,4500,8,64,12,6.1,Mid-Range,6,5,5,6,665.2128895953732
Phone_3130,Oppo,4500,12,1024,64,6.1,Premium,6,10,7,9,1066.152164087663
Phone_3131,Samsung,5000,4,64,50,6.4,Budget,10,6,5,5,196.62027117497647
Phone_3132,Oppo,3000,4,256,64,6.4,Mid-Range,5,8,7,4,696.2816481802405
Phone_3133,OnePlus,4500,12,64,12,6.1,Mid-Range,5,6,7,5,516.7352523900269
Phone_3134,Xiaomi,3000,8,256,64,6.7,Mid-Range,7,7,7,5,438.332445502919
Phone_3135,Xiaomi,4500,8,512,64,6.7,Mid-Range,8,7,5,4,581.8645468098105
Phone_3136,Oppo,6000,16,256,48,6.5,Premium,6,9,9,9,789.4767357288051
Phone_3137,Apple,4500,6,64,108,6.5,Budget,9,6,6,4,288.8604953134852
Phone_3138,Xiaomi,6000,4,64,108,6.1,Budget,9,6,4,5,181.75354492282435
Phone_3139,Oppo,3000,8,256,48,6.1,Mid-Range,5,7,6,5,678.7366675138123
Phone_3140,OnePlus,4500,4,64,48,6.1,Budget,9,4,3,4,285.161601092761
Phone_3141,Oppo,4000,6,256,64,6.7,Mid-Range,8,7,5,5,433.6844788612109
Phone_3142,Xiaomi,4000,4,128,64,6.8,Budget,9,3,6,2,112.79726051738845
Phone_3143,OnePlus,5000,8,1024,50,6.5,Mid-Range,7,5,8,6,423.32743941102547
Phone_3144,Oppo,4000,16,256,108,6.5,Premium,5,9,10,8,916.3717755948333
Phone_3145,Samsung,6000,12,128,64,6.8,Mid-Range,8,5,5,6,585.980658007666
Phone_3146,OnePlus,4000,12,128,50,6.1,Mid-Range,6,5,6,6,549.3135530957998
Phone_3147,Samsung,4000,8,128,108,6.5,Mid-Range,7,7,5,7,483.30438758718054
Phone_3148,Apple,4000,8,128,50,6.7,Mid-Range,5,8,8,4,578.7010977112863
Phone_3149,OnePlus,4500,6,256,50,6.8,Mid-Range,6,6,7,8,612.1505645910956
Phone_3150,Samsung,5000,4,64,48,6.7,Budget,10,5,4,3,117.60252612081314
Phone_3151,Xiaomi,3000,6,128,12,6.1,Budget,10,3,4,2,196.41206132085793
Phone_3152,Xiaomi,5000,12,512,12,6.5,Premium,4,8,8,10,1085.0786531757253
Phone_3153,Apple,6000,4,128,12,6.7,Budget,9,3,4,2,110.62505720652571
Phone_3154,OnePlus,4500,6,64,50,6.8,Budget,9,3,4,4,276.48049151847016
Phone_3155,OnePlus,4500,12,64,64,6.1,Mid-Range,5,5,5,8,409.40751834999946
Phone_3156,OnePlus,4000,4,1024,12,6.5,Mid-Range,8,5,6,4,525.5076944171112
Phone_3157,Apple,4000,16,1024,64,6.5,Premium,7,10,8,9,722.4874737660152
Phone_3158,OnePlus,6000,16,128,108,6.1,Mid-Range,6,5,7,4,548.0290499667586
Phone_3159,Xiaomi,4500,6,128,12,6.1,Budget,10,5,5,3,167.11175613350937
Phone_3160,Samsung,3000,8,1024,50,6.1,Mid-Range,7,6,8,5,499.690944668837
Phone_3161,Xiaomi,5000,4,128,48,6.7,Budget,7,6,3,5,115.84837748441721
Phone_3162,Xiaomi,4500,6,512,50,6.4,Mid-Range,7,8,5,8,464.83780528097503
Phone_3163,Samsung,3000,8,256,64,6.5,Mid-Range,7,5,6,7,639.1831734386142
Phone_3164,Xiaomi,3000,8,1024,108,6.7,Mid-Range,5,5,5,5,617.6732488096997
Phone_3165,Apple,5000,4,1024,50,6.8,Mid-Range,7,6,7,5,662.5728483274133
Phone_3166,Samsung,3000,4,64,48,6.5,Budget,7,4,6,4,176.05812903624798
Phone_3167,Xiaomi,6000,8,128,48,6.4,Mid-Range,5,7,5,4,498.62205046963754
Phone_3168,Oppo,3000,12,1024,108,6.8,Premium,7,8,10,7,1033.5317419808066
Phone_3169,Xiaomi,6000,6,1024,12,6.5,Mid-Range,7,6,8,4,513.7073435748479
Phone_3170,Apple,3000,4,512,50,6.4,Mid-Range,7,7,8,5,307.6491551551099
Phone_3171,OnePlus,4000,8,128,50,6.1,Mid-Range,7,8,6,5,396.66926102682436
Phone_3172,Xiaomi,3000,12,256,48,6.4,Premium,6,8,10,9,804.5579200645211
Phone_3173,OnePlus,6000,16,512,64,6.5,Premium,6,10,7,10,938.5680842007278
Phone_3174,Oppo,3000,8,256,50,6.4,Mid-Range,6,7,8,5,369.32985712520156
Phone_3175,Xiaomi,3000,12,64,48,6.5,Mid-Range,6,8,7,4,503.3271237481799
Phone_3176,Samsung,3000,16,1024,64,6.5,Premium,6,10,7,9,803.9438014919741
Phone_3177,OnePlus,6000,12,512,12,6.4,Premium,4,8,10,9,1207.7052239855734
Phone_3178,Oppo,3000,4,256,12,6.4,Mid-Range,6,8,5,7,500.7696719837029
Phone_3179,Samsung,5000,8,128,48,6.8,Mid-Range,7,5,8,5,569.5844012158667
Phone_3180,Samsung,5000,16,64,48,6.8,Mid-Range,7,7,6,6,366.7773569449026
Phone_3181,Samsung,6000,12,64,12,6.7,Mid-Range,5,8,5,5,475.27476933133084
Phone_3182,Samsung,4000,16,1024,48,6.5,Premium,4,9,8,9,976.2244004274804
Phone_3183,Xiaomi,5000,6,1024,108,6.8,Mid-Range,6,6,7,8,531.7823386344693
Phone_3184,Xiaomi,4500,8,256,50,6.7,Mid-Range,7,7,5,8,662.5117785026018
Phone_3185,Xiaomi,5000,4,256,108,6.5,Mid-Range,7,8,5,6,477.50438841307846
Phone_3186,Oppo,4500,16,64,64,6.7,Mid-Range,5,7,5,5,352.8715960792
Phone_3187,Oppo,6000,12,256,48,6.8,Premium,4,9,7,10,1066.9808821381207
Phone_3188,Oppo,4000,16,1024,48,6.7,Premium,6,7,8,9,722.2826884414725
Phone_3189,Apple,4500,12,64,64,6.4,Mid-Range,6,6,8,8,475.029131578275
Phone_3190,Oppo,4500,16,64,50,6.7,Mid-Range,8,8,8,8,402.6051394056194
Phone_3191,Xiaomi,5000,4,128,12,6.1,Budget,10,4,6,3,273.47524268938787
Phone_3192,Xiaomi,4500,4,128,108,6.1,Budget,9,3,6,2,247.26735446059882
Phone_3193,Apple,6000,8,256,50,6.7,Mid-Range,8,5,7,8,386.52840339717886
Phone_3194,Apple,6000,4,256,12,6.1,Mid-Range,7,8,5,6,548.88719935938
Phone_3195,Oppo,6000,16,1024,12,6.7,Premium,6,10,10,10,1123.5552943106168
Phone_3196,OnePlus,5000,16,1024,48,6.7,Premium,5,9,9,6,1129.4086192662019
Phone_3197,Apple,4000,4,128,64,6.7,Budget,7,4,5,5,208.09155704835314
Phone_3198,Samsung,5000,6,64,48,6.1,Budget,10,6,5,5,254.85566407871238
Phone_3199,Xiaomi,6000,16,512,64,6.5,Premium,6,10,9,9,1038.6135925913582
Phone_3200,Samsung,5000,8,512,48,6.7,Mid-Range,8,6,7,8,417.6352137158932
Phone_3201,Xiaomi,6000,6,256,108,6.7,Mid-Range,7,8,7,6,696.3039401390049
Phone_3202,Xiaomi,3000,4,512,48,6.4,Mid-Range,7,6,5,5,636.4174067449594
Phone_3203,Apple,3000,12,512,108,6.4,Premium,4,7,7,9,1149.9411633135157
Phone_3204,Apple,4500,16,128,50,6.8,Mid-Range,7,6,5,7,310.40967641717685
Phone_3205,Samsung,4000,12,64,50,6.1,Mid-Range,5,8,8,8,406.0294134275403
Phone_3206,Xiaomi,3000,8,1024,48,6.5,Mid-Range,5,5,8,5,527.867400244991
Phone_3207,Samsung,6000,6,128,50,6.7,Budget,9,5,4,4,276.2811625239319
Phone_3208,OnePlus,5000,12,1024,12,6.7,Premium,4,10,7,7,796.646996651803
Phone_3209,Samsung,5000,8,128,108,6.1,Mid-Range,7,6,6,5,374.18471348284646
Phone_3210,Oppo,4500,12,128,64,6.8,Mid-Range,5,6,8,4,486.5145205033434
Phone_3211,Samsung,5000,12,512,108,6.8,Premium,4,8,7,9,949.6361023311795
Phone_3212,Oppo,3000,8,1024,48,6.4,Mid-Range,6,7,6,8,669.4280268802909
Phone_3213,Oppo,5000,16,128,50,6.1,Mid-Range,6,6,7,4,522.966257197438
Phone_3214,Oppo,3000,12,512,50,6.8,Premium,7,10,7,6,835.652243658149
Phone_3215,OnePlus,3000,8,256,12,6.8,Mid-Range,5,8,8,5,667.2074766148019
Phone_3216,Samsung,4000,12,1024,50,6.5,Premium,6,9,9,7,1050.716371849775
Phone_3217,Samsung,4500,16,128,48,6.4,Mid-Range,8,6,7,7,501.6402068477149
Phone_3218,OnePlus,6000,8,256,48,6.4,Mid-Range,7,7,5,7,574.7111579392858
Phone_3219,Xiaomi,3000,12,512,64,6.4,Premium,6,9,10,10,1058.2096615636867
Phone_3220,Apple,4500,4,128,108,6.8,Budget,8,3,4,2,254.38225140338025
Phone_3221,Samsung,6000,16,512,108,6.7,Premium,5,7,9,9,904.7636723625667
Phone_3222,Apple,5000,12,512,108,6.8,Premium,7,7,7,10,1212.0464544990182
Phone_3223,OnePlus,4500,6,512,64,6.8,Mid-Range,6,7,8,4,538.8639656467869
Phone_3224,Xiaomi,4500,8,1024,64,6.1,Mid-Range,6,6,8,7,483.6155992269567
Phone_3225,Xiaomi,4500,12,256,64,6.4,Premium,6,10,9,8,803.6682905331826
Phone_3226,Xiaomi,5000,16,256,12,6.4,Premium,5,8,9,10,1461.9716172061198
Phone_3227,OnePlus,5000,16,64,64,6.5,Mid-Range,7,8,7,6,614.9369879204346
Phone_3228,Oppo,4500,6,128,50,6.4,Budget,7,3,5,5,130.1187201055947
Phone_3229,Oppo,4000,6,512,12,6.8,Mid-Range,6,8,6,7,674.2636850751451
Phone_3230,Apple,3000,12,128,50,6.1,Mid-Range,5,8,7,7,306.30345977750983
Phone_3231,Oppo,5000,4,256,108,6.5,Mid-Range,8,8,5,4,480.3156240629069
Phone_3232,Oppo,4000,16,256,48,6.8,Premium,7,7,10,6,1187.6125662474822
Phone_3233,Xiaomi,5000,4,512,108,6.8,Mid-Range,8,7,5,7,578.4024400845352
Phone_3234,Xiaomi,4500,4,1024,64,6.5,Mid-Range,6,7,5,5,581.5966700704311
Phone_3235,Apple,4000,12,512,48,6.8,Premium,5,9,9,7,869.0049490835041
Phone_3236,Samsung,6000,8,512,108,6.8,Mid-Range,7,8,5,8,532.8222648884184
Phone_3237,Apple,3000,8,64,12,6.1,Mid-Range,5,7,8,6,686.7795893588045
Phone_3238,Apple,3000,8,1024,64,6.1,Mid-Range,7,8,8,5,384.6191381204307
Phone_3239,OnePlus,5000,6,128,108,6.1,Budget,7,4,6,3,187.55049525739258
Phone_3240,OnePlus,3000,16,1024,48,6.4,Premium,4,9,8,7,805.5448167305439
Phone_3241,Apple,6000,6,512,50,6.5,Mid-Range,7,7,5,7,443.95512289225564
Phone_3242,Apple,4000,16,512,108,6.1,Premium,5,7,8,10,855.5318034248727
Phone_3243,Apple,4000,16,512,12,6.8,Premium,4,9,10,9,1264.7714865264356
Phone_3244,Oppo,4500,16,512,48,6.4,Premium,4,9,10,8,1264.5782401083882
Phone_3245,OnePlus,4000,12,512,108,6.5,Premium,6,8,7,7,734.0720163090028
Phone_3246,Apple,5000,8,1024,50,6.1,Mid-Range,6,8,7,5,557.792227645119
Phone_3247,Xiaomi,6000,6,512,64,6.1,Mid-Range,6,5,8,6,396.77636106558873
Phone_3248,Xiaomi,4500,6,256,64,6.5,Mid-Range,7,8,8,8,521.2499009490126
Phone_3249,Oppo,5000,12,256,64,6.1,Premium,5,7,7,9,1199.5540359403044
Phone_3250,Oppo,5000,16,64,48,6.5,Mid-Range,8,6,7,7,577.1819962829983
Phone_3251,Samsung,5000,8,128,50,6.5,Mid-Range,5,6,7,4,633.7118140538012
Phone_3252,Samsung,3000,4,256,50,6.8,Mid-Range,5,7,5,4,682.4642155375049
Phone_3253,Samsung,5000,4,64,108,6.5,Budget,8,3,3,3,109.09455810621932
Phone_3254,Oppo,3000,12,1024,64,6.7,Premium,5,9,9,8,920.8343103771423
Phone_3255,Oppo,4000,8,128,48,6.1,Mid-Range,6,5,5,4,307.00365297182464
Phone_3256,Oppo,3000,4,512,64,6.8,Mid-Range,5,6,8,6,551.5725823090605
Phone_3257,Xiaomi,5000,4,512,64,6.4,Mid-Range,8,7,7,5,407.0902716235523
Phone_3258,Oppo,6000,6,1024,108,6.7,Mid-Range,7,6,8,4,623.5981270934392
Phone_3259,Xiaomi,6000,8,128,108,6.5,Mid-Range,8,8,6,6,627.6151925362781
Phone_3260,Samsung,4000,4,256,108,6.4,Mid-Range,5,8,8,5,319.10747377478253
Phone_3261,Samsung,5000,6,128,12,6.4,Budget,8,6,4,4,129.6687013149196
Phone_3262,Samsung,3000,8,64,12,6.4,Mid-Range,7,7,5,6,640.3528472946375
Phone_3263,Apple,6000,16,1024,48,6.4,Premium,5,8,10,6,950.5019575803773
Phone_3264,Apple,4500,8,256,48,6.8,Mid-Range,5,6,8,6,470.2160257776067
Phone_3265,OnePlus,5000,12,128,108,6.8,Mid-Range,7,8,8,4,330.71196556811987
Phone_3266,OnePlus,5000,6,128,50,6.4,Budget,10,4,3,4,198.10331952780132
Phone_3267,OnePlus,4500,16,256,48,6.7,Premium,7,9,8,8,1326.0223258855726
Phone_3268,Apple,6000,6,64,12,6.1,Budget,8,4,3,3,127.05104030445689
Phone_3269,Apple,4500,6,64,12,6.1,Budget,8,5,3,2,235.93165717924077
Phone_3270,OnePlus,4000,4,128,64,6.8,Budget,7,5,3,4,276.800207636193
Phone_3271,OnePlus,3000,8,512,108,6.7,Mid-Range,5,6,8,4,608.0660371115338
Phone_3272,Oppo,3000,6,256,50,6.7,Mid-Range,7,8,7,5,619.9243587661306
Phone_3273,OnePlus,6000,6,64,108,6.5,Budget,9,6,6,2,239.75973324178997
Phone_3274,Oppo,4500,12,64,12,6.8,Mid-Range,6,8,6,7,665.9759822712879
Phone_3275,Xiaomi,5000,12,64,50,6.7,Mid-Range,8,5,7,8,375.51198385996565
Phone_3276,Apple,5000,12,1024,48,6.7,Premium,4,8,9,10,1425.0355809013
Phone_3277,OnePlus,5000,6,512,64,6.1,Mid-Range,7,8,6,4,648.3098650563622
Phone_3278,Apple,4000,16,64,12,6.7,Mid-Range,8,7,7,8,574.6364854974375
Phone_3279,Apple,4000,8,512,64,6.7,Mid-Range,6,8,6,7,448.7431874427099
Phone_3280,Apple,5000,6,128,108,6.4,Budget,7,5,5,4,212.70797716693906
Phone_3281,Xiaomi,6000,4,128,50,6.1,Budget,7,6,4,4,134.00850611844066
Phone_3282,Samsung,4000,16,1024,108,6.1,Premium,6,7,7,9,930.8076350965778
Phone_3283,OnePlus,4000,16,512,64,6.4,Premium,7,8,10,8,1368.4446346789987
Phone_3284,Samsung,3000,8,256,12,6.1,Mid-Range,7,5,6,7,638.4526988973025
Phone_3285,Samsung,3000,16,1024,64,6.5,Premium,6,7,8,7,926.7980559249534
Phone_3286,Samsung,6000,8,64,12,6.5,Mid-Range,6,8,8,4,561.8253507008255
Phone_3287,Apple,4000,16,128,64,6.8,Mid-Range,6,5,5,8,552.6174062213133
Phone_3288,Oppo,4000,8,128,108,6.1,Mid-Range,8,6,7,8,430.2357009320757
Phone_3289,Apple,4500,12,256,64,6.1,Premium,4,10,10,9,750.7927354138021
Phone_3290,Apple,6000,12,1024,48,6.5,Premium,6,10,10,7,1238.3159792040137
Phone_3291,Samsung,6000,16,512,108,6.8,Premium,6,9,8,6,933.6529168652083
Phone_3292,Apple,4500,16,128,64,6.8,Mid-Range,7,8,8,4,679.5431941692713
Phone_3293,Samsung,4500,8,64,64,6.5,Mid-Range,6,6,6,5,670.3072348806219
Phone_3294,Oppo,3000,8,256,50,6.5,Mid-Range,6,8,5,5,345.38911602701825
Phone_3295,OnePlus,6000,6,256,108,6.4,Mid-Range,5,6,8,4,650.0915577994247
Phone_3296,Samsung,6000,12,256,50,6.8,Premium,5,8,7,7,881.7830551724423
Phone_3297,Oppo,4500,6,64,108,6.8,Budget,10,3,6,2,286.04445934901787
Phone_3298,OnePlus,5000,6,256,12,6.4,Mid-Range,8,7,6,8,603.3974914929436
Phone_3299,Xiaomi,5000,4,512,108,6.5,Mid-Range,6,8,8,5,684.5055512381894
Phone_3300,Samsung,3000,8,512,108,6.4,Mid-Range,8,5,7,7,476.69138414577304
Phone_3301,Samsung,5000,4,1024,64,6.4,Mid-Range,5,5,7,6,592.6341331771649
Phone_3302,Xiaomi,5000,4,1024,48,6.7,Mid-Range,5,6,6,5,594.1099617190089
Phone_3303,Xiaomi,5000,6,512,108,6.8,Mid-Range,6,6,8,6,498.46873285159404
Phone_3304,Samsung,4000,4,64,50,6.5,Budget,8,6,3,2,177.24894909899126
Phone_3305,Xiaomi,3000,8,1024,48,6.7,Mid-Range,6,5,8,8,397.4649299595131
Phone_3306,Apple,4500,6,256,108,6.7,Mid-Range,6,7,7,7,694.4856088649011
Phone_3307,OnePlus,5000,8,512,48,6.7,Mid-Range,8,8,8,6,624.8474521583204
Phone_3308,OnePlus,4000,16,128,12,6.5,Mid-Range,7,6,5,6,546.4388837970131
Phone_3309,OnePlus,5000,4,64,48,6.4,Budget,8,3,6,4,249.45627952314112
Phone_3310,Apple,4000,6,64,12,6.5,Budget,8,5,5,3,265.7697607302208
Phone_3311,Xiaomi,3000,12,512,48,6.8,Premium,7,7,8,10,1473.669356518707
Phone_3312,Oppo,5000,8,128,48,6.8,Mid-Range,6,6,7,8,591.2614454966758
Phone_3313,Xiaomi,4000,4,64,50,6.4,Budget,7,3,5,3,113.18531644587651
Phone_3314,Samsung,6000,8,1024,50,6.5,Mid-Range,7,6,6,5,458.7149057379867
Phone_3315,OnePlus,6000,8,128,64,6.4,Mid-Range,6,8,6,4,657.7815791490054
Phone_3316,Xiaomi,4000,16,256,48,6.4,Premium,5,9,9,8,779.3819540870921
Phone_3317,Oppo,5000,8,1024,12,6.5,Mid-Range,7,6,5,5,686.4537345596111
Phone_3318,Samsung,5000,16,128,48,6.8,Mid-Range,6,5,8,5,408.98013293260084
Phone_3319,Apple,3000,16,512,108,6.5,Premium,4,8,7,6,1311.4487796943436
Phone_3320,Apple,3000,16,64,12,6.8,Mid-Range,6,6,8,7,332.3853565337047
Phone_3321,Oppo,4500,4,1024,108,6.1,Mid-Range,5,7,6,6,536.366713363139
Phone_3322,Samsung,3000,8,512,64,6.1,Mid-Range,8,8,5,8,592.9289386060042
Phone_3323,OnePlus,5000,8,128,108,6.1,Mid-Range,5,7,7,8,395.2046696840075
Phone_3324,Xiaomi,4500,16,256,64,6.7,Premium,4,7,10,9,1354.4006220254078
Phone_3325,Samsung,3000,8,64,64,6.8,Mid-Range,7,8,7,8,555.8122731734072
Phone_3326,Apple,4000,8,64,64,6.8,Mid-Range,7,8,6,7,457.25110171933034
Phone_3327,Oppo,6000,16,1024,108,6.5,Premium,6,10,8,8,1421.0327110196363
Phone_3328,Oppo,3000,12,512,64,6.8,Premium,4,10,10,6,971.4324792820321
Phone_3329,Xiaomi,3000,12,128,64,6.5,Mid-Range,6,7,6,7,504.58974583793207
Phone_3330,Oppo,4000,16,128,50,6.7,Mid-Range,7,7,5,5,378.2103908635196
Phone_3331,Oppo,5000,4,512,48,6.5,Mid-Range,7,5,5,7,531.0951604963967
Phone_3332,Samsung,4000,8,64,64,6.1,Mid-Range,8,8,7,4,327.63878030586096
Phone_3333,OnePlus,3000,8,512,12,6.5,Mid-Range,8,5,8,7,345.40426433501636
Phone_3334,Xiaomi,5000,12,128,12,6.5,Mid-Range,7,5,7,4,584.6113629067062
Phone_3335,Samsung,4500,16,512,50,6.5,Premium,7,9,10,9,1328.4657065766999
Phone_3336,OnePlus,3000,4,64,108,6.8,Budget,8,3,3,2,282.53418298808674
Phone_3337,Samsung,4000,16,1024,108,6.4,Premium,4,7,9,10,968.6718105884017
Phone_3338,Samsung,4500,12,64,108,6.4,Mid-Range,7,6,6,8,321.59709479463345
Phone_3339,Oppo,6000,12,256,64,6.4,Premium,6,8,9,9,827.2179023529851
Phone_3340,OnePlus,4500,8,256,108,6.8,Mid-Range,7,8,6,8,503.61799839271976
Phone_3341,Xiaomi,4000,6,512,108,6.1,Mid-Range,7,5,5,4,659.7836937782062
Phone_3342,Xiaomi,4500,4,64,48,6.4,Budget,8,4,6,5,135.50176524918058
Phone_3343,OnePlus,4000,4,64,64,6.4,Budget,10,3,6,4,193.1002583002167
Phone_3344,Oppo,3000,6,128,64,6.7,Budget,8,6,4,2,290.7384503065211
Phone_3345,Apple,5000,12,1024,12,6.7,Premium,5,9,8,7,1091.7389528231251
Phone_3346,Samsung,6000,16,64,12,6.1,Mid-Range,7,7,8,6,378.41590293475
Phone_3347,Oppo,5000,4,512,48,6.5,Mid-Range,6,7,5,5,326.4749682087807
Phone_3348,OnePlus,5000,6,128,50,6.5,Budget,7,4,6,4,155.46810941995884
Phone_3349,Samsung,5000,8,128,64,6.7,Mid-Range,5,6,8,6,544.9269911931185
Phone_3350,Xiaomi,4000,8,512,12,6.7,Mid-Range,7,5,8,5,643.2577775593393
Phone_3351,Apple,4000,12,512,108,6.1,Premium,4,8,10,8,976.3683164576655
Phone_3352,Xiaomi,6000,4,64,64,6.1,Budget,8,4,5,3,123.60553305223094
Phone_3353,OnePlus,4000,16,64,64,6.8,Mid-Range,6,7,7,5,430.3906655822631
Phone_3354,Samsung,4000,4,128,64,6.5,Budget,10,3,4,5,262.283068239202
Phone_3355,OnePlus,4000,8,128,12,6.8,Mid-Range,8,5,8,7,690.8861019302074
Phone_3356,Samsung,4000,4,1024,48,6.4,Mid-Range,6,5,5,6,516.2471069305536
Phone_3357,Oppo,3000,8,128,12,6.1,Mid-Range,6,8,7,6,408.8892817424986
Phone_3358,Apple,6000,6,512,108,6.5,Mid-Range,6,7,8,7,444.6948513671521
Phone_3359,Oppo,4000,6,512,108,6.5,Mid-Range,7,5,6,5,646.3824503645272
Phone_3360,Oppo,6000,8,1024,50,6.8,Mid-Range,8,7,6,8,569.4897883982485
Phone_3361,OnePlus,4500,16,256,12,6.7,Premium,7,9,9,8,743.4642398448071
Phone_3362,Apple,3000,16,256,12,6.7,Premium,4,8,7,10,1026.5409590867205
Phone_3363,Samsung,4000,4,512,50,6.1,Mid-Range,5,8,7,6,602.3292337433342
Phone_3364,Samsung,3000,8,256,50,6.7,Mid-Range,8,5,5,5,377.68430974667945
Phone_3365,Xiaomi,3000,12,256,64,6.4,Premium,4,8,9,9,1048.8264593658234
Phone_3366,Samsung,4500,16,1024,64,6.5,Premium,7,7,8,10,1095.1037689010066
Phone_3367,OnePlus,6000,16,128,108,6.7,Mid-Range,6,6,6,8,374.2903070741928
Phone_3368,Oppo,3000,6,128,48,6.1,Budget,8,3,4,4,143.21437565150984
Phone_3369,Oppo,5000,16,256,108,6.4,Premium,4,8,9,8,907.2237879762927
Phone_3370,Oppo,4500,16,64,12,6.8,Mid-Range,7,6,7,7,466.88499949115146
Phone_3371,Apple,5000,16,1024,48,6.8,Premium,6,10,9,6,798.2781876338195
Phone_3372,Samsung,4500,8,256,64,6.4,Mid-Range,6,6,6,8,619.3453985653806
Phone_3373,OnePlus,5000,8,64,50,6.1,Mid-Range,5,7,5,4,436.15738168427845
Phone_3374,Apple,5000,6,64,50,6.8,Budget,8,5,5,4,149.47107787127678
Phone_3375,Xiaomi,3000,4,1024,108,6.5,Mid-Range,8,6,7,5,432.8693327060862
Phone_3376,OnePlus,3000,16,128,12,6.5,Mid-Range,5,7,5,6,414.9587062327536
Phone_3377,OnePlus,4500,4,512,12,6.1,Mid-Range,8,7,7,5,488.7272396387638
Phone_3378,OnePlus,6000,8,64,50,6.1,Mid-Range,8,8,5,6,598.3541425017185
Phone_3379,Oppo,3000,16,512,108,6.5,Premium,5,9,8,10,891.4396110289756
Phone_3380,OnePlus,3000,4,512,108,6.1,Mid-Range,6,8,6,6,488.0461317646099
Phone_3381,Samsung,4000,4,1024,64,6.4,Mid-Range,8,8,5,7,428.40146266354066
Phone_3382,OnePlus,3000,12,128,64,6.1,Mid-Range,7,5,6,4,664.6370601908749
Phone_3383,Oppo,6000,8,1024,64,6.5,Mid-Range,5,8,6,8,434.37032505386287
Phone_3384,OnePlus,4000,6,64,48,6.7,Budget,9,4,3,5,161.6711033460462
Phone_3385,Xiaomi,5000,6,128,108,6.1,Budget,7,6,5,4,182.40599302675338
Phone_3386,Xiaomi,5000,12,256,108,6.8,Premium,7,9,9,9,1238.343785206107
Phone_3387,Oppo,4000,4,128,64,6.4,Budget,10,6,3,2,181.89468491710588
Phone_3388,Samsung,4000,12,1024,50,6.4,Premium,4,10,8,9,1483.8058865649964
Phone_3389,Samsung,4000,12,1024,64,6.4,Premium,4,8,7,8,1200.8632661059667
Phone_3390,Apple,4500,8,512,48,6.8,Mid-Range,5,6,7,4,537.597242840332
Phone_3391,Oppo,6000,16,256,50,6.8,Premium,7,8,10,9,879.3178643191892
Phone_3392,OnePlus,6000,4,128,108,6.4,Budget,7,5,4,4,193.03325240319197
Phone_3393,Oppo,5000,6,256,48,6.4,Mid-Range,6,7,6,4,497.74654633916396
Phone_3394,Apple,5000,6,512,48,6.4,Mid-Range,7,5,7,7,524.320940822769
Phone_3395,Oppo,5000,12,256,50,6.1,Premium,6,7,8,10,1336.933391554006
Phone_3396,Oppo,3000,12,256,64,6.8,Premium,7,10,10,7,957.641895345565
Phone_3397,Apple,5000,12,128,64,6.5,Mid-Range,5,7,5,7,569.7384824912277
Phone_3398,Samsung,4000,4,256,12,6.1,Mid-Range,6,8,6,4,361.79876836492735
Phone_3399,OnePlus,5000,12,512,50,6.5,Premium,4,8,7,9,1250.0527310352554
Phone_3400,Apple,4000,12,64,64,6.1,Mid-Range,5,6,7,4,301.8608497133717
Phone_3401,Xiaomi,4500,16,64,48,6.1,Mid-Range,5,8,6,4,405.60309348969156
Phone_3402,Samsung,3000,4,1024,64,6.5,Mid-Range,5,7,5,6,426.64855585677526
Phone_3403,Xiaomi,3000,8,64,64,6.4,Mid-Range,8,8,8,8,573.2557895042928
Phone_3404,Samsung,6000,8,128,48,6.5,Mid-Range,5,6,7,4,490.66297283970187
Phone_3405,OnePlus,4500,16,1024,50,6.7,Premium,5,10,9,9,1287.761966487928
Phone_3406,OnePlus,4000,6,64,12,6.8,Budget,7,3,4,5,189.27106957889924
Phone_3407,Oppo,4500,8,64,64,6.7,Mid-Range,7,7,5,8,582.808713391345
Phone_3408,Xiaomi,3000,4,1024,64,6.1,Mid-Range,8,6,8,6,649.9576613179472
Phone_3409,Samsung,4000,6,128,64,6.5,Budget,9,4,5,3,257.1225169498276
Phone_3410,OnePlus,4500,12,1024,50,6.4,Premium,6,8,8,10,1114.955707046002
Phone_3411,Apple,3000,4,128,48,6.4,Budget,10,6,6,4,271.526123443524
Phone_3412,OnePlus,4000,6,128,48,6.7,Budget,7,4,4,3,152.41412886643815
Phone_3413,Apple,4000,8,512,48,6.7,Mid-Range,7,8,5,5,667.6165404084454
Phone_3414,Samsung,3000,12,64,48,6.1,Mid-Range,7,6,6,5,326.2352032365315
Phone_3415,OnePlus,4000,12,64,48,6.8,Mid-Range,5,6,6,4,511.40750053827196
Phone_3416,OnePlus,3000,4,256,48,6.1,Mid-Range,5,6,5,4,555.884072007304
Phone_3417,Samsung,5000,12,1024,64,6.4,Premium,7,7,7,8,1034.8586172179969
Phone_3418,OnePlus,5000,6,512,64,6.5,Mid-Range,6,7,8,4,372.4992967341419
Phone_3419,Apple,4000,16,64,48,6.7,Mid-Range,7,6,8,5,325.0246324424572
Phone_3420,OnePlus,4000,8,256,48,6.4,Mid-Range,7,5,5,8,416.1476919717903
Phone_3421,Xiaomi,3000,4,512,50,6.1,Mid-Range,8,7,8,6,382.16198539459117
Phone_3422,Oppo,4000,16,128,50,6.8,Mid-Range,5,7,8,6,494.72012112075754
Phone_3423,Apple,6000,16,64,108,6.5,Mid-Range,8,6,5,6,562.136596669514
Phone_3424,Xiaomi,5000,4,1024,64,6.8,Mid-Range,8,8,6,5,636.8870188604251
Phone_3425,Samsung,4000,6,512,48,6.1,Mid-Range,5,8,6,7,421.723619325263
Phone_3426,Apple,4000,8,256,64,6.1,Mid-Range,5,6,7,7,320.1625702199112
Phone_3427,Oppo,4500,4,1024,108,6.4,Mid-Range,5,5,7,4,301.53926759159685
Phone_3428,Oppo,4000,16,128,50,6.5,Mid-Range,5,8,5,8,637.8206698110018
Phone_3429,Samsung,6000,16,1024,108,6.1,Premium,4,9,7,10,1184.8664625365013
Phone_3430,Samsung,5000,4,256,12,6.4,Mid-Range,7,6,5,6,340.3970640933343
Phone_3431,Apple,4500,16,128,50,6.1,Mid-Range,7,6,8,4,304.07036776193763
Phone_3432,OnePlus,3000,4,256,64,6.4,Mid-Range,5,6,7,6,620.1061966063999
Phone_3433,Samsung,3000,4,64,50,6.8,Budget,9,4,4,5,172.68295394916777
Phone_3434,OnePlus,5000,8,256,108,6.4,Mid-Range,7,5,5,6,522.45779412291
Phone_3435,Xiaomi,3000,4,1024,48,6.8,Mid-Range,5,7,7,8,513.2811899266471
Phone_3436,Oppo,6000,16,64,108,6.7,Mid-Range,8,5,6,7,609.5039871055762
Phone_3437,OnePlus,4000,12,64,108,6.1,Mid-Range,5,5,5,4,417.32575769861705
Phone_3438,Oppo,5000,8,512,48,6.7,Mid-Range,7,8,5,7,455.64586001895174
Phone_3439,OnePlus,4500,16,1024,64,6.5,Premium,6,8,10,8,885.9589069628712
Phone_3440,Xiaomi,4000,16,1024,64,6.7,Premium,7,7,8,7,1012.9428176091108
Phone_3441,Samsung,3000,8,128,50,6.4,Mid-Range,6,7,7,7,684.3246085204089
Phone_3442,Xiaomi,3000,8,256,108,6.4,Mid-Range,8,7,8,6,413.5400854858608
Phone_3443,Samsung,4500,16,256,50,6.5,Premium,7,10,8,7,746.3370836538381
Phone_3444,Samsung,6000,12,1024,48,6.5,Premium,4,10,10,7,1426.4168097025947
Phone_3445,Oppo,4500,6,256,12,6.1,Mid-Range,6,5,5,8,393.5518091589887
Phone_3446,Xiaomi,5000,16,1024,64,6.4,Premium,5,7,10,9,1192.3033206797884
Phone_3447,OnePlus,4500,8,64,48,6.5,Mid-Range,6,7,8,8,446.4935924566514
Phone_3448,Xiaomi,3000,4,256,64,6.7,Mid-Range,7,8,8,7,348.92080833502075
Phone_3449,Oppo,6000,4,256,50,6.4,Mid-Range,6,7,5,7,337.0886831126069
Phone_3450,Samsung,6000,8,1024,12,6.5,Mid-Range,5,6,5,8,306.89100336548825
Phone_3451,Oppo,4500,8,1024,108,6.1,Mid-Range,5,6,7,8,619.1233939538674
Phone_3452,Apple,5000,6,128,64,6.8,Budget,9,4,6,4,288.1075740713002
Phone_3453,Apple,3000,8,256,108,6.4,Mid-Range,6,8,7,5,493.0153263343927
Phone_3454,OnePlus,4000,4,512,50,6.4,Mid-Range,5,5,6,7,507.9703026813229
Phone_3455,Oppo,6000,12,1024,64,6.4,Premium,6,10,9,9,1303.4552037370972
Phone_3456,OnePlus,4500,8,512,50,6.4,Mid-Range,5,5,7,8,580.3633490296493
Phone_3457,OnePlus,5000,6,64,108,6.8,Budget,7,3,6,3,111.76685289396204
Phone_3458,Apple,5000,12,64,50,6.8,Mid-Range,6,5,5,7,363.67274389155796
Phone_3459,OnePlus,3000,6,512,50,6.1,Mid-Range,5,7,6,6,472.16688447447984
Phone_3460,Apple,6000,12,64,50,6.4,Mid-Range,8,5,8,7,578.8054177940955
Phone_3461,Samsung,3000,8,512,48,6.5,Mid-Range,5,7,8,4,621.6832787387877
Phone_3462,Oppo,4000,4,128,48,6.7,Budget,8,4,3,3,141.76392495554836
Phone_3463,OnePlus,4000,12,128,64,6.4,Mid-Range,8,5,5,7,535.3257838054817
Phone_3464,Apple,4000,16,64,50,6.8,Mid-Range,8,5,6,6,321.6388997387328
Phone_3465,Xiaomi,5000,6,512,50,6.1,Mid-Range,6,6,7,5,629.9119022456109
Phone_3466,OnePlus,6000,12,512,50,6.4,Premium,4,8,10,6,1076.9454761149116
Phone_3467,Samsung,3000,6,512,48,6.1,Mid-Range,8,5,8,5,578.6503046537189
Phone_3468,Samsung,3000,4,64,108,6.5,Budget,10,5,4,5,274.0223241516628
Phone_3469,Xiaomi,4000,6,512,50,6.5,Mid-Range,6,8,8,5,498.2569432273071
Phone_3470,Apple,6000,6,1024,12,6.5,Mid-Range,5,5,8,7,419.559162511454
Phone_3471,OnePlus,6000,16,512,64,6.5,Premium,7,8,9,7,1223.0548068530566
Phone_3472,Apple,4500,6,1024,48,6.7,Mid-Range,5,6,8,5,610.9478004782708
Phone_3473,Samsung,6000,12,128,108,6.1,Mid-Range,6,8,8,6,353.97729771949986
Phone_3474,Apple,6000,6,1024,12,6.4,Mid-Range,6,5,6,8,661.1049298334165
Phone_3475,Samsung,3000,8,128,50,6.7,Mid-Range,7,6,5,5,388.48516824785804
Phone_3476,Apple,6000,6,64,48,6.4,Budget,8,5,3,2,239.14452345098016
Phone_3477,Xiaomi,6000,8,128,50,6.8,Mid-Range,8,5,6,7,386.36654503960847
Phone_3478,Oppo,3000,6,128,64,6.7,Budget,10,4,5,5,246.18578397474832
Phone_3479,Xiaomi,6000,6,512,48,6.7,Mid-Range,7,5,8,6,419.78455601420694
Phone_3480,Xiaomi,3000,12,256,12,6.8,Premium,7,7,10,7,1113.2842776766408
Phone_3481,Oppo,4500,8,128,108,6.7,Mid-Range,8,6,8,7,555.175490172925
Phone_3482,Oppo,5000,8,1024,108,6.1,Mid-Range,8,7,8,7,370.625857584764
Phone_3483,OnePlus,3000,16,64,64,6.5,Mid-Range,5,5,6,8,521.5370887028453
Phone_3484,OnePlus,3000,6,1024,108,6.4,Mid-Range,5,7,6,7,652.9057247357327
Phone_3485,Xiaomi,6000,6,64,108,6.8,Budget,10,6,3,2,199.13824606463186
Phone_3486,Xiaomi,3000,12,1024,64,6.5,Premium,6,9,10,9,1088.934557346335
Phone_3487,Samsung,4000,16,128,12,6.7,Mid-Range,8,5,8,4,414.7740648176513
Phone_3488,Samsung,4000,16,256,48,6.1,Premium,7,9,9,10,992.0161155715391
Phone_3489,OnePlus,4500,12,128,48,6.7,Mid-Range,8,8,7,4,350.3422420573854
Phone_3490,OnePlus,3000,8,512,64,6.8,Mid-Range,7,5,5,6,430.91455893242426
Phone_3491,Samsung,6000,4,1024,50,6.7,Mid-Range,6,8,5,7,564.4251034095026
Phone_3492,Samsung,6000,12,256,64,6.1,Premium,7,8,8,9,1270.8579092453804
Phone_3493,Apple,5000,8,1024,64,6.7,Mid-Range,7,8,5,7,477.5206939366342
Phone_3494,Apple,4500,16,512,64,6.7,Premium,5,7,7,7,1470.020108640331
Phone_3495,Samsung,6000,12,512,64,6.7,Premium,4,8,8,10,1057.6051731548005
Phone_3496,Apple,5000,4,512,108,6.7,Mid-Range,6,6,5,7,534.4790846557075
Phone_3497,Oppo,6000,6,128,108,6.1,Budget,10,5,3,4,109.56883810607141
Phone_3498,OnePlus,5000,12,128,12,6.4,Mid-Range,5,8,8,7,476.5316032081395
Phone_3499,OnePlus,4000,4,256,64,6.5,Mid-Range,8,7,8,6,367.4549318655995
Phone_3500,Samsung,4000,4,512,48,6.8,Mid-Range,6,5,5,6,638.7230597753874
Phone_3501,Xiaomi,6000,12,128,50,6.4,Mid-Range,5,6,6,6,605.3738080493591
Phone_3502,Samsung,4500,8,64,108,6.1,Mid-Range,7,8,6,4,431.9235909009802
Phone_3503,Apple,3000,12,64,48,6.8,Mid-Range,7,5,8,5,542.5670403975519
Phone_3504,Xiaomi,4500,16,128,108,6.8,Mid-Range,6,7,8,6,337.3872374333476
Phone_3505,Apple,4500,4,256,12,6.7,Mid-Range,7,7,7,8,310.52896491320956
Phone_3506,Oppo,3000,4,1024,50,6.5,Mid-Range,8,5,6,5,626.303683483869
Phone_3507,Apple,4000,6,512,108,6.5,Mid-Range,7,6,8,7,676.7711760927668
Phone_3508,Oppo,4000,4,128,50,6.1,Budget,7,6,4,5,278.84399423891807
Phone_3509,Oppo,3000,6,256,50,6.4,Mid-Range,8,8,7,7,539.0292587930867
Phone_3510,Apple,5000,4,1024,48,6.7,Mid-Range,7,6,5,8,586.9165343152091
Phone_3511,Apple,4500,4,256,108,6.5,Mid-Range,6,5,8,8,598.4170166061388
Phone_3512,Oppo,6000,12,1024,50,6.7,Premium,5,8,9,9,1293.0476735723887
Phone_3513,Xiaomi,4000,12,64,64,6.4,Mid-Range,7,5,8,7,545.3128924466477
Phone_3514,Oppo,6000,16,1024,50,6.8,Premium,7,7,9,10,1314.4146957753612
Phone_3515,OnePlus,3000,8,64,50,6.4,Mid-Range,6,7,8,4,341.3021198428864
Phone_3516,Oppo,6000,16,512,108,6.8,Premium,7,7,8,10,872.2719409370653
Phone_3517,Xiaomi,6000,4,128,64,6.4,Budget,8,6,5,2,189.9798206054152
Phone_3518,OnePlus,4500,16,64,50,6.7,Mid-Range,8,5,7,6,451.39981170094507
Phone_3519,Samsung,3000,12,256,108,6.4,Premium,4,9,8,10,800.8908928762527
Phone_3520,Samsung,6000,4,1024,108,6.5,Mid-Range,6,7,7,4,555.1677827419969
Phone_3521,Xiaomi,4000,4,256,50,6.5,Mid-Range,7,8,7,4,366.7035692535824
Phone_3522,Oppo,3000,16,64,12,6.1,Mid-Range,5,7,8,4,624.3340988010236
Phone_3523,Apple,4000,6,256,12,6.5,Mid-Range,8,8,8,5,368.71894873895565
Phone_3524,Xiaomi,5000,8,1024,48,6.5,Mid-Range,7,6,8,8,608.6469186514172
Phone_3525,OnePlus,6000,16,128,12,6.8,Mid-Range,5,6,8,7,626.9668655089049
Phone_3526,OnePlus,3000,16,256,12,6.7,Premium,4,9,8,7,945.5778430479925
Phone_3527,Samsung,4000,8,512,108,6.7,Mid-Range,7,8,5,5,485.3164350276844
Phone_3528,OnePlus,6000,4,1024,108,6.8,Mid-Range,6,8,7,4,325.4748199686222
Phone_3529,Xiaomi,4500,4,1024,50,6.5,Mid-Range,8,6,5,4,571.0728086642002
Phone_3530,OnePlus,4000,6,512,50,6.4,Mid-Range,8,6,5,4,413.0489956911375
Phone_3531,Xiaomi,4000,16,64,108,6.8,Mid-Range,6,5,5,6,337.0906248322489
Phone_3532,Apple,5000,8,512,50,6.7,Mid-Range,7,8,8,6,642.3063768876468
Phone_3533,Samsung,4500,16,64,108,6.1,Mid-Range,5,6,8,5,355.89494941235597
Phone_3534,OnePlus,5000,12,128,12,6.7,Mid-Range,7,6,6,8,502.54849533379684
Phone_3535,Xiaomi,4500,16,64,50,6.4,Mid-Range,5,6,5,6,615.4046278260773
Phone_3536,Oppo,4000,16,128,12,6.7,Mid-Range,7,6,8,6,379.63756604787085
Phone_3537,Samsung,5000,12,128,48,6.8,Mid-Range,6,8,6,4,658.6541765092077
Phone_3538,Apple,6000,12,512,50,6.1,Premium,4,10,9,8,1079.4613864910814
Phone_3539,Xiaomi,4500,8,128,108,6.7,Mid-Range,8,7,7,6,458.56698626644913
Phone_3540,Apple,4000,4,64,108,6.8,Budget,7,4,6,4,204.08082048452025
Phone_3541,Apple,3000,6,256,48,6.8,Mid-Range,7,8,5,8,557.7839326377932
Phone_3542,OnePlus,4500,12,1024,108,6.8,Premium,4,7,8,9,1072.7733235436951
Phone_3543,OnePlus,4500,4,1024,12,6.1,Mid-Range,6,5,5,7,689.6641676643308
Phone_3544,Xiaomi,6000,8,64,108,6.8,Mid-Range,7,8,6,6,579.3319263702622
Phone_3545,Oppo,4500,16,256,48,6.1,Premium,4,10,9,6,1365.6334009259258
Phone_3546,Xiaomi,4500,8,128,64,6.4,Mid-Range,6,7,7,5,379.63382378716676
Phone_3547,Oppo,6000,8,64,64,6.4,Mid-Range,6,7,7,6,585.108579925717
Phone_3548,Apple,6000,12,128,12,6.4,Mid-Range,5,8,5,4,522.9578006211684
Phone_3549,Samsung,5000,6,512,64,6.8,Mid-Range,6,7,5,8,461.5331233913802
Phone_3550,Xiaomi,4000,12,256,108,6.1,Premium,6,8,8,10,910.0948721986739
Phone_3551,Xiaomi,4000,16,1024,48,6.4,Premium,5,10,8,10,1048.0467080117642
Phone_3552,Oppo,5000,12,64,12,6.5,Mid-Range,7,8,6,6,337.91263564535825
Phone_3553,Apple,4000,16,1024,64,6.4,Premium,6,7,8,6,826.278286488274
Phone_3554,Apple,4500,12,128,108,6.8,Mid-Range,7,6,7,8,667.7918081979063
Phone_3555,Oppo,5000,6,128,108,6.5,Budget,7,6,6,3,299.10680200437326
Phone_3556,Apple,5000,4,512,50,6.7,Mid-Range,6,7,7,7,445.2088519488441
Phone_3557,OnePlus,4000,6,128,50,6.5,Budget,10,6,5,2,231.37826961819627
Phone_3558,Samsung,3000,12,128,48,6.7,Mid-Range,8,8,6,4,681.4569493463273
Phone_3559,Xiaomi,4000,8,1024,12,6.5,Mid-Range,5,7,8,6,675.5682740487912
Phone_3560,Samsung,3000,4,1024,64,6.1,Mid-Range,5,7,8,8,322.25058003956025
Phone_3561,Xiaomi,5000,8,64,64,6.5,Mid-Range,5,8,5,7,648.5712862641776
Phone_3562,OnePlus,3000,6,64,108,6.4,Budget,7,5,5,5,201.9331176100804
Phone_3563,Apple,4500,4,128,64,6.7,Budget,10,6,4,4,267.13235289811394
Phone_3564,Oppo,6000,12,256,48,6.7,Premium,6,10,9,7,1255.0618281630193
Phone_3565,OnePlus,3000,8,64,50,6.4,Mid-Range,5,6,8,5,620.1734630107414
Phone_3566,Samsung,6000,12,128,108,6.1,Mid-Range,8,8,5,4,503.7394490516167
Phone_3567,Oppo,4500,16,1024,12,6.5,Premium,6,8,7,6,1009.7200431199991
Phone_3568,Apple,6000,4,512,108,6.1,Mid-Range,5,5,5,4,488.98930013615063
Phone_3569,OnePlus,4500,8,1024,64,6.4,Mid-Range,7,6,7,8,427.34273841322664
Phone_3570,Oppo,6000,6,1024,48,6.5,Mid-Range,7,8,6,5,572.2082219161431
Phone_3571,OnePlus,6000,6,512,12,6.4,Mid-Range,6,5,7,5,656.8134240351947
Phone_3572,OnePlus,4000,6,1024,108,6.7,Mid-Range,5,7,8,4,400.2000154439768
Phone_3573,Apple,3000,6,64,64,6.7,Budget,8,3,6,4,180.76615855002322
Phone_3574,Xiaomi,6000,8,1024,108,6.7,Mid-Range,6,8,8,7,444.29772644148454
Phone_3575,Oppo,5000,16,512,12,6.8,Premium,4,7,7,8,779.0556139981153
Phone_3576,Apple,4000,6,128,64,6.8,Budget,10,3,4,4,153.19294104539847
Phone_3577,OnePlus,3000,6,128,50,6.7,Budget,8,3,6,2,233.6904624411177
Phone_3578,Apple,4000,6,128,12,6.8,Budget,8,4,5,2,259.7522474808809
Phone_3579,Xiaomi,3000,16,512,50,6.8,Premium,7,9,7,9,801.9492128321883
Phone_3580,Oppo,4500,4,512,50,6.4,Mid-Range,6,8,7,8,561.0506790611881
Phone_3581,Xiaomi,6000,6,64,64,6.5,Budget,8,5,5,4,273.05068663279883
Phone_3582,Samsung,5000,6,512,108,6.7,Mid-Range,6,7,5,5,698.9664205090878
Phone_3583,Oppo,4000,6,128,108,6.8,Budget,9,4,3,4,162.95828754722748
Phone_3584,Xiaomi,4000,4,512,48,6.4,Mid-Range,6,6,8,4,582.0076357816552
Phone_3585,OnePlus,4000,6,256,12,6.4,Mid-Range,5,8,6,6,386.8128298844068
Phone_3586,Oppo,4000,4,1024,12,6.5,Mid-Range,7,6,5,7,382.5368368254017
Phone_3587,Oppo,6000,4,64,64,6.4,Budget,9,5,3,2,229.28030603454056
Phone_3588,Apple,3000,12,128,64,6.1,Mid-Range,5,8,6,4,302.6174625268006
Phone_3589,OnePlus,6000,12,128,48,6.1,Mid-Range,6,5,8,5,374.64908147090557
Phone_3590,Samsung,4500,6,256,48,6.7,Mid-Range,7,5,7,7,370.2009743889764
Phone_3591,Xiaomi,6000,8,64,50,6.5,Mid-Range,5,8,8,5,300.1749562725332
Phone_3592,Apple,6000,12,1024,48,6.1,Premium,5,8,7,6,1237.6312050214854
Phone_3593,Xiaomi,4500,12,64,108,6.5,Mid-Range,6,8,7,5,501.4694110944494
Phone_3594,Samsung,6000,8,64,50,6.7,Mid-Range,6,8,8,5,458.4581913955464
Phone_3595,Samsung,3000,16,128,48,6.4,Mid-Range,6,7,7,6,341.5177191345151
Phone_3596,Oppo,5000,6,512,108,6.4,Mid-Range,8,5,6,8,433.5592847524748
Phone_3597,Samsung,4500,16,1024,108,6.4,Premium,5,9,8,9,931.1282137908305
Phone_3598,Xiaomi,4000,16,64,50,6.1,Mid-Range,8,7,8,5,699.2191402860468
Phone_3599,OnePlus,3000,4,256,50,6.5,Mid-Range,6,7,6,5,504.23981411852355
Phone_3600,OnePlus,5000,4,128,108,6.1,Budget,10,5,3,5,139.20527240917954
Phone_3601,Oppo,3000,6,512,64,6.8,Mid-Range,8,5,6,6,383.09662696097615
Phone_3602,Xiaomi,3000,8,512,50,6.5,Mid-Range,5,5,7,8,441.80866867376403
Phone_3603,Xiaomi,4000,4,128,12,6.7,Budget,7,6,4,3,256.7638891565372
Phone_3604,Samsung,5000,12,64,64,6.1,Mid-Range,8,8,7,8,569.7119301419752
Phone_3605,Xiaomi,3000,6,128,12,6.4,Budget,8,5,3,3,210.66505905378722
Phone_3606,Apple,4000,16,512,48,6.4,Premium,6,8,7,9,1332.6008532280994
Phone_3607,Samsung,4500,6,512,50,6.4,Mid-Range,5,8,8,4,635.1577524108416
Phone_3608,Apple,4000,4,256,50,6.1,Mid-Range,8,6,7,6,378.49961543525814
Phone_3609,Oppo,6000,8,256,108,6.1,Mid-Range,5,5,5,4,331.15178721555816
Phone_3610,OnePlus,4000,16,512,50,6.4,Premium,5,7,7,8,1453.5675753552068
Phone_3611,Oppo,4000,8,256,12,6.4,Mid-Range,6,5,6,4,484.86569302162013
Phone_3612,OnePlus,4000,6,256,64,6.4,Mid-Range,6,5,5,8,521.3416989310228
Phone_3613,Oppo,3000,8,256,48,6.8,Mid-Range,5,6,7,6,634.9538220736027
Phone_3614,Xiaomi,5000,8,512,64,6.1,Mid-Range,5,6,7,5,678.3256895910429
Phone_3615,Apple,4000,6,64,12,6.4,Budget,9,6,3,3,211.63280284697208
Phone_3616,OnePlus,4000,16,64,48,6.7,Mid-Range,5,5,8,4,624.902614220693
Phone_3617,Samsung,6000,8,1024,108,6.4,Mid-Range,6,8,8,7,517.9132688565006
Phone_3618,Apple,6000,8,256,50,6.1,Mid-Range,7,8,5,5,313.3295276358862
Phone_3619,Samsung,4500,6,64,50,6.7,Budget,9,6,3,4,245.6403581892522
Phone_3620,Apple,4500,12,1024,108,6.1,Premium,6,8,10,7,1124.2622860997062
Phone_3621,Apple,6000,8,128,12,6.1,Mid-Range,7,8,7,5,601.3688751454304
Phone_3622,Oppo,5000,4,256,108,6.1,Mid-Range,7,7,7,5,476.73029560382014
Phone_3623,OnePlus,4500,16,64,12,6.5,Mid-Range,5,5,6,7,677.0180440961851
Phone_3624,OnePlus,5000,8,64,48,6.7,Mid-Range,7,6,5,5,495.9385592628406
Phone_3625,Apple,6000,6,64,64,6.8,Budget,7,6,3,5,294.9182095446638
Phone_3626,Xiaomi,4500,4,1024,64,6.8,Mid-Range,8,8,6,8,340.2370048434218
Phone_3627,Xiaomi,4000,6,128,108,6.5,Budget,9,5,3,4,124.80269927830783
Phone_3628,Samsung,6000,8,256,50,6.1,Mid-Range,5,5,8,4,469.68220185680934
Phone_3629,Samsung,4500,4,64,108,6.8,Budget,8,4,4,2,231.4100421556059
Phone_3630,Oppo,5000,16,512,50,6.7,Premium,5,10,10,8,1487.4781167228177
Phone_3631,Apple,5000,16,256,108,6.4,Premium,6,10,8,7,884.8998817115526
Phone_3632,Samsung,4500,16,512,108,6.7,Premium,4,8,8,7,1387.143667333119
Phone_3633,Samsung,5000,12,1024,64,6.1,Premium,4,10,9,6,1465.2445048129885
Phone_3634,Apple,4500,6,64,50,6.7,Budget,8,4,5,3,257.3783964591971
Phone_3635,Oppo,4500,8,256,64,6.1,Mid-Range,8,5,5,8,548.9653285616547
Phone_3636,Samsung,5000,4,256,50,6.7,Mid-Range,5,8,8,5,623.9970022325034
Phone_3637,Oppo,3000,6,64,48,6.5,Budget,7,4,3,5,273.99992202189776
Phone_3638,OnePlus,4000,8,128,48,6.7,Mid-Range,7,7,5,7,522.0400439525355
Phone_3639,Oppo,6000,12,1024,48,6.8,Premium,6,9,9,6,794.347824042275
Phone_3640,Xiaomi,4000,8,64,12,6.4,Mid-Range,7,8,6,5,468.4505421009236
Phone_3641,Xiaomi,6000,6,256,64,6.5,Mid-Range,8,5,6,8,508.9913933333859
Phone_3642,Oppo,6000,8,128,64,6.7,Mid-Range,8,6,8,7,321.04480233630454
Phone_3643,Xiaomi,4000,4,256,48,6.1,Mid-Range,7,7,8,4,653.3960270179215
Phone_3644,OnePlus,4500,12,512,108,6.5,Premium,5,7,7,9,960.6975025993074
Phone_3645,Apple,5000,4,256,64,6.8,Mid-Range,5,5,5,4,410.4785030989168
Phone_3646,Xiaomi,3000,12,1024,50,6.4,Premium,7,10,7,10,1201.9697524790577
Phone_3647,Xiaomi,3000,12,64,64,6.4,Mid-Range,6,6,5,5,346.36029368280055
Phone_3648,Oppo,3000,8,256,64,6.7,Mid-Range,8,6,5,4,668.7013742077665
Phone_3649,OnePlus,4000,4,512,50,6.8,Mid-Range,5,5,5,4,688.0134639644866
Phone_3650,Apple,4000,12,512,48,6.8,Premium,7,9,9,10,1240.1295653406723
Phone_3651,Oppo,4500,12,64,48,6.4,Mid-Range,8,8,8,6,438.54598910183313
Phone_3652,Oppo,3000,8,512,50,6.4,Mid-Range,6,5,8,8,322.09477759797466
Phone_3653,OnePlus,4500,6,64,64,6.8,Budget,8,5,4,2,195.25054409695048
Phone_3654,Apple,3000,6,1024,64,6.4,Mid-Range,5,8,7,5,608.8399657589537
Phone_3655,OnePlus,4000,16,64,48,6.1,Mid-Range,7,5,8,8,414.38969358973566
Phone_3656,Apple,5000,16,128,12,6.4,Mid-Range,6,7,8,8,657.0421073915363
Phone_3657,OnePlus,5000,12,512,48,6.1,Premium,7,7,7,6,1067.9172681416264
Phone_3658,Oppo,5000,6,512,50,6.4,Mid-Range,8,7,5,5,394.7781079151626
Phone_3659,Oppo,5000,12,256,12,6.5,Premium,7,9,8,9,1191.2339694323728
Phone_3660,Samsung,6000,4,128,12,6.5,Budget,7,3,5,2,155.38896194424802
Phone_3661,Xiaomi,3000,6,256,50,6.5,Mid-Range,8,5,7,4,385.97885730727336
Phone_3662,OnePlus,5000,6,64,108,6.1,Budget,7,6,6,2,228.640450729154
Phone_3663,Samsung,6000,6,1024,48,6.1,Mid-Range,6,5,8,8,634.9439024600804
Phone_3664,Xiaomi,6000,16,512,64,6.7,Premium,6,10,9,8,857.0693916055524
Phone_3665,OnePlus,6000,8,1024,48,6.7,Mid-Range,7,8,5,6,323.49160686212116
Phone_3666,Apple,4500,8,64,50,6.4,Mid-Range,6,6,8,7,467.4939634299616
Phone_3667,Xiaomi,4500,16,64,64,6.1,Mid-Range,5,8,8,7,541.7685363326473
Phone_3668,Oppo,6000,16,128,108,6.5,Mid-Range,7,5,8,6,435.196410586793
Phone_3669,Samsung,5000,16,256,50,6.5,Premium,6,9,9,6,857.6561845650546
Phone_3670,Xiaomi,3000,8,512,48,6.5,Mid-Range,5,6,5,5,608.7734537002221
Phone_3671,Xiaomi,4000,12,512,12,6.4,Premium,5,9,7,10,876.1959856451028
Phone_3672,Oppo,4500,16,1024,50,6.1,Premium,6,10,9,10,1388.7323953755385
Phone_3673,OnePlus,5000,12,128,50,6.4,Mid-Range,5,6,6,5,659.4100496573244
Phone_3674,Apple,5000,12,64,48,6.8,Mid-Range,7,8,6,6,497.88320372487453
Phone_3675,Oppo,4000,4,128,108,6.8,Budget,8,4,3,3,105.3198855202075
Phone_3676,Apple,4000,8,512,48,6.7,Mid-Range,8,8,6,6,304.4846249644462
Phone_3677,OnePlus,5000,12,256,48,6.1,Premium,5,7,10,6,954.6864875845779
Phone_3678,Xiaomi,4000,8,1024,108,6.5,Mid-Range,7,5,7,4,667.6933289029816
Phone_3679,Apple,5000,8,64,108,6.1,Mid-Range,5,6,7,5,636.539577049492
Phone_3680,Samsung,4000,4,64,50,6.7,Budget,9,4,6,2,299.95044619148314
Phone_3681,Samsung,4000,8,64,12,6.5,Mid-Range,6,5,7,6,517.6617322330856
Phone_3682,Oppo,5000,12,256,48,6.4,Premium,7,10,7,7,1327.8320692846319
Phone_3683,OnePlus,6000,6,512,12,6.5,Mid-Range,8,5,6,7,321.58528592621167
Phone_3684,Oppo,5000,12,512,108,6.8,Premium,4,7,10,9,1395.9755633265925
Phone_3685,Oppo,3000,12,128,108,6.4,Mid-Range,8,7,6,4,360.3917833425273
Phone_3686,Oppo,4000,8,128,48,6.5,Mid-Range,6,8,5,8,524.3284194376831
Phone_3687,Samsung,4500,12,512,50,6.4,Premium,5,8,7,9,733.9368848259696
Phone_3688,Samsung,4000,6,64,48,6.8,Budget,8,4,5,4,232.1607751664
Phone_3689,Oppo,3000,8,256,50,6.8,Mid-Range,5,5,8,6,310.55672957086256
Phone_3690,Samsung,4500,16,512,64,6.1,Premium,4,9,7,7,791.6950420845124
Phone_3691,OnePlus,4500,12,256,50,6.8,Premium,7,9,9,8,1087.64180119548
Phone_3692,Oppo,5000,12,1024,48,6.8,Premium,4,8,8,8,1295.9309770075818
Phone_3693,Samsung,6000,4,64,48,6.8,Budget,7,6,4,2,200.88514809244163
Phone_3694,Apple,5000,16,1024,50,6.7,Premium,4,8,8,10,886.7777793624603
Phone_3695,Oppo,4500,16,512,12,6.8,Premium,7,7,8,6,952.4752846734668
Phone_3696,Oppo,4500,6,128,50,6.1,Budget,8,3,6,5,211.9676592071488
Phone_3697,OnePlus,6000,16,512,64,6.4,Premium,7,10,10,6,1297.8835153464147
Phone_3698,Xiaomi,4000,4,1024,64,6.7,Mid-Range,5,7,8,4,394.97765424059736
Phone_3699,Xiaomi,6000,6,256,12,6.4,Mid-Range,8,5,5,4,659.4916152075102
Phone_3700,OnePlus,5000,16,512,64,6.4,Premium,7,10,9,10,1425.149792845622
Phone_3701,OnePlus,4000,6,128,48,6.1,Budget,7,5,5,4,155.39614825442737
Phone_3702,OnePlus,5000,16,1024,12,6.7,Premium,6,9,9,9,879.9853195617634
Phone_3703,Xiaomi,6000,16,512,12,6.5,Premium,7,8,9,8,812.3065352009871
Phone_3704,OnePlus,4000,16,1024,12,6.8,Premium,7,9,8,7,752.9235350063286
Phone_3705,Samsung,6000,12,1024,50,6.4,Premium,4,9,8,8,897.0811021134803
Phone_3706,Oppo,3000,16,64,50,6.4,Mid-Range,7,8,8,5,664.052934617471
Phone_3707,Oppo,4500,12,256,12,6.1,Premium,5,10,9,8,997.3249020546255
Phone_3708,Apple,4000,8,64,64,6.1,Mid-Range,5,6,8,6,493.7722801703478
Phone_3709,Apple,4500,4,1024,48,6.1,Mid-Range,5,7,6,7,641.3200073220346
Phone_3710,Oppo,3000,6,128,48,6.7,Budget,9,4,6,2,280.8607007777541
Phone_3711,Samsung,4000,6,128,50,6.8,Budget,9,6,6,5,151.5310697735115
Phone_3712,Xiaomi,4500,8,64,108,6.7,Mid-Range,6,5,5,5,637.5881406768913
Phone_3713,Xiaomi,4500,16,128,12,6.1,Mid-Range,7,6,5,5,541.4638714824281
Phone_3714,Samsung,4000,4,1024,108,6.1,Mid-Range,5,5,5,4,437.84932992422193
Phone_3715,Xiaomi,4500,8,512,48,6.4,Mid-Range,7,5,8,7,536.4821580507335
Phone_3716,OnePlus,4500,8,1024,50,6.7,Mid-Range,5,5,6,8,662.3592282337834
Phone_3717,Oppo,4000,6,512,50,6.7,Mid-Range,6,5,7,7,554.6158176337452
Phone_3718,Oppo,4500,12,128,50,6.8,Mid-Range,7,8,7,5,636.005137300414
Phone_3719,Samsung,4500,12,256,50,6.7,Premium,6,8,10,7,938.5567579367739
Phone_3720,Xiaomi,5000,16,256,50,6.8,Premium,7,9,8,7,760.8308857727161
Phone_3721,Apple,5000,16,1024,12,6.5,Premium,7,9,7,6,759.8873605398337
Phone_3722,Apple,3000,8,1024,108,6.8,Mid-Range,6,8,8,6,496.50019328040173
Phone_3723,Xiaomi,5000,16,128,48,6.1,Mid-Range,7,7,5,5,472.7904233798979
Phone_3724,Apple,5000,12,256,48,6.5,Premium,7,9,9,6,726.1959099712403
Phone_3725,Samsung,3000,4,256,50,6.4,Mid-Range,5,8,6,6,345.04088519326353
Phone_3726,Samsung,4500,6,1024,50,6.4,Mid-Range,5,8,5,5,521.6187614919119
Phone_3727,Xiaomi,4500,12,256,50,6.4,Premium,7,8,10,7,1330.2721517053478
Phone_3728,Apple,5000,16,1024,64,6.1,Premium,6,9,8,7,1207.9457712803182
Phone_3729,Samsung,3000,6,64,48,6.4,Budget,7,3,6,3,201.63643040993398
Phone_3730,Samsung,4500,6,256,50,6.8,Mid-Range,6,6,5,8,473.3404104409902
Phone_3731,OnePlus,6000,8,512,108,6.1,Mid-Range,7,8,5,7,556.2453889606986
Phone_3732,OnePlus,4000,16,128,64,6.7,Mid-Range,8,5,6,6,598.2364840560734
Phone_3733,Samsung,4000,8,1024,12,6.1,Mid-Range,6,6,5,5,328.4566047177415
Phone_3734,Xiaomi,4000,6,256,64,6.1,Mid-Range,5,8,5,5,569.4878970341817
Phone_3735,Oppo,5000,8,256,64,6.7,Mid-Range,6,5,7,8,355.7959112946103
Phone_3736,Oppo,4000,16,1024,64,6.8,Premium,4,8,7,7,1281.2535602269081
Phone_3737,Samsung,4000,12,512,108,6.5,Premium,6,10,9,6,1186.9580160831847
Phone_3738,Samsung,6000,4,256,48,6.7,Mid-Range,8,6,6,6,691.7810599146014
Phone_3739,Samsung,4500,12,64,50,6.1,Mid-Range,7,6,5,8,680.8629058741856
Phone_3740,Xiaomi,6000,6,128,108,6.4,Budget,7,6,6,3,224.7581370209652
Phone_3741,OnePlus,5000,12,1024,108,6.7,Premium,7,8,10,8,724.9500497193807
Phone_3742,Samsung,4000,8,256,50,6.7,Mid-Range,7,7,8,8,641.1344642250777
Phone_3743,Samsung,4500,16,128,64,6.5,Mid-Range,8,7,6,8,610.4663804291757
Phone_3744,Apple,4000,12,1024,12,6.1,Premium,6,10,8,9,784.652052910167
Phone_3745,Xiaomi,4000,12,1024,64,6.4,Premium,5,9,8,7,853.9904418210626
Phone_3746,Samsung,5000,16,1024,64,6.4,Premium,5,9,8,9,1229.6024635929643
Phone_3747,Apple,4000,8,512,48,6.5,Mid-Range,5,8,6,6,342.8116119513089
Phone_3748,Oppo,3000,4,64,64,6.4,Budget,10,4,5,4,281.1307991928639
Phone_3749,Samsung,4500,12,1024,12,6.8,Premium,6,9,8,7,1332.5885510438256
Phone_3750,Samsung,4500,6,512,108,6.7,Mid-Range,7,7,8,6,521.4782997206155
Phone_3751,Apple,3000,8,1024,64,6.7,Mid-Range,7,6,5,5,651.1121987569895
Phone_3752,Xiaomi,5000,8,1024,108,6.4,Mid-Range,7,7,7,6,431.9439663748086
Phone_3753,Samsung,4000,12,512,48,6.4,Premium,4,10,10,8,1370.273831090243
Phone_3754,Oppo,4000,16,64,12,6.4,Mid-Range,8,8,5,5,603.4649472257754
Phone_3755,Samsung,4500,12,128,50,6.7,Mid-Range,5,6,5,4,586.6747733530086
Phone_3756,Oppo,5000,12,256,50,6.4,Premium,7,10,10,8,1061.1383161821932
Phone_3757,OnePlus,5000,16,1024,48,6.8,Premium,4,8,7,10,1131.106655154474
Phone_3758,OnePlus,5000,6,64,12,6.8,Budget,8,3,6,3,133.52282247031889
Phone_3759,Oppo,4000,16,256,108,6.7,Premium,4,8,8,7,703.190478186263
Phone_3760,Xiaomi,5000,12,1024,48,6.1,Premium,6,9,10,7,707.9800638625177
Phone_3761,Samsung,3000,4,256,64,6.1,Mid-Range,7,6,6,8,561.0937671793774
Phone_3762,Samsung,6000,16,512,108,6.1,Premium,5,9,7,10,1457.1070578989998
Phone_3763,OnePlus,5000,6,64,64,6.8,Budget,9,6,5,2,130.206700005341
Phone_3764,Oppo,6000,16,64,64,6.5,Mid-Range,7,7,8,5,374.77515491877006
Phone_3765,Samsung,4000,16,128,108,6.1,Mid-Range,7,6,7,7,450.57557577868283
Phone_3766,Samsung,5000,8,128,64,6.5,Mid-Range,7,8,7,4,601.5264856251395
Phone_3767,Xiaomi,4500,8,256,50,6.7,Mid-Range,5,8,7,4,602.0804592907414
Phone_3768,Apple,4000,12,512,108,6.8,Premium,6,10,9,9,1280.325912574393
Phone_3769,OnePlus,3000,12,256,48,6.1,Premium,7,8,9,10,1113.002079363602
Phone_3770,OnePlus,3000,16,1024,50,6.8,Premium,7,10,7,8,946.9792226882445
Phone_3771,Apple,6000,4,64,48,6.7,Budget,7,5,4,2,213.21000113449261
Phone_3772,Samsung,6000,12,256,12,6.8,Premium,7,7,10,7,1108.9950875531172
Phone_3773,Xiaomi,4500,16,256,48,6.4,Premium,6,10,7,6,1023.4265476788794
Phone_3774,Xiaomi,4500,16,64,108,6.1,Mid-Range,6,5,7,4,346.1295685316484
Phone_3775,OnePlus,3000,16,64,48,6.8,Mid-Range,6,7,5,7,363.08916017570436
Phone_3776,Xiaomi,5000,16,128,12,6.8,Mid-Range,6,6,7,4,376.26509887151195
Phone_3777,Apple,3000,16,128,64,6.8,Mid-Range,7,6,8,4,312.1093555919627
Phone_3778,Samsung,3000,8,64,108,6.7,Mid-Range,6,8,8,6,668.1885115154291
Phone_3779,Apple,4500,6,256,50,6.1,Mid-Range,6,5,8,4,364.8779706530552
Phone_3780,Oppo,6000,6,1024,50,6.1,Mid-Range,6,8,7,7,329.45562521353656
Phone_3781,OnePlus,4500,16,256,48,6.4,Premium,4,8,10,8,1348.0365436309012
Phone_3782,Xiaomi,4500,12,1024,50,6.4,Premium,7,9,9,10,981.3712731590551
Phone_3783,Oppo,4500,4,64,12,6.8,Budget,10,4,5,2,132.01587349159527
Phone_3784,Xiaomi,3000,16,1024,50,6.1,Premium,4,10,7,10,939.2920210796508
Phone_3785,Samsung,5000,4,128,48,6.1,Budget,10,5,3,4,244.50497687977753
Phone_3786,Samsung,3000,8,64,50,6.8,Mid-Range,7,7,6,7,301.5183239291274
Phone_3787,Samsung,4000,6,512,64,6.5,Mid-Range,8,7,5,5,434.01289559643817
Phone_3788,Xiaomi,4500,8,1024,64,6.1,Mid-Range,7,7,8,5,350.1824372320708
Phone_3789,Oppo,4500,12,1024,50,6.8,Premium,4,8,10,8,1124.0843908480276
Phone_3790,Samsung,4000,12,512,108,6.8,Premium,6,7,7,7,1309.2501224072862
Phone_3791,Oppo,4500,16,512,50,6.5,Premium,4,10,8,8,776.1015927214896
Phone_3792,Xiaomi,4500,12,64,64,6.4,Mid-Range,7,7,6,8,458.7737816936139
Phone_3793,Oppo,4500,12,256,64,6.8,Premium,6,10,7,7,1439.5688025694303
Phone_3794,Xiaomi,4000,8,512,12,6.1,Mid-Range,7,8,5,8,591.3164141523462
Phone_3795,Xiaomi,3000,4,1024,48,6.4,Mid-Range,7,5,5,8,647.9122045640431
Phone_3796,OnePlus,4500,6,512,12,6.4,Mid-Range,8,6,7,8,669.1912611672088
Phone_3797,Xiaomi,5000,12,64,108,6.4,Mid-Range,6,6,7,7,465.04664811948146
Phone_3798,Xiaomi,4000,12,64,48,6.8,Mid-Range,8,6,6,5,577.4648591778598
Phone_3799,Apple,6000,8,1024,50,6.1,Mid-Range,7,8,6,7,583.7339721666707
Phone_3800,Samsung,4000,6,1024,50,6.5,Mid-Range,5,7,7,6,552.3264175141412
Phone_3801,OnePlus,3000,8,1024,108,6.7,Mid-Range,5,7,5,5,430.309576027506
Phone_3802,OnePlus,4000,4,256,64,6.7,Mid-Range,5,8,7,8,632.8675340910097
Phone_3803,OnePlus,6000,8,1024,50,6.4,Mid-Range,5,5,5,6,607.5589214635876
Phone_3804,Apple,5000,6,64,12,6.7,Budget,7,4,5,5,235.8759147592679
Phone_3805,Xiaomi,6000,6,64,64,6.7,Budget,10,5,3,2,261.8605776319606
Phone_3806,Samsung,4000,12,512,50,6.8,Premium,7,7,7,6,1079.5512782511548
Phone_3807,Oppo,6000,4,1024,64,6.5,Mid-Range,5,6,6,4,637.3777264144412
Phone_3808,Xiaomi,4000,16,256,48,6.7,Premium,6,8,7,7,825.0888873935204
Phone_3809,Apple,5000,12,128,50,6.5,Mid-Range,5,5,8,4,488.3214603189653
Phone_3810,Xiaomi,5000,8,512,50,6.7,Mid-Range,7,7,7,7,464.5204217636433
Phone_3811,Xiaomi,3000,8,256,64,6.4,Mid-Range,8,8,7,5,571.2557068678464
Phone_3812,Apple,5000,6,1024,48,6.4,Mid-Range,5,5,6,4,456.0414161637879
Phone_3813,OnePlus,4500,6,256,12,6.5,Mid-Range,5,8,8,5,371.89461990645447
Phone_3814,OnePlus,6000,6,128,48,6.5,Budget,9,4,4,4,216.7634354320566
Phone_3815,Samsung,6000,16,256,12,6.5,Premium,4,10,9,7,935.8005333202518
Phone_3816,Samsung,4000,16,128,108,6.5,Mid-Range,6,5,8,7,311.37179992060373
Phone_3817,OnePlus,5000,12,128,48,6.1,Mid-Range,8,5,7,4,378.4959014867078
Phone_3818,Oppo,3000,16,128,12,6.4,Mid-Range,6,5,6,4,482.0577191837889
Phone_3819,Xiaomi,3000,6,256,64,6.7,Mid-Range,8,8,7,8,469.2913013518495
Phone_3820,Oppo,3000,12,1024,12,6.1,Premium,5,9,9,6,1498.4876819658743
Phone_3821,Xiaomi,4500,12,64,108,6.5,Mid-Range,5,8,8,6,377.9726341608459
Phone_3822,OnePlus,5000,4,64,12,6.7,Budget,9,4,5,5,123.51724858392168
Phone_3823,Samsung,3000,16,256,48,6.4,Premium,6,9,9,7,1269.4149461821996
Phone_3824,Samsung,4500,8,1024,12,6.5,Mid-Range,7,6,7,7,489.4642590959094
Phone_3825,Oppo,6000,8,64,48,6.8,Mid-Range,6,5,6,5,646.1315901931663
Phone_3826,Samsung,4000,4,128,108,6.5,Budget,10,4,6,5,143.40515618361704
Phone_3827,OnePlus,5000,6,256,12,6.7,Mid-Range,8,5,6,4,685.3123509448931
Phone_3828,Oppo,5000,4,256,12,6.4,Mid-Range,8,6,8,5,552.4158137532354
Phone_3829,Xiaomi,6000,6,512,108,6.5,Mid-Range,6,6,7,6,602.6607903722509
Phone_3830,Samsung,5000,16,512,12,6.4,Premium,6,8,10,8,885.9695272825984
Phone_3831,Apple,5000,16,512,48,6.1,Premium,4,8,10,8,1396.9189105716869
Phone_3832,Samsung,5000,12,1024,50,6.8,Premium,4,7,8,9,1211.3021519507136
Phone_3833,Xiaomi,5000,12,256,50,6.1,Premium,5,7,7,7,1004.856463728755
Phone_3834,Oppo,4500,12,512,48,6.8,Premium,4,9,9,10,1218.153749941902
Phone_3835,Xiaomi,4500,12,256,12,6.1,Premium,7,7,8,9,1442.4497589891134
Phone_3836,Apple,4000,8,128,48,6.4,Mid-Range,7,7,7,6,693.9019358161208
Phone_3837,OnePlus,5000,12,512,108,6.4,Premium,6,10,9,9,925.1473769804279
Phone_3838,Samsung,6000,12,256,48,6.1,Premium,5,7,10,8,1427.259447259029
Phone_3839,Oppo,3000,12,1024,50,6.7,Premium,5,8,7,10,730.8690506328022
Phone_3840,OnePlus,4000,6,1024,64,6.1,Mid-Range,8,8,5,4,464.7127853385506
Phone_3841,Xiaomi,3000,12,1024,108,6.5,Premium,4,8,7,7,1181.2933750727545
Phone_3842,Oppo,3000,4,512,12,6.7,Mid-Range,7,7,8,8,532.6145785094346
Phone_3843,OnePlus,5000,12,1024,48,6.4,Premium,7,9,10,9,1075.346432891191
Phone_3844,Oppo,6000,12,64,108,6.1,Mid-Range,7,7,7,6,478.7323301577505
Phone_3845,Apple,3000,8,128,50,6.7,Mid-Range,6,8,7,8,526.479904992415
Phone_3846,Apple,3000,12,256,12,6.5,Premium,5,7,8,9,713.554648575183
Phone_3847,Samsung,4000,6,64,48,6.8,Budget,8,3,3,5,229.9665694128113
Phone_3848,Samsung,6000,16,512,48,6.4,Premium,5,7,7,8,993.549813533708
Phone_3849,Apple,6000,12,256,12,6.7,Premium,6,10,9,6,854.4428722466334
Phone_3850,Oppo,3000,12,256,64,6.7,Premium,4,9,8,8,1108.5957855389684
Phone_3851,Apple,6000,12,1024,64,6.7,Premium,7,10,8,6,1252.2071536860103
Phone_3852,Samsung,4000,8,256,108,6.1,Mid-Range,5,7,8,7,310.56721747776425
Phone_3853,Apple,4000,16,256,48,6.4,Premium,5,8,9,6,1069.799730458179
Phone_3854,Apple,4000,8,128,108,6.4,Mid-Range,6,8,8,7,691.7243074241371
Phone_3855,Oppo,5000,8,512,12,6.1,Mid-Range,8,5,7,5,660.9237588234168
Phone_3856,OnePlus,3000,8,64,108,6.1,Mid-Range,7,7,6,7,360.4651955714626
Phone_3857,Samsung,6000,6,1024,48,6.1,Mid-Range,6,6,8,4,642.0022918847053
Phone_3858,Oppo,4000,16,128,64,6.5,Mid-Range,7,5,7,4,547.3643235451354
Phone_3859,Apple,3000,6,64,64,6.7,Budget,9,3,6,3,231.64837698612533
Phone_3860,Apple,3000,6,64,12,6.5,Budget,9,3,4,4,151.28383163775518
Phone_3861,OnePlus,5000,16,128,50,6.4,Mid-Range,7,7,7,6,465.13453727527474
Phone_3862,Samsung,6000,6,1024,108,6.1,Mid-Range,7,6,6,6,458.4555823393116
Phone_3863,Samsung,6000,16,512,12,6.7,Premium,5,8,7,9,1266.1603022618224
Phone_3864,Xiaomi,4000,12,128,64,6.8,Mid-Range,5,8,5,4,538.6233292624107
Phone_3865,Samsung,4000,8,128,48,6.7,Mid-Range,5,5,6,7,585.6858192018569
Phone_3866,OnePlus,3000,6,128,48,6.8,Budget,8,4,5,3,162.7856075410698
Phone_3867,Xiaomi,6000,16,1024,50,6.7,Premium,4,9,9,8,852.6436544049043
Phone_3868,Xiaomi,6000,4,128,50,6.1,Budget,8,4,3,5,287.0640421647969
Phone_3869,Apple,4000,6,128,64,6.8,Budget,9,6,6,5,151.99321128934503
Phone_3870,Apple,4500,6,256,50,6.8,Mid-Range,7,7,8,5,688.5363936495781
Phone_3871,Samsung,3000,16,256,50,6.4,Premium,6,7,10,8,937.7667160679061
Phone_3872,Xiaomi,6000,4,256,48,6.7,Mid-Range,8,5,6,5,336.5384938485613
Phone_3873,Apple,5000,4,256,108,6.5,Mid-Range,7,5,5,7,530.64999505838
Phone_3874,OnePlus,5000,12,128,48,6.5,Mid-Range,8,5,6,7,530.7926809419581
Phone_3875,Apple,4500,6,256,48,6.4,Mid-Range,8,6,6,7,315.5245724659236
Phone_3876,Apple,4000,8,64,64,6.4,Mid-Range,5,8,6,6,304.3453761489353
Phone_3877,Xiaomi,4000,6,512,64,6.4,Mid-Range,6,8,7,5,698.4408942867042
Phone_3878,Xiaomi,4000,8,256,108,6.1,Mid-Range,7,5,6,8,456.03385351526197
Phone_3879,Oppo,5000,8,1024,12,6.1,Mid-Range,7,6,6,4,398.18221824433056
Phone_3880,OnePlus,4000,16,512,50,6.1,Premium,7,8,7,10,955.6273157706418
Phone_3881,Xiaomi,5000,6,64,50,6.1,Budget,8,4,4,3,123.12827418519126
Phone_3882,Samsung,4500,16,512,48,6.4,Premium,7,10,9,9,1367.477318599119
Phone_3883,OnePlus,3000,12,512,48,6.4,Premium,6,9,7,10,1486.9281468162478
Phone_3884,OnePlus,6000,8,64,108,6.1,Mid-Range,7,8,6,8,621.0101320981375
Phone_3885,Xiaomi,4500,4,256,50,6.1,Mid-Range,5,5,5,6,399.29925572147283
Phone_3886,OnePlus,5000,8,64,48,6.8,Mid-Range,8,8,5,5,501.3828130510535
Phone_3887,Xiaomi,4500,12,1024,48,6.7,Premium,6,7,9,6,831.56043740794
Phone_3888,Apple,6000,8,64,64,6.8,Mid-Range,6,5,5,4,517.9313625891668
Phone_3889,Oppo,3000,16,128,12,6.7,Mid-Range,6,8,8,7,503.52219139048475
Phone_3890,Apple,6000,6,128,108,6.1,Budget,7,6,3,4,106.70842963558678
Phone_3891,Xiaomi,5000,4,512,12,6.1,Mid-Range,5,7,5,5,473.279189555967
Phone_3892,Xiaomi,6000,16,256,12,6.1,Premium,7,8,7,7,763.9354868152002
Phone_3893,Apple,4500,6,256,108,6.8,Mid-Range,6,5,8,7,636.8615684919843
Phone_3894,Samsung,4000,4,128,50,6.4,Budget,10,5,6,2,153.27891735827143
Phone_3895,Samsung,4500,12,1024,48,6.7,Premium,7,7,9,7,714.5823812734417
Phone_3896,Samsung,5000,8,64,108,6.8,Mid-Range,5,7,7,5,641.670166843037
Phone_3897,Xiaomi,3000,4,64,48,6.1,Budget,7,6,5,5,211.87210994259667
Phone_3898,OnePlus,6000,12,64,64,6.4,Mid-Range,5,5,6,7,691.8228961809864
Phone_3899,Xiaomi,3000,6,1024,12,6.8,Mid-Range,5,6,7,5,600.2516029260414
Phone_3900,OnePlus,5000,4,1024,64,6.7,Mid-Range,7,6,8,4,446.44528628423234
Phone_3901,Apple,6000,12,64,12,6.1,Mid-Range,6,6,5,5,450.07162250542183
Phone_3902,Oppo,4500,6,64,50,6.7,Budget,9,6,5,2,277.2871587324875
Phone_3903,OnePlus,4500,16,1024,108,6.1,Premium,6,10,8,7,1175.4974783501664
Phone_3904,Samsung,5000,8,64,50,6.1,Mid-Range,8,8,6,7,534.8140419793336
Phone_3905,Xiaomi,6000,12,1024,12,6.5,Premium,5,8,9,7,777.8732906923001
Phone_3906,Apple,4500,16,512,64,6.7,Premium,4,10,7,6,1247.7339982340382
Phone_3907,Samsung,5000,6,128,12,6.4,Budget,9,3,6,3,188.9477098478756
Phone_3908,Apple,5000,4,128,50,6.1,Budget,10,5,5,3,285.0390416849408
Phone_3909,Oppo,3000,8,1024,50,6.4,Mid-Range,5,6,5,8,631.8260130702679
Phone_3910,Xiaomi,4500,6,64,64,6.8,Budget,7,3,3,3,272.43662127191385
Phone_3911,Xiaomi,6000,12,128,64,6.1,Mid-Range,7,7,7,7,478.3920986911737
Phone_3912,Oppo,4500,8,256,50,6.1,Mid-Range,6,7,8,4,592.8721833294893
Phone_3913,Xiaomi,4500,16,64,12,6.1,Mid-Range,7,7,5,8,320.00854307135336
Phone_3914,OnePlus,4500,8,1024,12,6.4,Mid-Range,5,6,5,6,602.431415980297
Phone_3915,Apple,5000,16,256,108,6.5,Premium,6,10,9,6,714.2753203550953
Phone_3916,Samsung,4000,6,1024,50,6.7,Mid-Range,6,7,8,8,412.0915116999623
Phone_3917,Oppo,4000,4,64,108,6.1,Budget,7,6,4,5,271.06556797435303
Phone_3918,OnePlus,3000,8,512,50,6.7,Mid-Range,6,8,5,8,341.20649350472974
Phone_3919,Samsung,4500,4,512,108,6.7,Mid-Range,7,8,5,8,642.3575602686044
Phone_3920,Samsung,4000,4,512,48,6.7,Mid-Range,7,8,8,5,623.1638182001002
Phone_3921,Oppo,3000,8,64,12,6.4,Mid-Range,6,5,7,7,470.0847471800468
Phone_3922,OnePlus,5000,8,64,12,6.7,Mid-Range,7,5,7,7,451.08755567722505
Phone_3923,Samsung,4500,4,256,48,6.8,Mid-Range,7,8,8,6,471.0106565679058
Phone_3924,Samsung,6000,12,64,64,6.4,Mid-Range,6,8,8,8,468.13845571676984
Phone_3925,OnePlus,5000,12,64,48,6.4,Mid-Range,8,7,6,5,471.84666442844036
Phone_3926,Xiaomi,3000,8,256,12,6.8,Mid-Range,5,7,8,7,358.2972209853842
Phone_3927,Samsung,5000,4,256,50,6.5,Mid-Range,6,5,6,7,305.3908093548477
Phone_3928,Apple,6000,4,1024,108,6.5,Mid-Range,7,6,6,7,604.9732836336017
Phone_3929,OnePlus,5000,6,128,12,6.1,Budget,8,3,6,3,153.8981335633452
Phone_3930,Samsung,3000,4,128,48,6.5,Budget,7,3,5,5,280.7769091236649
Phone_3931,Oppo,6000,12,1024,50,6.1,Premium,4,8,10,8,1192.0972971332283
Phone_3932,Apple,6000,6,512,12,6.7,Mid-Range,5,5,5,7,452.65591473169957
Phone_3933,Samsung,5000,12,64,48,6.1,Mid-Range,6,5,7,5,329.94530537564657
Phone_3934,Apple,6000,16,256,12,6.5,Premium,6,8,9,8,706.4415088212095
Phone_3935,Apple,5000,8,256,48,6.1,Mid-Range,5,5,8,4,485.24624813245657
Phone_3936,Xiaomi,4500,16,512,48,6.4,Premium,7,7,9,10,1040.2712528171517
Phone_3937,Apple,6000,8,256,12,6.5,Mid-Range,6,5,5,4,428.88214881217255
Phone_3938,Xiaomi,5000,12,512,50,6.1,Premium,7,7,7,6,733.8622031322943
Phone_3939,OnePlus,4500,12,1024,12,6.5,Premium,5,9,8,9,1021.2946006611469
Phone_3940,Xiaomi,6000,16,512,12,6.8,Premium,4,8,7,8,1218.300474813188
Phone_3941,Oppo,4500,8,128,50,6.5,Mid-Range,7,5,6,4,666.1453855521711
Phone_3942,Samsung,6000,8,512,12,6.8,Mid-Range,5,7,5,6,683.6143362234545
Phone_3943,OnePlus,3000,6,1024,108,6.1,Mid-Range,7,6,5,4,648.7409289970226
Phone_3944,OnePlus,3000,4,512,108,6.8,Mid-Range,5,5,6,8,390.65839418627263
Phone_3945,Oppo,5000,6,1024,108,6.5,Mid-Range,6,8,6,5,401.52402891386276
Phone_3946,Xiaomi,4000,12,128,48,6.4,Mid-Range,7,6,7,7,617.6489114476544
Phone_3947,Samsung,3000,16,64,64,6.8,Mid-Range,8,7,7,8,478.44392207015426
Phone_3948,Xiaomi,4000,8,1024,12,6.5,Mid-Range,5,8,7,8,419.1206594838747
Phone_3949,Apple,4500,6,64,64,6.4,Budget,9,6,5,5,137.4010849857371
Phone_3950,Xiaomi,4500,16,1024,108,6.7,Premium,4,9,9,6,713.8122425963487
Phone_3951,OnePlus,4000,16,512,50,6.8,Premium,5,8,10,8,1360.0512204866254
Phone_3952,Samsung,5000,4,64,108,6.8,Budget,7,6,3,3,213.248942153985
Phone_3953,Xiaomi,6000,8,1024,12,6.1,Mid-Range,7,8,6,6,548.111994812235
Phone_3954,Samsung,4000,16,1024,64,6.7,Premium,6,9,10,8,1261.0067797097101
Phone_3955,Samsung,4000,8,64,64,6.1,Mid-Range,8,7,8,7,604.1201317329619
Phone_3956,Apple,4000,6,1024,48,6.1,Mid-Range,7,5,8,7,663.7801062910407
Phone_3957,Apple,4000,16,64,50,6.5,Mid-Range,5,8,6,5,364.8448826152212
Phone_3958,OnePlus,4000,16,128,108,6.1,Mid-Range,5,5,7,5,693.8531444959876
Phone_3959,Oppo,5000,6,256,50,6.8,Mid-Range,5,7,5,5,431.5324335728599
Phone_3960,Samsung,3000,8,128,12,6.1,Mid-Range,5,5,8,4,412.62711933685387
Phone_3961,Oppo,6000,8,64,48,6.4,Mid-Range,6,7,8,7,503.9147481537697
Phone_3962,OnePlus,3000,16,512,108,6.8,Premium,6,7,9,7,1079.7499337395238
Phone_3963,Samsung,4000,6,512,12,6.5,Mid-Range,8,6,5,6,393.164688167588
Phone_3964,Samsung,3000,12,256,50,6.1,Premium,5,10,8,9,1372.0329349215112
Phone_3965,Oppo,5000,8,64,48,6.4,Mid-Range,5,7,6,4,341.5976868188263
Phone_3966,Xiaomi,4500,12,1024,108,6.4,Premium,4,8,8,10,988.121678606148
Phone_3967,Apple,3000,16,128,50,6.8,Mid-Range,7,5,7,5,548.9911933120854
Phone_3968,Xiaomi,6000,12,128,108,6.1,Mid-Range,8,8,6,5,683.4318606669933
Phone_3969,Oppo,5000,12,256,48,6.4,Premium,7,7,10,6,1356.2326939541013
Phone_3970,Apple,4500,8,256,48,6.1,Mid-Range,8,5,5,6,559.3596955097962
Phone_3971,Xiaomi,5000,16,256,50,6.8,Premium,5,7,10,8,1364.0522019554214
Phone_3972,Apple,4000,12,256,108,6.7,Premium,4,8,8,10,1068.9713907432213
Phone_3973,Samsung,4500,8,256,64,6.4,Mid-Range,6,8,8,7,506.08494447460663
Phone_3974,Xiaomi,6000,12,256,12,6.5,Premium,7,9,10,8,1474.9236581586874
Phone_3975,Apple,4500,8,1024,48,6.1,Mid-Range,7,7,6,6,697.1774872039955
Phone_3976,Apple,6000,16,1024,108,6.8,Premium,5,10,8,6,978.217416189091
Phone_3977,Apple,4000,6,128,50,6.8,Budget,8,3,4,4,147.3126559180424
Phone_3978,Xiaomi,6000,8,128,50,6.5,Mid-Range,5,6,8,5,586.7572869567125
Phone_3979,OnePlus,5000,8,256,48,6.7,Mid-Range,5,8,5,6,478.4196926543591
Phone_3980,Xiaomi,3000,12,128,48,6.1,Mid-Range,6,6,6,8,455.20960234748384
Phone_3981,Oppo,5000,16,256,64,6.7,Premium,4,8,8,7,1315.9178004946257
Phone_3982,Xiaomi,5000,4,1024,50,6.8,Mid-Range,7,7,6,8,321.1408647056685
Phone_3983,Apple,4500,4,512,108,6.4,Mid-Range,7,7,6,8,579.2887998508932
Phone_3984,Samsung,4000,6,1024,12,6.7,Mid-Range,8,7,6,4,501.37927832487674
Phone_3985,Xiaomi,3000,16,64,12,6.4,Mid-Range,5,5,7,7,496.09665037232315
Phone_3986,Xiaomi,6000,8,1024,64,6.5,Mid-Range,5,7,6,8,660.0135555255083
Phone_3987,Apple,4500,4,64,108,6.8,Budget,9,6,3,5,163.55044788959964
Phone_3988,Samsung,4000,6,128,12,6.4,Budget,9,4,5,5,224.8502944980637
Phone_3989,Samsung,3000,16,1024,12,6.1,Premium,7,8,7,8,901.4818196839536
Phone_3990,Oppo,5000,6,512,108,6.8,Mid-Range,6,5,6,8,622.785450104969
Phone_3991,Xiaomi,4000,4,1024,108,6.5,Mid-Range,6,7,6,4,464.51466578208846
Phone_3992,Samsung,4000,12,1024,48,6.1,Premium,5,8,9,6,1227.6787666566127
Phone_3993,Samsung,4000,12,1024,12,6.8,Premium,4,10,8,10,1350.3110421480208
Phone_3994,OnePlus,5000,16,256,12,6.7,Premium,4,7,9,8,1274.694941623729
Phone_3995,OnePlus,6000,6,1024,64,6.8,Mid-Range,5,7,5,6,693.8883388112739
Phone_3996,Samsung,4500,8,1024,48,6.1,Mid-Range,6,5,8,5,307.00311246005003
Phone_3997,Oppo,6000,4,512,48,6.4,Mid-Range,6,6,8,7,465.8500369672909
Phone_3998,Samsung,3000,12,64,12,6.4,Mid-Range,8,7,7,5,672.0711691011614
Phone_3999,Apple,4500,12,64,50,6.8,Mid-Range,6,8,7,5,671.2592749996606
Phone_4000,Xiaomi,3000,6,512,50,6.8,Mid-Range,6,5,8,5,599.0857065725813
Phone_4001,Oppo,5000,12,128,108,6.5,Mid-Range,8,5,8,4,536.7625300111824
Phone_4002,Apple,6000,6,1024,48,6.7,Mid-Range,5,7,6,5,576.3383510223365
Phone_4003,Oppo,4000,4,128,12,6.5,Budget,10,6,3,2,298.4358261664788
Phone_4004,Apple,4500,6,512,12,6.5,Mid-Range,8,8,8,4,495.3581797715525
Phone_4005,Xiaomi,4000,12,128,12,6.4,Mid-Range,8,5,6,8,514.4243849591901
Phone_4006,Xiaomi,3000,6,64,64,6.4,Budget,7,3,3,4,161.94113622277854
Phone_4007,OnePlus,4000,12,256,50,6.1,Premium,5,8,9,6,1226.8795682100392
Phone_4008,Apple,4000,16,128,64,6.5,Mid-Range,5,8,6,6,482.675191185425
Phone_4009,OnePlus,5000,12,256,12,6.1,Premium,4,8,8,8,1309.150079689672
Phone_4010,Apple,5000,12,128,12,6.8,Mid-Range,7,7,7,6,455.9840172276131
Phone_4011,OnePlus,6000,12,512,48,6.1,Premium,6,10,8,7,1159.3338923768752
Phone_4012,Xiaomi,3000,16,256,48,6.4,Premium,7,7,10,6,758.3430132851016
Phone_4013,Oppo,5000,8,128,50,6.5,Mid-Range,5,8,8,6,557.7290927851889
Phone_4014,OnePlus,5000,12,512,108,6.4,Premium,7,10,7,9,703.0329189379441
Phone_4015,Apple,6000,8,64,12,6.8,Mid-Range,5,7,8,6,665.1875869302766
Phone_4016,Apple,4500,4,1024,48,6.7,Mid-Range,8,8,6,4,471.6948021078455
Phone_4017,Xiaomi,6000,6,512,50,6.5,Mid-Range,7,6,6,6,559.2299454739128
Phone_4018,Apple,4000,8,512,64,6.4,Mid-Range,6,8,6,7,583.0253145508458
Phone_4019,Samsung,4000,4,64,12,6.7,Budget,9,6,6,5,147.49069146565105
Phone_4020,Oppo,5000,6,256,108,6.8,Mid-Range,5,8,5,4,652.3304398932985
Phone_4021,OnePlus,5000,12,128,50,6.7,Mid-Range,8,8,5,8,452.3404837079329
Phone_4022,Oppo,6000,12,256,108,6.4,Premium,4,7,10,8,1408.4665988560378
Phone_4023,Xiaomi,6000,12,512,12,6.4,Premium,7,8,8,9,957.472576924207
Phone_4024,OnePlus,3000,16,128,50,6.8,Mid-Range,6,8,5,6,468.5631509397664
Phone_4025,OnePlus,4000,16,1024,48,6.8,Premium,7,8,7,10,751.7186429246547
Phone_4026,Samsung,6000,16,1024,108,6.7,Premium,4,9,9,7,810.5997862876125
Phone_4027,Xiaomi,4500,16,128,64,6.7,Mid-Range,7,8,7,6,450.2138026508806
Phone_4028,Apple,3000,4,512,64,6.4,Mid-Range,7,5,6,8,451.63670173091566
Phone_4029,Samsung,6000,4,64,108,6.8,Budget,10,6,4,5,152.38135307131856
Phone_4030,Samsung,5000,12,256,12,6.1,Premium,4,7,7,9,1395.4300423162917
Phone_4031,Oppo,6000,6,256,12,6.8,Mid-Range,7,5,5,6,591.8477297482222
Phone_4032,Oppo,5000,16,64,12,6.5,Mid-Range,6,8,5,5,470.82893257480424
Phone_4033,Oppo,5000,6,64,64,6.5,Budget,10,4,6,2,102.31226402041736
Phone_4034,Samsung,4000,4,1024,64,6.8,Mid-Range,6,8,8,7,616.6857787248468
Phone_4035,Apple,4000,16,64,48,6.7,Mid-Range,7,5,6,8,567.7655078001841
Phone_4036,OnePlus,6000,4,128,12,6.5,Budget,9,3,5,4,285.78956076154464
Phone_4037,Oppo,6000,4,1024,64,6.4,Mid-Range,8,7,8,7,426.355248102006
Phone_4038,Apple,4500,8,512,64,6.4,Mid-Range,8,8,8,6,663.6478552573501
Phone_4039,Xiaomi,3000,4,1024,12,6.4,Mid-Range,8,8,7,4,405.09232459397026
Phone_4040,Oppo,3000,12,1024,12,6.8,Premium,7,7,8,9,1265.8176128084367
Phone_4041,OnePlus,6000,4,256,64,6.5,Mid-Range,6,6,6,6,514.5504424535427
Phone_4042,Xiaomi,4000,16,64,108,6.7,Mid-Range,8,6,7,7,698.9369515949708
Phone_4043,Xiaomi,4500,12,128,64,6.4,Mid-Range,7,7,8,6,380.86105605208195
Phone_4044,OnePlus,3000,4,64,48,6.7,Budget,8,5,4,4,154.05220822734486
Phone_4045,Oppo,6000,12,256,50,6.4,Premium,6,8,7,6,1463.4997442855943
Phone_4046,Samsung,4000,4,64,12,6.8,Budget,8,5,4,2,143.29573136437133
Phone_4047,OnePlus,4000,12,128,48,6.4,Mid-Range,7,6,6,6,438.4566857622383
Phone_4048,OnePlus,4000,6,64,108,6.8,Budget,7,4,3,3,151.37864567017868
Phone_4049,OnePlus,5000,8,256,50,6.5,Mid-Range,6,8,8,5,345.50336752678703
Phone_4050,Xiaomi,4000,12,128,64,6.5,Mid-Range,8,5,8,6,351.48016688292574
Phone_4051,Apple,6000,16,64,12,6.7,Mid-Range,8,6,7,5,358.5428730773652
Phone_4052,Samsung,4500,8,256,64,6.4,Mid-Range,8,6,8,4,565.0216707599609
Phone_4053,Oppo,6000,8,256,48,6.5,Mid-Range,7,7,5,6,345.8567257036613
Phone_4054,Oppo,4000,4,1024,12,6.1,Mid-Range,6,6,8,8,459.2900660166354
Phone_4055,Apple,4500,12,128,64,6.1,Mid-Range,8,7,7,8,362.6706148637078
Phone_4056,OnePlus,3000,8,128,12,6.7,Mid-Range,7,7,5,5,452.8282585958251
Phone_4057,Samsung,3000,16,64,48,6.5,Mid-Range,5,8,6,6,585.6175412729383
Phone_4058,Oppo,6000,16,1024,64,6.8,Premium,6,10,7,10,1467.040286052862
Phone_4059,Oppo,4500,16,128,50,6.1,Mid-Range,5,5,7,5,547.0584931902761
Phone_4060,OnePlus,6000,4,256,108,6.5,Mid-Range,7,6,6,5,399.4019241982944
Phone_4061,Apple,4500,6,128,64,6.8,Budget,9,6,6,3,226.03434155648478
Phone_4062,Samsung,4500,12,1024,12,6.4,Premium,6,10,10,8,1222.9535569063337
Phone_4063,Apple,6000,8,512,64,6.5,Mid-Range,5,8,8,6,424.15749544543365
Phone_4064,Apple,4500,12,256,12,6.4,Premium,6,10,9,7,1067.644584930263
Phone_4065,Samsung,4000,8,128,48,6.1,Mid-Range,6,7,8,7,351.63419724143824
Phone_4066,Samsung,4500,4,256,108,6.4,Mid-Range,8,7,5,5,496.3822160613375
Phone_4067,Oppo,4500,12,64,12,6.1,Mid-Range,7,5,5,8,452.82200278065767
Phone_4068,Oppo,6000,4,256,64,6.7,Mid-Range,5,5,6,8,438.2239968003986
Phone_4069,Samsung,3000,4,128,48,6.7,Budget,7,5,5,3,250.82984562201622
Phone_4070,Xiaomi,5000,12,64,50,6.1,Mid-Range,7,6,5,8,364.6003595554393
Phone_4071,Oppo,4500,12,64,64,6.8,Mid-Range,5,7,6,6,482.6725292282424
Phone_4072,Xiaomi,5000,8,64,108,6.7,Mid-Range,6,6,8,7,381.35355487671336
Phone_4073,Samsung,4500,16,512,48,6.8,Premium,7,8,7,8,875.0609322162734
Phone_4074,Oppo,6000,4,512,64,6.8,Mid-Range,7,8,5,5,319.4497625882726
Phone_4075,Apple,6000,6,64,12,6.8,Budget,9,3,5,4,266.35627667171457
Phone_4076,Samsung,4500,8,128,12,6.5,Mid-Range,7,6,6,6,525.6723861303557
Phone_4077,OnePlus,6000,8,64,12,6.5,Mid-Range,6,5,5,6,325.05171930793875
Phone_4078,Xiaomi,6000,16,64,64,6.8,Mid-Range,8,5,6,8,624.3962433670761
Phone_4079,Samsung,4500,16,256,108,6.1,Premium,7,9,7,9,1087.6668163620884
Phone_4080,Samsung,3000,4,256,12,6.7,Mid-Range,7,6,7,6,472.90356389272415
Phone_4081,Oppo,4500,8,256,64,6.4,Mid-Range,8,7,6,6,635.3487142119145
Phone_4082,Oppo,3000,8,1024,64,6.5,Mid-Range,7,5,5,5,596.2037052783894
Phone_4083,Oppo,6000,6,256,108,6.5,Mid-Range,7,5,6,8,354.16608775217566
Phone_4084,OnePlus,3000,4,256,48,6.4,Mid-Range,8,7,8,4,643.8405461704463
Phone_4085,Oppo,6000,4,128,48,6.8,Budget,10,5,5,5,119.8906472208537
Phone_4086,Samsung,3000,16,512,64,6.4,Premium,4,7,10,6,1285.615219001812
Phone_4087,Oppo,3000,4,512,48,6.8,Mid-Range,8,8,6,8,609.9972324091291
Phone_4088,Apple,4500,6,512,50,6.5,Mid-Range,7,8,6,5,658.9445718437947
Phone_4089,Oppo,3000,4,1024,108,6.4,Mid-Range,6,5,7,7,598.2575010098615
Phone_4090,OnePlus,6000,12,64,64,6.1,Mid-Range,7,8,8,5,337.6049447252437
Phone_4091,Apple,4500,12,256,48,6.7,Premium,5,7,9,10,863.6168715372448
Phone_4092,Samsung,3000,6,128,48,6.7,Budget,10,4,4,3,261.6430072524092
Phone_4093,Samsung,4500,16,1024,108,6.7,Premium,6,10,9,7,1345.1033724841805
Phone_4094,Xiaomi,5000,8,512,12,6.4,Mid-Range,7,6,7,7,557.7785808754089
Phone_4095,Apple,4500,4,1024,48,6.8,Mid-Range,8,7,6,4,664.903695875304
Phone_4096,Xiaomi,5000,16,128,108,6.5,Mid-Range,7,5,6,5,302.974804211623
Phone_4097,Apple,5000,16,1024,12,6.7,Premium,6,10,9,8,1113.8051040690334
Phone_4098,Apple,4500,4,512,64,6.4,Mid-Range,6,7,5,7,526.5597898371071
Phone_4099,OnePlus,6000,8,64,12,6.7,Mid-Range,7,6,8,8,300.856910456048
Phone_4100,Xiaomi,6000,4,512,48,6.8,Mid-Range,5,7,8,5,549.7657844231777
Phone_4101,OnePlus,6000,8,512,64,6.1,Mid-Range,7,8,6,6,640.3750789798629
Phone_4102,Apple,4000,6,512,64,6.1,Mid-Range,8,6,5,7,321.9631190213148
Phone_4103,Samsung,5000,8,1024,12,6.5,Mid-Range,7,6,6,6,621.6902236427504
Phone_4104,Apple,4500,16,128,64,6.1,Mid-Range,8,8,5,5,691.011884395595
Phone_4105,OnePlus,6000,6,512,12,6.1,Mid-Range,7,5,6,5,668.1150620170097
Phone_4106,Xiaomi,6000,12,1024,12,6.4,Premium,6,9,9,6,983.4110181006049
Phone_4107,Xiaomi,4500,6,128,12,6.4,Budget,8,4,3,2,194.57134475912392
Phone_4108,OnePlus,5000,8,64,108,6.5,Mid-Range,7,6,8,4,608.2546515538061
Phone_4109,Xiaomi,4500,6,512,48,6.5,Mid-Range,5,5,8,7,627.0662694291257
Phone_4110,Oppo,4000,6,256,64,6.4,Mid-Range,7,7,6,6,459.2201788017773
Phone_4111,Samsung,4000,12,1024,50,6.1,Premium,5,9,9,8,728.2574504049874
Phone_4112,Samsung,4500,8,64,48,6.8,Mid-Range,8,8,5,7,395.649301476868
Phone_4113,Samsung,5000,16,64,50,6.1,Mid-Range,6,7,8,4,320.6278219835475
Phone_4114,Xiaomi,6000,6,64,12,6.1,Budget,7,4,4,5,123.244731050584
Phone_4115,Xiaomi,4000,4,1024,64,6.8,Mid-Range,5,8,7,5,423.8304723564663
Phone_4116,Apple,4000,16,128,48,6.5,Mid-Range,6,7,7,6,501.08307060148474
Phone_4117,Apple,5000,6,256,50,6.4,Mid-Range,5,5,7,5,685.076830999744
Phone_4118,Samsung,4000,16,128,50,6.5,Mid-Range,5,5,6,8,325.25933150917047
Phone_4119,Oppo,4000,4,512,50,6.5,Mid-Range,5,6,7,4,649.3946319180282
Phone_4120,Apple,5000,16,256,48,6.5,Premium,6,10,9,8,1031.7576533023223
Phone_4121,Apple,4500,16,128,108,6.4,Mid-Range,6,8,8,6,561.430851231896
Phone_4122,Xiaomi,6000,4,512,12,6.5,Mid-Range,7,8,8,5,437.3042231841156
Phone_4123,Oppo,6000,4,256,64,6.5,Mid-Range,8,6,8,7,340.05897827905505
Phone_4124,Samsung,4000,4,1024,50,6.7,Mid-Range,8,5,5,4,602.7756524150204
Phone_4125,Apple,6000,12,512,48,6.1,Premium,7,8,10,10,1436.1661893933576
Phone_4126,Oppo,4500,4,128,50,6.7,Budget,10,3,5,2,152.59347651802221
Phone_4127,Oppo,4000,16,256,48,6.4,Premium,6,7,9,10,1329.8878809738464
Phone_4128,Samsung,6000,4,512,108,6.8,Mid-Range,8,5,7,6,309.4710129462307
Phone_4129,Oppo,3000,6,512,50,6.8,Mid-Range,6,8,8,4,473.86515706198713
Phone_4130,Oppo,3000,4,1024,50,6.7,Mid-Range,6,6,6,5,525.0651893918847
Phone_4131,Oppo,3000,4,512,64,6.7,Mid-Range,6,7,6,8,443.0805212349218
Phone_4132,Apple,3000,8,256,48,6.7,Mid-Range,6,6,5,7,567.798911006228
Phone_4133,Samsung,3000,16,64,48,6.1,Mid-Range,6,8,6,7,659.6811367440339
Phone_4134,Oppo,4000,16,256,108,6.4,Premium,6,10,10,8,810.9392268991814
Phone_4135,Oppo,5000,6,256,50,6.5,Mid-Range,5,7,8,5,527.7499651689938
Phone_4136,Apple,5000,12,1024,64,6.7,Premium,7,7,8,10,1118.5067338508854
Phone_4137,Samsung,4000,8,1024,12,6.1,Mid-Range,6,5,6,5,343.85235356749547
Phone_4138,Xiaomi,4000,6,512,64,6.8,Mid-Range,6,6,8,4,551.9977889426789
Phone_4139,Apple,4500,6,1024,64,6.8,Mid-Range,5,7,5,8,462.89750703417076
Phone_4140,Samsung,5000,16,512,64,6.8,Premium,5,8,9,9,1453.376767850561
Phone_4141,Oppo,3000,8,64,64,6.7,Mid-Range,5,5,6,8,502.8433986297332
Phone_4142,Samsung,4000,16,128,50,6.8,Mid-Range,5,8,5,4,621.8931585022453
Phone_4143,Samsung,3000,12,1024,64,6.8,Premium,5,8,7,9,1010.411251163607
Phone_4144,Samsung,5000,16,1024,48,6.8,Premium,6,8,7,7,920.1350098251887
Phone_4145,Xiaomi,6000,4,64,48,6.5,Budget,10,5,3,4,275.0241126578379
Phone_4146,Samsung,6000,16,1024,64,6.8,Premium,6,8,8,6,738.4289994337006
Phone_4147,Xiaomi,4000,4,64,48,6.1,Budget,10,4,5,4,212.74782607504233
Phone_4148,Oppo,4500,6,512,50,6.7,Mid-Range,5,6,8,5,627.96799888376
Phone_4149,Xiaomi,3000,12,1024,12,6.5,Premium,4,10,8,8,1382.704531463399
Phone_4150,Oppo,4000,4,1024,64,6.5,Mid-Range,5,8,8,8,485.67021479124867
Phone_4151,Oppo,4500,12,512,48,6.7,Premium,6,9,8,8,891.6191118383349
Phone_4152,Xiaomi,3000,16,1024,48,6.8,Premium,7,10,8,9,1326.1539331947151
Phone_4153,Apple,5000,16,256,50,6.8,Premium,7,9,8,10,1454.5272825212166
Phone_4154,OnePlus,6000,6,64,50,6.4,Budget,8,5,6,2,213.38223956971615
Phone_4155,Samsung,4500,16,128,12,6.8,Mid-Range,5,7,8,6,643.306693648834
Phone_4156,OnePlus,3000,4,256,108,6.1,Mid-Range,8,5,8,8,399.9652961045323
Phone_4157,Samsung,4000,6,128,108,6.8,Budget,8,3,5,2,205.50065507906024
Phone_4158,Samsung,3000,12,256,108,6.7,Premium,7,9,9,7,856.8123548054433
Phone_4159,Oppo,4000,6,256,12,6.8,Mid-Range,6,6,7,6,512.8641036420852
Phone_4160,Samsung,6000,12,256,64,6.7,Premium,7,9,8,10,888.8222292699231
Phone_4161,Samsung,6000,8,64,108,6.5,Mid-Range,8,8,5,7,438.2899618421095
Phone_4162,Xiaomi,3000,4,128,108,6.4,Budget,8,4,6,5,137.3053125093076
Phone_4163,OnePlus,3000,4,512,48,6.5,Mid-Range,8,7,7,4,462.321716718223
Phone_4164,Xiaomi,4000,12,512,48,6.7,Premium,4,8,10,9,1340.446901744865
Phone_4165,Samsung,4000,16,1024,64,6.4,Premium,7,8,9,6,1319.8055142314188
Phone_4166,Oppo,4500,16,64,50,6.5,Mid-Range,5,6,8,7,389.00215257672437
Phone_4167,Xiaomi,4500,8,64,12,6.8,Mid-Range,5,7,5,4,469.62186094232345
Phone_4168,Xiaomi,4500,12,64,108,6.8,Mid-Range,5,7,6,5,386.13682465587243
Phone_4169,Apple,3000,8,256,12,6.4,Mid-Range,7,7,6,4,440.298060341574
Phone_4170,Samsung,4500,12,64,48,6.5,Mid-Range,5,6,7,6,512.9479702381535
Phone_4171,Oppo,3000,8,512,12,6.1,Mid-Range,5,5,7,8,577.4894494041932
Phone_4172,Xiaomi,6000,12,64,48,6.1,Mid-Range,6,6,5,5,553.5699508282047
Phone_4173,Xiaomi,5000,4,256,12,6.1,Mid-Range,5,5,8,8,530.209872167745
Phone_4174,Oppo,6000,8,128,48,6.5,Mid-Range,6,5,7,4,538.2135494466356
Phone_4175,Samsung,3000,8,64,12,6.5,Mid-Range,6,6,5,7,504.37142037851515
Phone_4176,Apple,3000,12,128,108,6.5,Mid-Range,7,6,7,5,545.8455179750413
Phone_4177,Xiaomi,5000,6,1024,108,6.7,Mid-Range,5,7,5,7,450.2075061762054
Phone_4178,Apple,4000,6,256,64,6.1,Mid-Range,8,7,6,6,659.7790845539676
Phone_4179,OnePlus,4000,4,64,12,6.1,Budget,7,3,5,4,101.6954574418301
Phone_4180,Samsung,4000,16,1024,50,6.1,Premium,6,10,8,10,1231.209720221857
Phone_4181,OnePlus,4500,16,1024,64,6.7,Premium,7,10,9,10,976.3964331838138
Phone_4182,OnePlus,4000,4,128,12,6.7,Budget,7,3,3,4,121.27592168927272
Phone_4183,OnePlus,4500,16,512,50,6.5,Premium,7,10,10,6,904.477254128432
Phone_4184,Samsung,4500,12,512,108,6.1,Premium,4,8,9,6,1317.5616547222967
Phone_4185,Samsung,4000,6,512,108,6.1,Mid-Range,5,7,7,8,507.4958525570479
Phone_4186,Oppo,4000,4,512,108,6.8,Mid-Range,8,6,6,6,587.4025043200511
Phone_4187,Apple,5000,12,256,50,6.8,Premium,5,8,10,7,1262.2661152668975
Phone_4188,Apple,5000,4,64,48,6.8,Budget,10,4,5,4,277.2029322973606
Phone_4189,Oppo,4500,6,64,12,6.7,Budget,9,5,3,3,249.61417822268237
Phone_4190,Oppo,5000,16,256,64,6.5,Premium,5,9,8,6,1010.8903196153051
Phone_4191,OnePlus,4500,12,128,64,6.4,Mid-Range,5,5,8,4,484.3418033345595
Phone_4192,Oppo,3000,6,64,108,6.1,Budget,7,4,4,5,220.36525167592333
Phone_4193,Xiaomi,4500,4,1024,48,6.8,Mid-Range,5,5,8,5,638.0051233717702
Phone_4194,Apple,4500,8,64,12,6.1,Mid-Range,7,6,8,4,657.7433591572512
Phone_4195,Oppo,5000,12,256,12,6.1,Premium,7,9,9,10,913.2374729577989
Phone_4196,Xiaomi,3000,4,128,64,6.1,Budget,7,5,4,5,237.94199131442625
Phone_4197,Xiaomi,6000,4,64,64,6.5,Budget,8,3,6,5,267.02534502813785
Phone_4198,Xiaomi,6000,6,256,64,6.1,Mid-Range,5,6,6,8,548.8223746190167
Phone_4199,Xiaomi,6000,4,1024,12,6.5,Mid-Range,6,7,5,6,616.5661029442541
Phone_4200,OnePlus,3000,12,512,64,6.4,Premium,6,9,10,8,1282.3489018881266
Phone_4201,Xiaomi,4000,12,1024,12,6.4,Premium,5,7,8,8,1388.646601104199
Phone_4202,OnePlus,3000,4,1024,108,6.7,Mid-Range,7,7,5,4,699.5929571485971
Phone_4203,OnePlus,5000,6,128,48,6.1,Budget,10,3,5,5,149.60251661782013
Phone_4204,Xiaomi,4500,12,64,64,6.8,Mid-Range,7,8,5,8,588.0426827238553
Phone_4205,Apple,4500,8,512,12,6.7,Mid-Range,5,8,6,8,359.5567717601042
Phone_4206,Xiaomi,5000,16,256,108,6.7,Premium,4,9,8,8,1219.670605711515
Phone_4207,Xiaomi,5000,6,512,50,6.4,Mid-Range,5,5,6,6,429.15519419618386
Phone_4208,Xiaomi,4500,6,64,108,6.8,Budget,7,4,3,5,203.21554300321407
Phone_4209,Apple,4000,16,128,48,6.1,Mid-Range,6,6,5,7,443.8558289429744
Phone_4210,Samsung,4000,16,64,108,6.1,Mid-Range,5,7,7,4,478.05768647618186
Phone_4211,Samsung,4000,12,256,64,6.4,Premium,5,9,10,10,1443.3649668281332
Phone_4212,OnePlus,5000,4,512,64,6.5,Mid-Range,7,7,7,7,386.1483461941007
Phone_4213,OnePlus,4500,4,1024,50,6.4,Mid-Range,8,6,5,7,525.9043733422163
Phone_4214,Apple,4500,8,64,12,6.8,Mid-Range,7,7,6,7,645.50334659898
Phone_4215,Oppo,4500,4,128,108,6.5,Budget,10,6,5,4,220.75530995516945
Phone_4216,Samsung,3000,8,128,50,6.8,Mid-Range,8,6,5,8,306.10925583652187
Phone_4217,OnePlus,3000,8,512,64,6.1,Mid-Range,8,6,6,7,658.5363757752816
Phone_4218,Samsung,6000,6,1024,12,6.5,Mid-Range,7,6,7,5,547.8528505277742
Phone_4219,Apple,3000,6,256,12,6.8,Mid-Range,6,6,7,5,392.17006455967805
Phone_4220,Apple,4000,12,1024,48,6.1,Premium,7,7,7,10,818.6657592940608
Phone_4221,Oppo,4000,16,512,64,6.8,Premium,5,9,9,8,1339.5889365222033
Phone_4222,Oppo,4000,16,1024,12,6.5,Premium,7,8,8,9,1299.6086816197699
Phone_4223,Apple,4000,8,512,48,6.1,Mid-Range,8,5,5,7,593.0401943134761
Phone_4224,OnePlus,6000,16,1024,48,6.8,Premium,7,10,8,6,1069.97046424309
Phone_4225,Samsung,4000,8,64,64,6.7,Mid-Range,8,7,6,7,616.0162066990232
Phone_4226,Xiaomi,5000,16,128,12,6.5,Mid-Range,5,8,5,4,628.426568832692
Phone_4227,Oppo,5000,12,512,12,6.5,Premium,4,9,9,10,1069.0345636894253
Phone_4228,Xiaomi,5000,6,512,108,6.5,Mid-Range,6,8,6,7,660.3846184223171
Phone_4229,OnePlus,3000,6,128,12,6.1,Budget,9,4,4,5,123.5662285947581
Phone_4230,Oppo,4500,8,256,48,6.5,Mid-Range,6,6,7,4,364.0662193047254
Phone_4231,Xiaomi,6000,16,512,50,6.8,Premium,6,10,10,10,779.595685361712
Phone_4232,OnePlus,5000,4,64,64,6.7,Budget,9,3,6,3,188.8959562609713
Phone_4233,Samsung,5000,12,1024,50,6.8,Premium,5,10,10,9,770.4257357779638
Phone_4234,OnePlus,4000,16,64,12,6.8,Mid-Range,6,5,7,7,404.97585929521824
Phone_4235,Oppo,5000,4,512,48,6.5,Mid-Range,5,5,5,5,541.908800339143
Phone_4236,Apple,4000,12,256,50,6.7,Premium,4,7,7,8,730.2646028495053
Phone_4237,Samsung,4000,12,512,64,6.7,Premium,4,7,8,10,1337.3075724351543
Phone_4238,Xiaomi,4500,6,256,108,6.7,Mid-Range,5,8,6,8,479.6504175132631
Phone_4239,Oppo,3000,8,128,50,6.7,Mid-Range,5,7,7,8,608.5881771957094
Phone_4240,Apple,4000,16,1024,108,6.4,Premium,6,7,10,10,996.2956037761141
Phone_4241,OnePlus,4000,12,64,12,6.7,Mid-Range,7,5,6,5,305.42012928027196
Phone_4242,Apple,4500,16,256,12,6.5,Premium,7,7,9,8,1385.6809726425945
Phone_4243,Oppo,4000,12,64,64,6.7,Mid-Range,7,6,6,8,538.9485395720213
Phone_4244,Oppo,6000,6,128,108,6.8,Budget,8,3,3,3,147.48601670551727
Phone_4245,Apple,3000,8,512,108,6.4,Mid-Range,5,8,5,4,364.07882603555663
Phone_4246,OnePlus,6000,4,256,64,6.8,Mid-Range,5,7,5,8,596.7150740275065
Phone_4247,Apple,5000,4,1024,50,6.5,Mid-Range,5,5,7,5,457.118388925408
Phone_4248,Oppo,3000,6,256,64,6.5,Mid-Range,7,6,7,8,393.8500371425643
Phone_4249,Oppo,5000,12,512,12,6.7,Premium,6,9,8,8,925.1789369086271
Phone_4250,Xiaomi,4000,6,512,108,6.5,Mid-Range,8,5,7,6,422.81201644201565
Phone_4251,Xiaomi,4500,8,1024,48,6.4,Mid-Range,6,6,8,5,379.36622246522575
Phone_4252,Samsung,6000,4,1024,48,6.8,Mid-Range,8,8,7,4,424.81861611246865
Phone_4253,Oppo,5000,16,128,12,6.5,Mid-Range,6,8,5,8,372.4210919728089
Phone_4254,Xiaomi,4000,4,64,108,6.5,Budget,9,5,4,5,222.228718406694
Phone_4255,Apple,6000,8,256,108,6.4,Mid-Range,5,7,8,6,372.82805380019886
Phone_4256,OnePlus,6000,12,128,64,6.1,Mid-Range,7,8,6,4,586.6672511545402
Phone_4257,Apple,5000,6,64,50,6.1,Budget,8,3,4,4,152.49841808758947
Phone_4258,OnePlus,4000,4,128,64,6.4,Budget,10,3,4,4,224.97690583792541
Phone_4259,Xiaomi,4500,4,1024,48,6.5,Mid-Range,7,8,8,4,437.0079567714605
Phone_4260,Samsung,5000,16,1024,108,6.4,Premium,5,9,7,6,950.3702761812772
Phone_4261,Apple,6000,6,512,50,6.4,Mid-Range,7,6,5,7,665.5264794647965
Phone_4262,Apple,6000,16,256,64,6.1,Premium,6,9,9,7,1117.0382876438368
Phone_4263,Apple,3000,16,256,50,6.7,Premium,4,7,9,10,1060.7317629113095
Phone_4264,OnePlus,4000,12,256,48,6.5,Premium,6,10,7,7,875.6080613119276
Phone_4265,Xiaomi,3000,4,128,50,6.8,Budget,8,5,6,2,140.23355682034233
Phone_4266,Apple,4500,6,128,108,6.4,Budget,7,6,6,2,156.26175918634505
Phone_4267,Apple,5000,12,256,50,6.1,Premium,6,7,10,10,958.3359564351695
Phone_4268,Samsung,6000,12,512,50,6.7,Premium,7,8,7,8,1488.8225440874135
Phone_4269,Samsung,4000,12,64,64,6.5,Mid-Range,7,5,5,8,568.6604859234046
Phone_4270,Xiaomi,6000,8,128,50,6.4,Mid-Range,7,7,5,8,404.3054018833168
Phone_4271,Xiaomi,3000,8,256,50,6.1,Mid-Range,8,5,8,8,556.9759091260394
Phone_4272,Oppo,3000,12,1024,48,6.4,Premium,5,7,8,10,1131.0596000550381
Phone_4273,Samsung,5000,8,128,50,6.8,Mid-Range,7,5,6,4,591.2549810621626
Phone_4274,Oppo,4000,6,64,64,6.5,Budget,7,5,5,3,119.02860862457447
Phone_4275,OnePlus,4000,4,128,64,6.5,Budget,7,3,5,3,168.55178133315883
Phone_4276,Oppo,5000,6,64,108,6.5,Budget,7,4,4,3,204.73841779884555
Phone_4277,Apple,3000,4,64,48,6.5,Budget,9,6,5,2,140.161508002472
Phone_4278,Oppo,3000,8,128,12,6.1,Mid-Range,6,6,6,8,317.67307470093533
Phone_4279,Xiaomi,3000,6,64,108,6.8,Budget,7,4,4,3,217.28375603351378
Phone_4280,OnePlus,6000,16,128,50,6.4,Mid-Range,5,6,6,6,540.5309850819235
Phone_4281,Apple,4500,12,128,48,6.1,Mid-Range,6,7,6,6,513.828399901079
Phone_4282,Oppo,3000,4,512,108,6.7,Mid-Range,7,5,6,5,395.794260512695
Phone_4283,OnePlus,4500,4,1024,64,6.5,Mid-Range,7,5,8,6,573.6944727764574
Phone_4284,OnePlus,4500,16,64,48,6.5,Mid-Range,8,7,7,5,697.8923814299276
Phone_4285,Apple,4000,16,128,48,6.4,Mid-Range,7,7,5,4,432.0116496533641
Phone_4286,Oppo,5000,12,64,50,6.5,Mid-Range,8,6,5,8,619.8320119558207
Phone_4287,OnePlus,6000,8,128,48,6.5,Mid-Range,6,7,5,5,416.4491761833807
Phone_4288,OnePlus,4500,6,128,48,6.4,Budget,10,4,4,4,283.3121098171037
Phone_4289,Samsung,6000,6,128,12,6.8,Budget,10,3,4,3,239.7674210495772
Phone_4290,OnePlus,4000,6,1024,50,6.1,Mid-Range,5,5,5,4,505.1138815676528
Phone_4291,Samsung,3000,8,64,48,6.8,Mid-Range,8,6,7,4,483.7203061681993
Phone_4292,Oppo,4500,12,1024,48,6.4,Premium,6,9,9,9,868.354531913054
Phone_4293,Oppo,5000,6,1024,12,6.5,Mid-Range,5,7,7,4,452.7222252392277
Phone_4294,Oppo,4000,4,1024,12,6.5,Mid-Range,8,5,5,8,325.0889659628996
Phone_4295,Xiaomi,6000,4,1024,64,6.8,Mid-Range,5,6,7,5,480.25026401411617
Phone_4296,Oppo,3000,4,512,50,6.7,Mid-Range,8,7,5,8,692.0685203511125
Phone_4297,OnePlus,6000,16,64,12,6.1,Mid-Range,5,8,7,7,417.1907640485372
Phone_4298,Apple,5000,16,64,48,6.5,Mid-Range,8,7,8,7,506.2558867692517
Phone_4299,Samsung,4500,8,128,12,6.4,Mid-Range,6,7,5,7,352.0785344144154
Phone_4300,Xiaomi,5000,6,64,108,6.8,Budget,9,5,6,4,264.94288634920133
Phone_4301,Oppo,6000,16,1024,64,6.1,Premium,7,10,10,6,764.6888219608408
Phone_4302,Oppo,6000,4,256,64,6.7,Mid-Range,7,5,6,5,495.894992264608
Phone_4303,Apple,5000,16,64,50,6.5,Mid-Range,8,5,8,7,580.5635841116641
Phone_4304,Apple,5000,4,256,64,6.8,Mid-Range,8,8,8,6,482.6770797760423
Phone_4305,Xiaomi,5000,6,512,50,6.5,Mid-Range,7,6,5,4,309.7541578462023
Phone_4306,Samsung,3000,8,128,108,6.8,Mid-Range,8,8,8,4,408.3835466585708
Phone_4307,Oppo,6000,12,128,48,6.7,Mid-Range,6,6,5,4,309.90931899724364
Phone_4308,Xiaomi,4000,12,128,108,6.4,Mid-Range,6,7,7,6,667.17669331074
Phone_4309,OnePlus,3000,4,512,50,6.4,Mid-Range,8,8,8,4,311.61403622234377
Phone_4310,OnePlus,3000,16,1024,50,6.1,Premium,6,9,10,9,938.7092896314534
Phone_4311,Xiaomi,3000,16,256,50,6.5,Premium,4,7,7,8,787.4581265038244
Phone_4312,Oppo,4000,4,64,48,6.5,Budget,7,6,5,2,172.05973264394214
Phone_4313,Xiaomi,5000,6,1024,50,6.5,Mid-Range,8,6,8,4,443.18273513860026
Phone_4314,Oppo,6000,4,128,108,6.4,Budget,10,4,3,5,108.19688810572461
Phone_4315,Apple,4500,6,128,48,6.1,Budget,9,6,5,5,209.67236711651412
Phone_4316,Xiaomi,4500,8,1024,108,6.4,Mid-Range,8,6,6,5,580.0882029359211
Phone_4317,Oppo,6000,8,256,48,6.8,Mid-Range,7,8,8,6,458.54881811058226
Phone_4318,Xiaomi,4000,4,1024,50,6.5,Mid-Range,8,6,8,6,570.7627948168056
Phone_4319,Xiaomi,4500,8,512,48,6.8,Mid-Range,7,5,8,8,409.83477001879606
Phone_4320,Oppo,3000,16,128,12,6.7,Mid-Range,8,5,8,6,511.147121587357
Phone_4321,Oppo,4500,6,256,108,6.8,Mid-Range,7,5,5,8,652.2033304581405
Phone_4322,Samsung,6000,12,64,12,6.8,Mid-Range,6,5,5,4,343.0724276004673
Phone_4323,Xiaomi,3000,12,128,12,6.8,Mid-Range,6,6,8,6,638.7574572361343
Phone_4324,OnePlus,4500,8,1024,50,6.4,Mid-Range,5,5,7,4,615.4193466787353
Phone_4325,Xiaomi,6000,6,256,50,6.8,Mid-Range,7,5,5,8,679.6403516402113
Phone_4326,Xiaomi,4000,16,128,12,6.5,Mid-Range,7,7,8,6,505.5107198498088
Phone_4327,Oppo,6000,12,64,48,6.1,Mid-Range,7,7,6,7,409.9643891823879
Phone_4328,Xiaomi,4000,16,64,50,6.7,Mid-Range,7,5,6,5,441.2397377350069
Phone_4329,Xiaomi,3000,16,1024,108,6.5,Premium,5,10,9,9,1455.9324078227594
Phone_4330,OnePlus,6000,12,512,12,6.1,Premium,4,9,9,8,1358.6878008880713
Phone_4331,Oppo,5000,12,1024,108,6.5,Premium,5,9,10,7,1443.9673109848115
Phone_4332,Xiaomi,5000,8,256,108,6.8,Mid-Range,8,6,6,7,590.5731926363915
Phone_4333,Apple,5000,6,1024,108,6.7,Mid-Range,5,8,5,5,529.4988935909151
Phone_4334,Samsung,5000,4,256,12,6.5,Mid-Range,5,5,6,7,325.1009099937862
Phone_4335,OnePlus,5000,6,512,64,6.7,Mid-Range,6,6,5,5,498.74171952255415
Phone_4336,Xiaomi,4000,4,1024,50,6.4,Mid-Range,8,5,8,5,509.6867323593308
Phone_4337,Apple,6000,12,64,108,6.4,Mid-Range,8,8,6,6,580.3224991315885
Phone_4338,Xiaomi,3000,16,256,12,6.8,Premium,6,9,9,9,944.0517577003714
Phone_4339,Xiaomi,5000,6,256,64,6.8,Mid-Range,5,7,6,8,471.36126056700243
Phone_4340,Oppo,5000,16,64,12,6.4,Mid-Range,6,6,7,7,654.6465442494612
Phone_4341,Oppo,3000,6,1024,50,6.5,Mid-Range,6,6,5,7,310.05939679726197
Phone_4342,Oppo,3000,6,512,12,6.1,Mid-Range,8,8,8,8,568.9640958591433
Phone_4343,Apple,5000,16,128,48,6.1,Mid-Range,8,8,7,4,389.27286413962327
Phone_4344,Xiaomi,4000,8,1024,48,6.4,Mid-Range,5,8,6,6,454.9942069496502
Phone_4345,Samsung,3000,12,1024,108,6.1,Premium,6,8,10,6,723.571899666216
Phone_4346,OnePlus,6000,8,256,12,6.5,Mid-Range,8,5,5,6,445.0110559869492
Phone_4347,Oppo,6000,8,256,12,6.1,Mid-Range,6,6,5,8,518.1804991720898
Phone_4348,Oppo,4000,6,512,108,6.1,Mid-Range,5,6,6,5,335.85658226507445
Phone_4349,Xiaomi,4500,12,512,108,6.4,Premium,6,7,10,8,770.5361173469977
Phone_4350,Xiaomi,4000,6,512,64,6.7,Mid-Range,7,6,6,5,356.6603240919391
Phone_4351,Apple,5000,4,64,12,6.7,Budget,8,5,4,2,109.66820008671516
Phone_4352,Apple,4500,6,128,50,6.5,Budget,7,4,4,4,150.49682332797448
Phone_4353,Oppo,5000,16,128,50,6.7,Mid-Range,5,5,7,6,405.83067467693553
Phone_4354,Xiaomi,6000,6,512,50,6.8,Mid-Range,7,8,5,8,699.8492864777736
Phone_4355,Samsung,3000,4,256,108,6.4,Mid-Range,5,7,7,4,361.3097550904378
Phone_4356,OnePlus,5000,6,128,108,6.7,Budget,9,3,5,4,206.3569272660547
Phone_4357,Xiaomi,6000,4,1024,108,6.1,Mid-Range,6,6,6,6,314.3044039478579
Phone_4358,Xiaomi,4000,12,64,50,6.7,Mid-Range,6,5,5,6,638.7349903839462
Phone_4359,Apple,5000,6,256,64,6.4,Mid-Range,6,8,7,8,490.79717950324203
Phone_4360,OnePlus,6000,4,64,48,6.1,Budget,10,4,6,5,221.87620565472753
Phone_4361,Oppo,3000,12,1024,12,6.1,Premium,4,8,8,8,1101.0425052774658
Phone_4362,Xiaomi,5000,16,128,48,6.4,Mid-Range,6,6,7,8,529.0537268548344
Phone_4363,Oppo,6000,8,64,12,6.5,Mid-Range,5,5,6,6,448.6266552896223
Phone_4364,Xiaomi,5000,4,64,108,6.5,Budget,9,6,3,3,235.42295114959597
Phone_4365,Oppo,3000,16,64,50,6.4,Mid-Range,7,6,8,6,633.0192276800351
Phone_4366,OnePlus,5000,12,1024,48,6.4,Premium,6,10,7,6,951.2936514509289
Phone_4367,Apple,5000,16,256,108,6.4,Premium,5,8,9,10,958.9483427799131
Phone_4368,OnePlus,6000,6,256,12,6.1,Mid-Range,6,5,6,7,357.1576181284431
Phone_4369,Samsung,4500,8,1024,48,6.1,Mid-Range,8,6,8,4,658.4991283778371
Phone_4370,Apple,5000,4,64,48,6.4,Budget,8,6,4,2,139.38599803560638
Phone_4371,OnePlus,4500,12,64,48,6.1,Mid-Range,5,6,6,8,349.4083829135728
Phone_4372,Samsung,4000,8,512,48,6.8,Mid-Range,6,6,6,6,326.48857060331886
Phone_4373,Xiaomi,5000,12,128,48,6.4,Mid-Range,5,7,7,6,600.3122077866598
Phone_4374,Xiaomi,4500,16,128,108,6.1,Mid-Range,8,7,6,6,569.9984188973623
Phone_4375,Oppo,4000,12,256,12,6.5,Premium,7,10,9,6,1194.2550314480684
Phone_4376,Apple,6000,12,1024,12,6.4,Premium,5,8,7,7,908.9958168698339
Phone_4377,Xiaomi,5000,16,64,64,6.4,Mid-Range,8,8,6,4,361.078222814588
Phone_4378,Apple,6000,16,128,50,6.4,Mid-Range,6,7,8,7,453.42885073056874
Phone_4379,Xiaomi,4000,8,1024,48,6.7,Mid-Range,7,8,5,7,613.1473511220545
Phone_4380,Oppo,6000,4,1024,12,6.4,Mid-Range,6,6,6,8,391.13435762771127
Phone_4381,OnePlus,6000,16,64,50,6.5,Mid-Range,8,6,8,4,311.08596842814853
Phone_4382,Oppo,3000,8,1024,50,6.1,Mid-Range,7,5,6,4,377.3348263497671
Phone_4383,Samsung,4000,12,128,108,6.4,Mid-Range,6,5,6,6,460.1979641522564
Phone_4384,Xiaomi,6000,12,512,48,6.8,Premium,6,10,10,10,1435.8659650346863
Phone_4385,Samsung,4500,6,128,64,6.1,Budget,9,4,5,4,150.80040125781977
Phone_4386,Samsung,4000,16,512,50,6.5,Premium,6,9,8,10,1013.8033109824007
Phone_4387,Apple,3000,8,1024,108,6.7,Mid-Range,8,8,8,7,396.2012663775904
Phone_4388,Xiaomi,5000,8,128,48,6.5,Mid-Range,6,5,5,4,407.4490192613231
Phone_4389,Samsung,6000,4,64,12,6.7,Budget,9,5,3,3,278.17589321742605
Phone_4390,OnePlus,4500,8,1024,64,6.1,Mid-Range,8,6,5,5,601.0061865864632
Phone_4391,Samsung,3000,16,64,48,6.7,Mid-Range,5,7,8,7,683.7475893932069
Phone_4392,OnePlus,4000,8,512,108,6.1,Mid-Range,8,8,7,5,420.2205938297915
Phone_4393,Apple,6000,6,256,108,6.5,Mid-Range,5,6,8,6,664.4284431620911
Phone_4394,Samsung,3000,12,256,108,6.5,Premium,7,8,7,7,908.6342241835343
Phone_4395,Oppo,3000,12,512,108,6.7,Premium,7,10,10,9,1070.4348951359414
Phone_4396,Apple,4500,8,256,108,6.8,Mid-Range,6,5,6,8,616.9974000985067
Phone_4397,OnePlus,5000,8,1024,64,6.5,Mid-Range,8,5,7,8,491.44566494021507
Phone_4398,Apple,5000,8,1024,50,6.7,Mid-Range,5,8,5,8,330.7423771829824
Phone_4399,Samsung,5000,8,128,50,6.4,Mid-Range,6,8,5,8,328.44242701911475
Phone_4400,Xiaomi,4000,6,1024,12,6.1,Mid-Range,6,6,7,5,305.44740696445984
Phone_4401,Xiaomi,3000,16,256,50,6.4,Premium,5,9,7,7,993.0440564570308
Phone_4402,OnePlus,4000,6,64,108,6.4,Budget,7,5,4,3,283.30863700462805
Phone_4403,OnePlus,3000,6,128,50,6.4,Budget,9,4,3,3,114.42954161296979
Phone_4404,Xiaomi,4500,6,64,50,6.7,Budget,8,4,3,2,150.94190651049803
Phone_4405,OnePlus,4500,12,256,108,6.5,Premium,7,8,7,8,1070.0725852700555
Phone_4406,Apple,4000,6,64,64,6.4,Budget,9,4,5,2,255.03013869678657
Phone_4407,Oppo,4000,8,256,108,6.7,Mid-Range,6,6,6,7,691.4001780822294
Phone_4408,Oppo,4500,6,1024,50,6.5,Mid-Range,8,8,6,7,577.1886082148278
Phone_4409,Apple,6000,8,128,50,6.1,Mid-Range,7,5,7,4,449.61431731897255
Phone_4410,Oppo,5000,16,512,12,6.5,Premium,7,7,7,10,1462.943025882809
Phone_4411,Samsung,5000,12,256,108,6.5,Premium,7,10,7,7,1395.438152718551
Phone_4412,Apple,4500,16,1024,12,6.4,Premium,5,8,8,8,1320.245271405725
Phone_4413,OnePlus,5000,16,64,12,6.7,Mid-Range,7,6,8,5,467.7683769683424
Phone_4414,Apple,6000,12,1024,48,6.8,Premium,4,7,10,10,1486.243574170691
Phone_4415,Xiaomi,6000,8,64,12,6.1,Mid-Range,6,6,8,7,634.7208742390512
Phone_4416,OnePlus,3000,8,64,50,6.7,Mid-Range,7,5,5,6,685.5456570622375
Phone_4417,Xiaomi,4000,8,64,50,6.4,Mid-Range,5,8,5,6,301.757340663998
Phone_4418,OnePlus,5000,12,64,48,6.7,Mid-Range,7,5,7,4,696.0973036005996
Phone_4419,Oppo,6000,6,128,48,6.8,Budget,7,4,4,2,100.37686899016612
Phone_4420,Apple,4000,4,64,108,6.1,Budget,9,5,4,2,291.9968790060035
Phone_4421,Samsung,4000,6,128,48,6.5,Budget,7,4,3,3,207.06332038935693
Phone_4422,OnePlus,3000,6,512,64,6.1,Mid-Range,5,7,6,8,524.4454436863964
Phone_4423,OnePlus,4000,16,128,50,6.8,Mid-Range,5,6,8,7,520.6853992734588
Phone_4424,Xiaomi,4000,4,64,50,6.1,Budget,7,3,3,5,186.63091982067527
Phone_4425,Oppo,4500,8,512,48,6.1,Mid-Range,6,8,7,8,441.1325932987214
Phone_4426,Xiaomi,3000,6,1024,48,6.4,Mid-Range,6,6,8,4,366.3213609936761
Phone_4427,Xiaomi,3000,12,128,50,6.5,Mid-Range,6,5,8,5,326.566027754011
Phone_4428,Oppo,5000,6,1024,48,6.8,Mid-Range,7,8,8,6,652.4404741479132
Phone_4429,Samsung,4000,8,512,108,6.4,Mid-Range,8,7,7,7,518.9310177473183
Phone_4430,Xiaomi,5000,6,128,48,6.1,Budget,9,5,6,5,211.95840291357715
Phone_4431,Xiaomi,6000,16,64,48,6.1,Mid-Range,7,5,8,7,432.82087345338897
Phone_4432,OnePlus,4000,16,128,108,6.7,Mid-Range,5,8,5,5,622.8034167501553
Phone_4433,Oppo,6000,6,64,108,6.4,Budget,10,5,5,3,136.37388947895977
Phone_4434,Apple,4500,16,256,108,6.8,Premium,6,8,9,7,1290.2928709274734
Phone_4435,Samsung,4000,12,128,50,6.8,Mid-Range,7,8,6,6,434.76177132784596
Phone_4436,Samsung,5000,4,128,48,6.8,Budget,7,3,4,2,257.98815621046515
Phone_4437,Oppo,5000,6,1024,108,6.8,Mid-Range,5,7,7,7,650.3553889546688
Phone_4438,OnePlus,4000,12,1024,108,6.1,Premium,6,8,10,8,1231.7855011266333
Phone_4439,OnePlus,5000,12,512,50,6.1,Premium,7,10,9,8,746.9259621755812
Phone_4440,Oppo,4000,12,64,64,6.4,Mid-Range,5,8,7,5,682.6372996748568
Phone_4441,OnePlus,3000,8,1024,48,6.5,Mid-Range,6,8,5,4,499.67140430344114
Phone_4442,Samsung,5000,6,512,64,6.8,Mid-Range,7,6,6,7,361.56618228390727
Phone_4443,Samsung,4000,6,64,64,6.1,Budget,7,4,6,3,195.6313085733732
Phone_4444,Apple,4000,6,64,108,6.4,Budget,9,3,3,4,274.94302209580906
Phone_4445,Oppo,5000,4,64,50,6.8,Budget,9,3,6,5,131.9665470333278
Phone_4446,Xiaomi,3000,12,256,48,6.5,Premium,5,10,7,9,1220.2111529580166
Phone_4447,Xiaomi,5000,6,64,48,6.8,Budget,9,3,4,2,186.12376109988722
Phone_4448,Apple,4000,16,512,48,6.7,Premium,4,10,10,9,1245.0755939604167
Phone_4449,Apple,3000,8,64,64,6.8,Mid-Range,6,6,6,5,672.490147507423
Phone_4450,OnePlus,6000,4,64,12,6.7,Budget,9,3,6,2,231.99326137658485
Phone_4451,Apple,4500,8,512,50,6.5,Mid-Range,5,5,8,8,630.8160841668715
Phone_4452,Apple,5000,12,128,12,6.7,Mid-Range,7,8,7,8,358.9298443355771
Phone_4453,Xiaomi,4000,16,64,64,6.5,Mid-Range,5,5,7,8,667.8403506678997
Phone_4454,OnePlus,3000,12,512,108,6.4,Premium,5,9,8,7,913.4908593428056
Phone_4455,Apple,3000,6,1024,12,6.7,Mid-Range,6,7,8,4,343.672552160775
Phone_4456,Apple,6000,8,512,12,6.8,Mid-Range,5,8,6,7,380.9699250784738
Phone_4457,OnePlus,5000,16,256,50,6.8,Premium,7,10,10,10,1413.1511776553434
Phone_4458,Oppo,3000,8,1024,64,6.4,Mid-Range,7,5,8,6,503.0265759908605
Phone_4459,OnePlus,6000,4,128,50,6.1,Budget,7,4,4,5,183.42481855952076
Phone_4460,Xiaomi,4000,16,128,108,6.5,Mid-Range,6,7,8,5,323.3087766847602
Phone_4461,Oppo,6000,4,512,48,6.1,Mid-Range,7,5,5,6,333.61591656541384
Phone_4462,Samsung,5000,16,512,64,6.1,Premium,5,9,9,8,1088.3112942714824
Phone_4463,OnePlus,6000,6,64,108,6.4,Budget,7,3,3,3,217.1321071272109
Phone_4464,Xiaomi,3000,8,64,108,6.4,Mid-Range,8,5,5,6,646.8026040132322
Phone_4465,Oppo,3000,8,256,12,6.7,Mid-Range,6,7,7,6,501.1239537882303
Phone_4466,OnePlus,4500,12,64,50,6.7,Mid-Range,7,5,6,4,431.4294400861511
Phone_4467,Apple,6000,16,512,12,6.7,Premium,7,9,7,7,787.5722459670578
Phone_4468,OnePlus,4000,16,512,12,6.7,Premium,7,7,7,7,913.6065991657101
Phone_4469,Samsung,5000,4,64,48,6.7,Budget,10,6,5,4,293.6324542634167
Phone_4470,OnePlus,4500,16,256,50,6.8,Premium,7,9,8,6,1062.7284007938235
Phone_4471,Oppo,6000,8,512,48,6.4,Mid-Range,8,7,6,5,557.0241092537207
Phone_4472,Oppo,4000,16,256,108,6.5,Premium,5,10,9,7,777.4029115771159
Phone_4473,OnePlus,4500,12,512,48,6.5,Premium,6,7,8,7,975.4472863356707
Phone_4474,Oppo,3000,12,256,108,6.5,Premium,6,9,9,10,763.3741497888091
Phone_4475,Apple,5000,8,256,12,6.5,Mid-Range,8,7,6,4,678.367900646187
Phone_4476,OnePlus,6000,8,256,48,6.5,Mid-Range,7,7,6,4,655.5595138589313
Phone_4477,Apple,4000,8,64,50,6.8,Mid-Range,7,8,5,5,373.85440911857654
Phone_4478,Apple,3000,16,128,48,6.4,Mid-Range,5,5,6,7,690.8691567259764
Phone_4479,Xiaomi,4500,16,256,108,6.7,Premium,4,8,9,6,1293.0388953156726
Phone_4480,OnePlus,5000,6,256,64,6.7,Mid-Range,8,5,8,8,556.302809392924
Phone_4481,Oppo,4500,4,512,50,6.7,Mid-Range,5,8,8,5,677.0682445895844
Phone_4482,Apple,4500,16,128,108,6.4,Mid-Range,5,8,7,7,452.43490917819895
Phone_4483,Xiaomi,4000,6,512,64,6.4,Mid-Range,7,5,6,8,672.5475969078412
Phone_4484,OnePlus,3000,6,512,50,6.8,Mid-Range,6,8,6,6,542.2738010503683
Phone_4485,OnePlus,6000,12,256,64,6.8,Premium,4,9,8,9,898.4388375500073
Phone_4486,Samsung,4000,16,1024,12,6.7,Premium,7,7,9,9,975.7179730907261
Phone_4487,Samsung,5000,6,128,12,6.4,Budget,7,3,5,5,229.4562955094834
Phone_4488,Apple,4500,12,512,48,6.7,Premium,6,8,9,6,1324.1098393936122
Phone_4489,Samsung,5000,4,1024,48,6.8,Mid-Range,7,5,8,5,692.2417215957398
Phone_4490,Apple,4000,12,1024,48,6.7,Premium,7,9,10,6,1102.6048663185888
Phone_4491,Oppo,4000,4,512,48,6.8,Mid-Range,8,6,5,4,665.5296125368868
Phone_4492,Apple,6000,8,256,64,6.1,Mid-Range,5,6,8,6,562.9692419515269
Phone_4493,Samsung,4500,8,64,50,6.5,Mid-Range,5,7,8,5,663.9665984598937
Phone_4494,Oppo,4000,12,512,50,6.1,Premium,4,7,9,8,738.1993369493678
Phone_4495,Samsung,5000,8,256,48,6.7,Mid-Range,7,7,8,7,631.5994934595097
Phone_4496,Apple,6000,16,128,12,6.7,Mid-Range,8,7,7,6,546.3952429249476
Phone_4497,Xiaomi,5000,12,256,108,6.4,Premium,5,9,10,10,1286.589988629514
Phone_4498,OnePlus,4500,6,1024,48,6.5,Mid-Range,8,7,6,8,430.00895065500663
Phone_4499,Samsung,6000,16,128,48,6.8,Mid-Range,5,5,8,8,666.9204649895685
Phone_4500,Apple,6000,12,128,12,6.7,Mid-Range,7,7,8,7,669.6963485705696
Phone_4501,Oppo,6000,4,64,108,6.8,Budget,8,4,3,5,153.07097721399055
Phone_4502,Samsung,3000,8,64,64,6.8,Mid-Range,8,6,6,7,460.1259500662887
Phone_4503,Samsung,6000,8,512,64,6.8,Mid-Range,5,6,5,7,530.0776360006613
Phone_4504,OnePlus,5000,8,256,108,6.1,Mid-Range,6,8,8,8,380.07376015410296
Phone_4505,Apple,5000,12,512,108,6.8,Premium,4,9,8,9,744.7970124277632
Phone_4506,Xiaomi,4500,16,64,64,6.4,Mid-Range,6,5,6,6,658.7283179631145
Phone_4507,Oppo,4000,4,1024,48,6.1,Mid-Range,8,8,8,8,446.07039956269364
Phone_4508,Apple,4000,8,64,48,6.1,Mid-Range,8,5,7,8,594.4195184616276
Phone_4509,Oppo,3000,16,256,12,6.7,Premium,4,8,8,6,1153.645685986889
Phone_4510,Samsung,6000,6,1024,108,6.5,Mid-Range,7,6,8,5,404.55605050148483
Phone_4511,OnePlus,3000,6,512,48,6.5,Mid-Range,6,7,7,5,512.7061524691462
Phone_4512,OnePlus,4500,4,512,48,6.7,Mid-Range,7,5,7,6,641.036464647178
Phone_4513,Xiaomi,4500,8,64,12,6.5,Mid-Range,8,8,8,8,521.9675542563804
Phone_4514,OnePlus,4000,6,64,108,6.8,Budget,9,5,6,2,210.47257036670527
Phone_4515,Samsung,4500,16,512,12,6.4,Premium,6,9,9,10,894.6976924789011
Phone_4516,Xiaomi,6000,16,512,12,6.8,Premium,7,10,7,8,1276.0754934601862
Phone_4517,Apple,5000,6,128,64,6.5,Budget,9,3,3,3,211.36799540145108
Phone_4518,OnePlus,4500,8,256,12,6.5,Mid-Range,5,7,5,8,345.9839929578727
Phone_4519,Xiaomi,3000,4,128,108,6.4,Budget,7,3,5,2,150.76138109178592
Phone_4520,Samsung,6000,8,128,48,6.1,Mid-Range,5,8,6,7,624.5770587621707
Phone_4521,Oppo,4500,12,512,48,6.1,Premium,5,10,7,10,877.4316390983186
Phone_4522,Oppo,4500,6,256,64,6.4,Mid-Range,7,7,8,7,374.10509907830743
Phone_4523,Samsung,6000,12,512,108,6.1,Premium,4,10,8,6,1105.8800757956185
Phone_4524,Samsung,4500,6,128,48,6.5,Budget,9,5,4,4,150.2358049338144
Phone_4525,Oppo,5000,4,128,12,6.1,Budget,10,3,5,5,188.87846126148537
Phone_4526,Xiaomi,4000,8,512,50,6.5,Mid-Range,5,5,6,8,437.76102373909316
Phone_4527,Oppo,6000,8,64,50,6.7,Mid-Range,5,5,5,8,377.74793935268644
Phone_4528,Samsung,3000,6,64,50,6.8,Budget,7,4,4,3,102.74986986610588
Phone_4529,OnePlus,4500,16,512,50,6.1,Premium,4,10,10,10,958.4591130956036
Phone_4530,Apple,4000,12,1024,12,6.7,Premium,6,9,9,8,857.2000077946402
Phone_4531,OnePlus,3000,8,1024,48,6.1,Mid-Range,6,8,5,7,383.12920174326985
Phone_4532,OnePlus,3000,8,64,64,6.7,Mid-Range,6,7,7,7,323.4407983572058
Phone_4533,Samsung,5000,6,256,12,6.4,Mid-Range,6,6,8,5,664.3474479680207
Phone_4534,Oppo,4000,16,128,48,6.7,Mid-Range,8,7,7,6,433.2849268129763
Phone_4535,Xiaomi,6000,12,256,108,6.5,Premium,4,8,8,6,1117.4418716905425
Phone_4536,OnePlus,4000,16,64,48,6.4,Mid-Range,6,6,5,5,340.3968667285528
Phone_4537,Oppo,4000,16,512,48,6.4,Premium,7,8,7,6,1015.016984202152
Phone_4538,Xiaomi,3000,6,1024,48,6.5,Mid-Range,7,8,7,7,389.0251206694814
Phone_4539,OnePlus,5000,16,64,12,6.1,Mid-Range,8,7,6,7,636.1514001048295
Phone_4540,Xiaomi,5000,12,256,48,6.4,Premium,6,9,9,8,1489.680767040788
Phone_4541,Oppo,4000,4,256,48,6.1,Mid-Range,7,6,5,5,565.3223953999818
Phone_4542,Apple,4000,4,64,108,6.8,Budget,7,6,6,4,222.83699651663164
Phone_4543,Oppo,4500,12,128,108,6.7,Mid-Range,6,7,6,7,417.48727530595954
Phone_4544,Samsung,3000,6,256,50,6.7,Mid-Range,6,7,7,7,481.4595171928454
Phone_4545,Xiaomi,6000,8,128,12,6.5,Mid-Range,5,8,7,8,334.6282574242404
Phone_4546,Apple,6000,6,128,48,6.5,Budget,9,3,4,3,245.23179255584157
Phone_4547,Xiaomi,5000,12,512,50,6.7,Premium,7,9,8,8,731.9166230512185
Phone_4548,Xiaomi,3000,16,64,50,6.8,Mid-Range,7,7,5,7,629.0980873864166
Phone_4549,OnePlus,5000,4,64,12,6.5,Budget,7,5,4,3,152.65663005369706
Phone_4550,Samsung,6000,16,128,50,6.8,Mid-Range,6,8,5,8,469.80408124353784
Phone_4551,Xiaomi,4000,6,512,50,6.5,Mid-Range,8,5,8,5,686.7960952962746
Phone_4552,Oppo,3000,12,256,12,6.4,Premium,7,8,8,7,818.4259904001475
Phone_4553,Oppo,3000,4,256,64,6.1,Mid-Range,5,8,7,5,487.55170931502926
Phone_4554,OnePlus,4500,12,64,50,6.7,Mid-Range,5,5,6,8,697.0118709660849
Phone_4555,Samsung,4000,4,128,108,6.1,Budget,7,6,3,2,137.44335355100807
Phone_4556,Samsung,4000,4,512,50,6.7,Mid-Range,8,6,8,5,402.24556762277166
Phone_4557,Oppo,5000,4,512,12,6.5,Mid-Range,6,8,7,4,481.3227523556226
Phone_4558,Apple,3000,6,256,12,6.1,Mid-Range,5,5,6,8,528.5168464151717
Phone_4559,OnePlus,5000,12,256,64,6.8,Premium,5,8,9,10,1395.8662945811332
Phone_4560,OnePlus,4000,8,1024,64,6.5,Mid-Range,6,5,6,7,431.52903034011825
Phone_4561,Oppo,4500,8,1024,108,6.4,Mid-Range,6,6,6,4,388.1055233976682
Phone_4562,Oppo,3000,8,128,108,6.1,Mid-Range,8,5,8,5,639.9584180155427
Phone_4563,Apple,4000,12,1024,50,6.1,Premium,7,7,7,10,1067.2867952306024
Phone_4564,Apple,4500,16,512,64,6.4,Premium,6,10,8,9,923.2792303720198
Phone_4565,Samsung,6000,12,1024,108,6.7,Premium,6,7,7,9,811.8723202497008
Phone_4566,OnePlus,4000,4,64,50,6.5,Budget,8,3,5,4,293.0474481446144
Phone_4567,OnePlus,6000,16,64,48,6.4,Mid-Range,6,7,7,6,319.2652703954585
Phone_4568,Oppo,5000,4,256,50,6.8,Mid-Range,5,5,8,5,653.4432478910755
Phone_4569,Samsung,6000,4,256,108,6.5,Mid-Range,7,7,5,8,504.40948000491693
Phone_4570,OnePlus,4000,12,128,50,6.4,Mid-Range,5,6,5,6,390.61556114623636
Phone_4571,Samsung,6000,8,64,48,6.4,Mid-Range,7,7,8,5,458.70200707811665
Phone_4572,Samsung,3000,16,128,108,6.1,Mid-Range,7,7,7,4,660.6681683877252
Phone_4573,Oppo,4000,6,128,50,6.1,Budget,9,3,3,3,202.22591103085136
Phone_4574,Samsung,4500,8,1024,108,6.1,Mid-Range,6,7,6,8,357.1162238112819
Phone_4575,Apple,6000,6,256,50,6.5,Mid-Range,5,7,7,6,377.0955362198002
Phone_4576,Apple,3000,12,128,12,6.7,Mid-Range,5,5,7,6,324.04489764385846
Phone_4577,Xiaomi,5000,16,128,108,6.5,Mid-Range,5,6,5,8,390.10231039172925
Phone_4578,Oppo,5000,12,256,108,6.1,Premium,6,9,9,6,885.9508328084277
Phone_4579,Xiaomi,6000,6,256,108,6.1,Mid-Range,8,5,6,4,510.8306926176602
Phone_4580,Apple,5000,4,64,108,6.5,Budget,10,6,4,3,169.44309779302625
Phone_4581,Xiaomi,4500,12,256,50,6.4,Premium,4,7,9,8,930.3205948598915
Phone_4582,Oppo,4000,16,1024,64,6.4,Premium,4,8,7,6,1372.8056158164163
Phone_4583,Oppo,3000,12,64,50,6.1,Mid-Range,5,8,5,7,666.9952943840696
Phone_4584,Samsung,6000,8,128,48,6.1,Mid-Range,8,8,8,6,384.176011176023
Phone_4585,OnePlus,5000,12,1024,12,6.7,Premium,4,7,7,9,1473.9315432842047
Phone_4586,Samsung,4000,6,1024,50,6.4,Mid-Range,7,7,8,4,565.285480559525
Phone_4587,Oppo,4500,12,64,50,6.7,Mid-Range,7,6,6,5,501.1090754659366
Phone_4588,Apple,5000,16,128,108,6.1,Mid-Range,6,8,5,5,369.57972768996814
Phone_4589,Apple,5000,12,64,48,6.1,Mid-Range,5,5,7,5,569.4401581296008
Phone_4590,Samsung,3000,12,512,108,6.7,Premium,4,9,10,6,1416.6147975310198
Phone_4591,Oppo,4500,16,512,108,6.7,Premium,4,9,7,9,1261.8813352372053
Phone_4592,Apple,4500,12,64,64,6.1,Mid-Range,7,6,5,8,302.47170015207627
Phone_4593,Oppo,6000,16,128,12,6.8,Mid-Range,6,8,5,6,596.0244530245618
Phone_4594,Apple,3000,6,128,64,6.1,Budget,9,5,3,3,298.75562842639994
Phone_4595,Oppo,6000,16,256,108,6.4,Premium,4,8,8,10,1221.5369447083995
Phone_4596,Xiaomi,3000,6,1024,12,6.1,Mid-Range,8,6,5,7,482.4183550172944
Phone_4597,Oppo,4500,6,64,50,6.5,Budget,7,3,6,2,187.7871984861916
Phone_4598,Oppo,3000,16,1024,48,6.1,Premium,7,10,10,6,1144.5116517864976
Phone_4599,Samsung,3000,12,1024,64,6.8,Premium,6,7,8,10,1232.999726167152
Phone_4600,Xiaomi,3000,8,512,48,6.4,Mid-Range,5,8,6,5,610.2895845835379
Phone_4601,OnePlus,4000,16,512,108,6.1,Premium,4,8,8,7,751.6728617670958
Phone_4602,Samsung,4000,12,64,12,6.7,Mid-Range,6,8,8,8,629.9817423820618
Phone_4603,OnePlus,4500,6,64,50,6.4,Budget,10,5,4,4,211.32719875752042
Phone_4604,Apple,3000,4,128,12,6.4,Budget,10,4,5,5,196.90298718550756
Phone_4605,OnePlus,4500,8,64,48,6.8,Mid-Range,7,5,6,6,617.3935259666878
Phone_4606,Oppo,4000,12,128,48,6.7,Mid-Range,7,6,8,8,691.0072813682011
Phone_4607,OnePlus,3000,8,128,50,6.5,Mid-Range,6,8,8,7,589.7748079609669
Phone_4608,Samsung,6000,4,64,50,6.1,Budget,7,4,6,5,106.6622087555944
Phone_4609,Samsung,4000,4,128,12,6.5,Budget,7,4,5,3,234.21912656109757
Phone_4610,OnePlus,4000,4,1024,64,6.7,Mid-Range,7,5,7,8,617.2891062285605
Phone_4611,Samsung,4000,16,128,12,6.4,Mid-Range,7,5,6,6,479.72376860373646
Phone_4612,Samsung,3000,8,1024,48,6.8,Mid-Range,6,7,5,8,529.0270645028024
Phone_4613,OnePlus,5000,16,1024,12,6.8,Premium,7,8,8,8,1409.481866923053
Phone_4614,Xiaomi,6000,4,1024,108,6.4,Mid-Range,7,8,5,7,349.8082845840753
Phone_4615,Xiaomi,6000,12,256,12,6.8,Premium,4,9,8,8,1020.4451627802462
Phone_4616,Apple,4500,4,256,12,6.5,Mid-Range,8,7,8,5,694.9776448961959
Phone_4617,Samsung,3000,16,128,108,6.4,Mid-Range,8,6,6,7,432.21298614169586
Phone_4618,OnePlus,4000,4,64,48,6.1,Budget,8,5,6,2,194.40158961400743
Phone_4619,Samsung,5000,4,128,50,6.1,Budget,8,6,6,5,277.51862233446536
Phone_4620,Oppo,3000,16,256,12,6.7,Premium,4,7,8,8,1457.2364415407396
Phone_4621,Samsung,3000,16,512,64,6.4,Premium,4,7,10,9,772.0084967481465
Phone_4622,Samsung,5000,12,512,50,6.5,Premium,6,8,10,7,959.2594932220602
Phone_4623,Xiaomi,4000,16,128,64,6.4,Mid-Range,7,7,5,7,329.97740720575337
Phone_4624,OnePlus,3000,12,256,12,6.4,Premium,7,8,10,9,1043.96238031265
Phone_4625,Samsung,6000,6,1024,64,6.5,Mid-Range,8,7,7,7,313.5470051205282
Phone_4626,Xiaomi,6000,6,256,50,6.8,Mid-Range,6,8,6,5,575.1548177924387
Phone_4627,Apple,5000,16,128,64,6.5,Mid-Range,5,5,5,5,672.030421488186
Phone_4628,Xiaomi,4000,4,256,64,6.4,Mid-Range,6,6,6,6,462.4746468928468
Phone_4629,Xiaomi,5000,8,512,50,6.4,Mid-Range,8,5,6,4,327.340585258943
Phone_4630,Xiaomi,3000,4,1024,50,6.4,Mid-Range,8,7,6,6,387.3169880311191
Phone_4631,Samsung,6000,16,128,50,6.4,Mid-Range,5,7,5,5,679.3296456117093
Phone_4632,Samsung,4500,12,128,50,6.7,Mid-Range,6,5,6,7,486.1544151659927
Phone_4633,Apple,5000,4,64,108,6.8,Budget,10,3,6,2,127.55902803960164
Phone_4634,Oppo,4500,6,1024,12,6.4,Mid-Range,7,5,6,8,362.4244417043533
Phone_4635,Oppo,4500,16,128,50,6.7,Mid-Range,5,5,7,4,667.2067596647457
Phone_4636,Oppo,6000,4,256,48,6.4,Mid-Range,8,6,7,6,506.85214359118504
Phone_4637,Apple,5000,4,256,64,6.8,Mid-Range,8,6,6,6,511.54425669761554
Phone_4638,Oppo,4500,12,256,50,6.8,Premium,7,10,9,8,1161.1718944913132
Phone_4639,Oppo,3000,12,256,50,6.5,Premium,6,10,9,8,1357.937355658391
Phone_4640,Xiaomi,4000,12,128,12,6.7,Mid-Range,5,8,8,4,381.1811970425949
Phone_4641,Samsung,4000,8,512,50,6.8,Mid-Range,7,8,5,6,676.9318188884462
Phone_4642,Samsung,6000,16,1024,108,6.1,Premium,7,10,9,8,750.200090670948
Phone_4643,Xiaomi,5000,16,256,48,6.4,Premium,4,9,7,6,1319.5809368492341
Phone_4644,Xiaomi,5000,6,128,48,6.8,Budget,7,4,6,4,203.0350363459778
Phone_4645,Xiaomi,4000,6,128,50,6.7,Budget,7,4,5,5,267.51245509895375
Phone_4646,Samsung,3000,16,256,12,6.7,Premium,4,8,8,7,953.0059159215461
Phone_4647,Oppo,4000,4,64,50,6.7,Budget,7,6,5,4,265.5361516381143
Phone_4648,Xiaomi,4000,16,128,64,6.5,Mid-Range,6,7,8,5,384.7607198236939
Phone_4649,Apple,5000,8,1024,48,6.4,Mid-Range,8,8,5,4,695.1713350520076
Phone_4650,Xiaomi,4500,6,1024,64,6.1,Mid-Range,7,6,5,6,671.7256152077284
Phone_4651,OnePlus,3000,6,64,108,6.7,Budget,8,6,6,2,131.9305218603056
Phone_4652,Xiaomi,5000,6,128,48,6.4,Budget,10,5,4,3,234.9139218785494
Phone_4653,Samsung,4000,16,64,48,6.7,Mid-Range,5,7,7,5,416.8393479031149
Phone_4654,Xiaomi,4500,6,128,108,6.7,Budget,7,3,6,4,127.11085507403534
Phone_4655,OnePlus,3000,6,128,64,6.1,Budget,10,6,4,4,225.6165192094697
Phone_4656,Apple,6000,16,64,50,6.4,Mid-Range,7,6,5,7,533.6344099235339
Phone_4657,Oppo,3000,4,512,12,6.7,Mid-Range,8,7,6,4,374.52100812840786
Phone_4658,Xiaomi,3000,6,256,64,6.5,Mid-Range,6,6,8,7,603.2612357258815
Phone_4659,OnePlus,4000,6,256,108,6.7,Mid-Range,6,5,5,4,552.5438943690291
Phone_4660,OnePlus,4000,6,256,108,6.4,Mid-Range,7,7,8,4,455.13744556388383
Phone_4661,Apple,6000,8,64,108,6.8,Mid-Range,7,6,6,6,339.24361831953524
Phone_4662,Samsung,6000,16,128,48,6.7,Mid-Range,5,7,7,7,606.9635066754572
Phone_4663,Xiaomi,6000,6,128,50,6.5,Budget,7,4,3,3,211.9744511465147
Phone_4664,OnePlus,5000,8,1024,48,6.5,Mid-Range,8,5,7,4,409.4970401986194
Phone_4665,Apple,5000,4,128,48,6.7,Budget,10,3,4,2,201.93237363047945
Phone_4666,Oppo,4000,4,512,48,6.4,Mid-Range,5,8,5,4,531.4099781087468
Phone_4667,OnePlus,4000,8,256,108,6.7,Mid-Range,7,5,5,4,505.49322451655553
Phone_4668,Apple,6000,4,512,64,6.5,Mid-Range,7,8,6,7,411.89711360016224
Phone_4669,Samsung,5000,12,256,12,6.7,Premium,5,7,8,10,1431.9062004167079
Phone_4670,Samsung,4500,4,64,12,6.5,Budget,9,5,3,5,221.112979891309
Phone_4671,OnePlus,5000,12,512,50,6.8,Premium,7,8,10,9,1377.5356449104484
Phone_4672,OnePlus,4000,8,128,50,6.7,Mid-Range,5,5,6,5,659.2954915969041
Phone_4673,Xiaomi,5000,12,256,108,6.1,Premium,4,10,8,7,889.2693497548358
Phone_4674,Apple,4000,4,1024,12,6.7,Mid-Range,7,7,8,7,523.0786793433825
Phone_4675,OnePlus,6000,6,512,64,6.5,Mid-Range,5,5,5,5,307.3516789309388
Phone_4676,Xiaomi,6000,12,64,108,6.4,Mid-Range,5,7,5,6,579.2882521864997
Phone_4677,Xiaomi,6000,4,1024,50,6.5,Mid-Range,8,6,7,5,556.157569662918
Phone_4678,OnePlus,4500,6,64,108,6.8,Budget,7,6,6,3,109.18719323688853
Phone_4679,Samsung,4500,8,256,50,6.4,Mid-Range,8,8,5,4,489.97711045295
Phone_4680,Apple,4000,8,512,12,6.1,Mid-Range,8,8,6,8,374.743364080839
Phone_4681,Apple,3000,16,64,108,6.1,Mid-Range,8,8,5,8,479.23242357461265
Phone_4682,Samsung,4500,8,1024,48,6.8,Mid-Range,5,7,7,5,309.4392115201521
Phone_4683,OnePlus,4000,16,1024,50,6.8,Premium,6,9,9,9,1010.699670690655
Phone_4684,Apple,5000,8,128,48,6.8,Mid-Range,7,7,6,5,635.4300503260133
Phone_4685,OnePlus,6000,8,64,50,6.8,Mid-Range,7,8,7,8,435.4345888540028
Phone_4686,OnePlus,6000,8,512,48,6.7,Mid-Range,7,6,5,8,536.7016809575262
Phone_4687,Xiaomi,6000,16,512,12,6.5,Premium,6,9,8,7,871.8579329373661
Phone_4688,Samsung,4000,16,128,12,6.7,Mid-Range,7,6,6,6,353.6870670702891
Phone_4689,OnePlus,6000,12,1024,64,6.4,Premium,5,7,7,7,796.617488881795
Phone_4690,Oppo,4500,4,64,64,6.1,Budget,7,6,4,2,219.07166093645634
Phone_4691,Samsung,5000,4,1024,64,6.1,Mid-Range,8,8,6,7,661.7920500741672
Phone_4692,Apple,6000,4,64,108,6.4,Budget,8,5,6,5,120.15746702303235
Phone_4693,Xiaomi,4000,8,64,50,6.1,Mid-Range,8,6,6,8,699.1676268385404
Phone_4694,Apple,5000,4,64,108,6.8,Budget,9,3,6,3,202.16304508769318
Phone_4695,Apple,6000,16,1024,64,6.8,Premium,4,8,10,6,1315.6301592115942
Phone_4696,Samsung,3000,12,1024,50,6.8,Premium,5,7,10,8,1104.3976242188423
Phone_4697,Apple,6000,6,1024,108,6.4,Mid-Range,8,6,8,6,511.236611211213
Phone_4698,OnePlus,4500,12,256,12,6.5,Premium,7,8,10,6,1000.1631617357592
Phone_4699,Apple,5000,4,1024,50,6.4,Mid-Range,5,5,5,6,623.3631989430257
Phone_4700,Xiaomi,4500,4,128,64,6.5,Budget,8,3,3,2,258.8861917699804
Phone_4701,Xiaomi,3000,16,256,12,6.1,Premium,4,8,10,10,912.1490581792311
Phone_4702,Oppo,3000,12,64,50,6.1,Mid-Range,8,6,8,6,592.3507736432402
Phone_4703,Xiaomi,4500,16,512,108,6.1,Premium,7,10,10,6,1291.174334084622
Phone_4704,Apple,5000,16,256,64,6.5,Premium,4,9,9,9,1462.4374022795985
Phone_4705,Xiaomi,3000,6,256,108,6.1,Mid-Range,5,8,5,6,417.164549500068
Phone_4706,Samsung,3000,16,64,12,6.4,Mid-Range,6,6,8,6,604.2062164927152
Phone_4707,Xiaomi,6000,16,1024,12,6.5,Premium,4,10,10,10,758.2293283130235
Phone_4708,OnePlus,4000,6,1024,12,6.8,Mid-Range,8,5,7,6,493.60226446191746
Phone_4709,Samsung,3000,8,256,50,6.5,Mid-Range,6,7,5,6,348.3910294549283
Phone_4710,Oppo,5000,8,1024,64,6.4,Mid-Range,5,5,7,6,547.8873271582379
Phone_4711,OnePlus,5000,6,256,12,6.4,Mid-Range,5,5,8,6,436.56516506949583
Phone_4712,Apple,6000,16,512,108,6.4,Premium,6,8,7,8,1403.5762317459926
Phone_4713,Apple,5000,4,512,64,6.1,Mid-Range,5,5,5,8,360.65006483893995
Phone_4714,Apple,6000,12,64,108,6.8,Mid-Range,7,6,8,7,550.3150543215168
Phone_4715,OnePlus,3000,4,128,108,6.8,Budget,8,6,3,4,226.77663005081808
Phone_4716,OnePlus,3000,4,128,12,6.7,Budget,9,5,3,2,207.73228999671346
Phone_4717,OnePlus,3000,16,1024,64,6.4,Premium,4,9,7,8,1313.3675028204073
Phone_4718,Samsung,3000,12,128,48,6.1,Mid-Range,8,8,5,4,384.8787354740625
Phone_4719,Samsung,4000,12,512,50,6.5,Premium,4,10,7,9,815.5986782621292
Phone_4720,Apple,4000,8,64,48,6.1,Mid-Range,6,5,6,6,593.0474661176562
Phone_4721,Xiaomi,3000,6,512,50,6.4,Mid-Range,7,8,8,7,582.9942008893088
Phone_4722,Apple,5000,16,256,64,6.1,Premium,5,9,10,10,1158.8087179297859
Phone_4723,Oppo,6000,12,1024,12,6.4,Premium,5,8,9,7,894.5543520249014
Phone_4724,Samsung,4500,16,1024,64,6.5,Premium,6,8,10,9,864.7849655208975
Phone_4725,OnePlus,6000,8,128,48,6.5,Mid-Range,8,8,6,5,677.3382708590921
Phone_4726,Samsung,4500,4,256,108,6.8,Mid-Range,5,8,5,6,360.4347623307309
Phone_4727,OnePlus,4500,12,128,50,6.7,Mid-Range,8,6,7,8,370.3928401437628
Phone_4728,Oppo,3000,8,128,50,6.1,Mid-Range,7,6,6,8,306.6858545399527
Phone_4729,Oppo,4500,16,128,48,6.7,Mid-Range,6,8,7,4,595.7540191708423
Phone_4730,Samsung,3000,8,256,12,6.1,Mid-Range,8,6,5,5,657.5940267079388
Phone_4731,OnePlus,4000,8,128,64,6.8,Mid-Range,5,5,8,7,374.4178037133014
Phone_4732,Oppo,5000,8,1024,48,6.8,Mid-Range,5,6,7,6,313.7680025897558
Phone_4733,Apple,4500,8,128,64,6.5,Mid-Range,8,7,7,4,397.6415767441457
Phone_4734,Apple,5000,8,256,12,6.5,Mid-Range,5,5,8,4,653.4672915006187
Phone_4735,OnePlus,3000,8,256,108,6.5,Mid-Range,6,7,6,6,306.47330060351743
Phone_4736,Samsung,4500,6,512,64,6.1,Mid-Range,6,6,8,8,340.46263230147684
Phone_4737,Oppo,6000,16,128,12,6.7,Mid-Range,5,7,5,4,309.99538249209894
Phone_4738,Samsung,4000,4,256,48,6.7,Mid-Range,8,5,8,6,677.2600202257173
Phone_4739,Apple,4000,16,128,108,6.5,Mid-Range,7,5,7,8,354.2012603756351
Phone_4740,Oppo,4500,12,64,108,6.8,Mid-Range,8,5,6,7,660.1673088958328
Phone_4741,Samsung,4000,12,1024,108,6.7,Premium,5,8,9,9,1062.7344015971173
Phone_4742,Xiaomi,6000,16,1024,50,6.8,Premium,7,8,8,8,914.8578629025915
Phone_4743,OnePlus,5000,8,128,12,6.5,Mid-Range,7,5,8,5,470.6048570744173
Phone_4744,OnePlus,6000,6,1024,64,6.1,Mid-Range,5,7,6,5,467.4676879375389
Phone_4745,Xiaomi,4000,4,1024,48,6.4,Mid-Range,6,5,6,8,436.6924858304446
Phone_4746,Apple,5000,8,64,108,6.7,Mid-Range,5,7,6,4,624.3197224063683
Phone_4747,Oppo,6000,16,1024,108,6.5,Premium,5,10,8,10,1075.33381868695
Phone_4748,OnePlus,3000,16,1024,108,6.5,Premium,4,10,9,6,750.4272716429441
Phone_4749,Xiaomi,3000,6,256,12,6.7,Mid-Range,8,5,5,6,507.1086148448669
Phone_4750,Xiaomi,5000,6,1024,48,6.4,Mid-Range,8,5,6,6,627.3897267190503
Phone_4751,Apple,5000,16,128,12,6.1,Mid-Range,7,7,5,6,598.0387659063846
Phone_4752,Apple,5000,8,1024,48,6.7,Mid-Range,8,5,6,6,460.4410593403211
Phone_4753,Samsung,3000,8,128,64,6.1,Mid-Range,7,7,6,8,615.4541490513445
Phone_4754,OnePlus,6000,8,1024,50,6.5,Mid-Range,7,6,5,6,361.98715403862377
Phone_4755,Samsung,5000,4,128,48,6.7,Budget,7,5,4,2,179.9245268549056
Phone_4756,Xiaomi,3000,4,1024,12,6.1,Mid-Range,6,7,8,8,547.5518100277759
Phone_4757,Oppo,5000,8,128,12,6.8,Mid-Range,5,7,5,5,584.6255799893255
Phone_4758,Oppo,5000,16,1024,12,6.8,Premium,5,9,10,6,775.0118054974192
Phone_4759,Apple,5000,6,64,50,6.8,Budget,8,6,4,4,299.03285897714795
Phone_4760,Oppo,3000,12,256,48,6.1,Premium,4,9,10,7,1255.3994949652079
Phone_4761,Oppo,6000,6,256,48,6.8,Mid-Range,5,6,7,6,449.10407894398907
Phone_4762,Oppo,3000,6,256,48,6.5,Mid-Range,5,6,5,5,541.9564326641414
Phone_4763,Xiaomi,3000,12,256,48,6.1,Premium,7,10,10,8,878.2682340299725
Phone_4764,Oppo,5000,8,64,108,6.5,Mid-Range,5,7,8,8,555.1343938284394
Phone_4765,Oppo,4500,6,64,108,6.4,Budget,10,5,5,3,230.73461919960997
Phone_4766,Oppo,4500,12,1024,12,6.1,Premium,5,10,9,9,1221.7576403808741
Phone_4767,Samsung,4500,16,64,108,6.8,Mid-Range,5,8,8,8,429.7353172806753
Phone_4768,Xiaomi,3000,16,256,48,6.8,Premium,7,8,7,7,861.3477680959013
Phone_4769,Apple,5000,16,512,48,6.4,Premium,4,9,9,6,881.4197615182003
Phone_4770,Samsung,4500,8,1024,108,6.7,Mid-Range,5,5,7,5,493.4455311337175
Phone_4771,OnePlus,4000,6,128,64,6.4,Budget,8,5,3,4,245.73598835866434
Phone_4772,Xiaomi,4000,6,256,12,6.8,Mid-Range,7,7,7,5,626.2267931471904
Phone_4773,Xiaomi,4000,4,256,50,6.8,Mid-Range,5,7,7,8,407.4753013386687
Phone_4774,OnePlus,6000,16,256,12,6.7,Premium,4,9,9,6,916.6395939774372
Phone_4775,OnePlus,5000,8,64,12,6.4,Mid-Range,5,6,7,7,516.6098252446853
Phone_4776,OnePlus,3000,12,128,12,6.5,Mid-Range,5,5,6,5,688.635047719099
Phone_4777,Apple,3000,8,1024,108,6.4,Mid-Range,8,5,7,5,401.9741084310319
Phone_4778,Oppo,5000,6,256,12,6.5,Mid-Range,8,8,8,4,358.0737837499734
Phone_4779,Xiaomi,6000,16,128,48,6.8,Mid-Range,5,8,8,7,403.3694104054696
Phone_4780,Oppo,5000,4,512,12,6.8,Mid-Range,6,8,7,8,530.5845894108786
Phone_4781,Oppo,6000,8,64,48,6.4,Mid-Range,7,5,6,4,387.01729005416485
Phone_4782,OnePlus,4500,4,256,108,6.8,Mid-Range,6,7,6,8,436.1882459888309
Phone_4783,Apple,4500,6,128,108,6.7,Budget,8,3,5,5,156.81674166132046
Phone_4784,Samsung,6000,12,128,12,6.1,Mid-Range,5,8,8,5,346.5919823269288
Phone_4785,Apple,5000,8,256,48,6.5,Mid-Range,7,6,7,6,678.1216967639757
Phone_4786,Oppo,4500,6,128,48,6.8,Budget,10,3,4,2,249.20827932633975
Phone_4787,Apple,5000,16,128,48,6.5,Mid-Range,7,7,7,7,493.43869134292726
Phone_4788,OnePlus,4500,8,1024,48,6.4,Mid-Range,5,8,5,7,445.2178101484987
Phone_4789,Samsung,5000,4,64,50,6.7,Budget,9,4,6,5,267.8127084482636
Phone_4790,OnePlus,5000,8,1024,108,6.5,Mid-Range,6,6,8,6,493.36028917275684
Phone_4791,Samsung,4000,6,64,48,6.8,Budget,9,4,6,2,198.2942559591698
Phone_4792,Oppo,6000,6,64,50,6.1,Budget,8,3,4,5,106.76784423536448
Phone_4793,Samsung,3000,4,1024,50,6.7,Mid-Range,7,6,5,7,638.9548671305809
Phone_4794,Samsung,6000,6,256,108,6.4,Mid-Range,8,8,5,6,628.3050180272215
Phone_4795,Samsung,5000,8,128,64,6.8,Mid-Range,5,7,6,8,479.1226382459677
Phone_4796,Apple,5000,4,512,12,6.7,Mid-Range,5,6,8,5,434.702447422453
Phone_4797,Apple,6000,6,1024,108,6.8,Mid-Range,6,7,7,7,499.5728083515062
Phone_4798,Oppo,5000,6,1024,64,6.4,Mid-Range,6,7,8,6,388.5737735939017
Phone_4799,Samsung,4500,8,256,12,6.4,Mid-Range,6,6,6,4,300.3369494128071
Phone_4800,Xiaomi,5000,6,128,12,6.1,Budget,8,4,5,2,109.5964789520244
Phone_4801,Oppo,6000,8,1024,12,6.7,Mid-Range,7,8,8,4,307.20208941038464
Phone_4802,Samsung,6000,16,512,50,6.1,Premium,5,7,8,9,1061.9399644391463
Phone_4803,Samsung,6000,8,128,48,6.1,Mid-Range,8,5,7,7,311.78804473292803
Phone_4804,Apple,4000,12,1024,12,6.1,Premium,4,7,10,7,1302.5986486976385
Phone_4805,Oppo,4000,6,1024,48,6.5,Mid-Range,7,7,6,5,357.44283760188097
Phone_4806,Samsung,4000,16,64,12,6.4,Mid-Range,8,7,5,6,401.7353431387435
Phone_4807,Samsung,4000,4,64,50,6.1,Budget,9,5,6,3,118.71390514064852
Phone_4808,Oppo,4000,12,1024,12,6.5,Premium,7,8,7,10,1343.4144639546157
Phone_4809,Xiaomi,4000,4,256,108,6.5,Mid-Range,7,6,7,7,348.82738787551995
Phone_4810,Oppo,4000,12,64,64,6.5,Mid-Range,6,7,8,8,663.8053968054317
Phone_4811,Oppo,6000,16,1024,12,6.1,Premium,6,8,8,9,1025.3460470409404
Phone_4812,Xiaomi,3000,16,128,64,6.5,Mid-Range,7,5,7,5,677.0355049406239
Phone_4813,Oppo,4000,16,512,64,6.1,Premium,7,8,7,10,790.2426818065625
Phone_4814,Samsung,6000,12,64,50,6.7,Mid-Range,8,8,7,4,301.0375679845679
Phone_4815,Oppo,3000,8,1024,64,6.4,Mid-Range,7,8,5,5,688.744545117866
Phone_4816,Xiaomi,4000,4,64,50,6.8,Budget,9,5,4,5,132.81464248188897
Phone_4817,OnePlus,3000,8,128,12,6.1,Mid-Range,7,5,8,4,651.5001482759048
Phone_4818,Oppo,3000,8,256,48,6.4,Mid-Range,6,5,8,5,593.737179039802
Phone_4819,Apple,4500,6,1024,50,6.1,Mid-Range,5,8,6,7,371.60749173262195
Phone_4820,Samsung,5000,4,128,64,6.7,Budget,7,6,6,3,148.57038009202327
Phone_4821,Samsung,4500,12,512,64,6.4,Premium,7,10,9,8,765.5320374766071
Phone_4822,Apple,3000,6,1024,12,6.4,Mid-Range,6,6,5,7,503.0232747693966
Phone_4823,Apple,6000,6,512,50,6.5,Mid-Range,7,6,5,4,401.6452815377121
Phone_4824,Oppo,4000,16,256,12,6.1,Premium,4,7,7,9,1098.3023530185353
Phone_4825,Apple,5000,12,1024,50,6.1,Premium,7,7,10,9,866.9963608614453
Phone_4826,OnePlus,4000,8,1024,48,6.8,Mid-Range,5,8,6,5,573.3533955789119
Phone_4827,Xiaomi,6000,8,128,108,6.5,Mid-Range,8,7,8,5,476.03340992302026
Phone_4828,Apple,5000,8,64,12,6.5,Mid-Range,5,6,8,6,318.3673503928804
Phone_4829,Apple,4500,16,1024,64,6.8,Premium,5,7,10,7,1281.1872097484027
Phone_4830,OnePlus,3000,8,256,12,6.5,Mid-Range,5,5,5,5,580.881814607461
Phone_4831,Samsung,6000,4,1024,50,6.5,Mid-Range,7,7,8,4,679.531826791194
Phone_4832,Samsung,3000,8,1024,12,6.7,Mid-Range,7,6,8,5,638.9068782195282
Phone_4833,Oppo,3000,8,1024,48,6.4,Mid-Range,7,8,5,7,348.8736197241674
Phone_4834,OnePlus,4000,4,1024,50,6.8,Mid-Range,8,8,7,7,348.4907501203105
Phone_4835,Xiaomi,6000,16,256,64,6.7,Premium,4,10,8,6,1462.1645568159138
Phone_4836,Xiaomi,3000,6,128,64,6.7,Budget,10,5,5,4,288.38194298180554
Phone_4837,OnePlus,4500,12,64,50,6.7,Mid-Range,6,6,7,8,546.5956587664804
Phone_4838,Xiaomi,5000,16,256,48,6.5,Premium,7,7,8,9,1265.586526653593
Phone_4839,Samsung,6000,8,256,12,6.8,Mid-Range,6,6,5,6,392.4018642915581
Phone_4840,Xiaomi,4000,6,512,108,6.5,Mid-Range,7,6,7,6,368.917804281342
Phone_4841,Xiaomi,6000,12,64,64,6.5,Mid-Range,6,6,7,7,665.6670207111245
Phone_4842,OnePlus,4000,12,128,48,6.7,Mid-Range,6,7,8,8,588.8598502260874
Phone_4843,OnePlus,5000,12,128,48,6.1,Mid-Range,6,6,5,4,584.690868642515
Phone_4844,Xiaomi,4500,4,512,48,6.8,Mid-Range,7,5,8,4,434.15155084797834
Phone_4845,Apple,3000,4,512,12,6.8,Mid-Range,8,5,8,8,551.148791913097
Phone_4846,OnePlus,6000,6,256,48,6.7,Mid-Range,6,8,6,5,590.6808088684868
Phone_4847,Oppo,4000,8,128,48,6.7,Mid-Range,8,6,7,4,540.1102643281417
Phone_4848,Oppo,5000,6,128,50,6.4,Budget,10,5,6,2,201.05193536931955
Phone_4849,Samsung,3000,8,128,50,6.7,Mid-Range,8,5,7,4,536.0201516499059
Phone_4850,Xiaomi,5000,16,256,48,6.5,Premium,5,8,9,7,764.0474917313727
Phone_4851,Apple,4500,12,128,48,6.7,Mid-Range,5,7,5,4,496.80132454010857
Phone_4852,Samsung,3000,12,1024,50,6.8,Premium,6,9,8,7,823.5514178906133
Phone_4853,Xiaomi,3000,4,512,12,6.1,Mid-Range,6,5,6,8,365.33701737460274
Phone_4854,OnePlus,3000,16,512,50,6.1,Premium,5,9,10,10,1309.9069700031919
Phone_4855,Oppo,4000,16,512,50,6.5,Premium,6,7,8,6,1424.9247456436879
Phone_4856,Apple,3000,8,512,50,6.1,Mid-Range,8,7,5,6,348.20858163984155
Phone_4857,Oppo,5000,16,1024,50,6.7,Premium,7,7,10,7,1353.144397049814
Phone_4858,OnePlus,4000,4,64,108,6.1,Budget,7,5,4,2,228.72206455923262
Phone_4859,Xiaomi,3000,8,128,64,6.7,Mid-Range,6,8,7,7,390.53581240586425
Phone_4860,OnePlus,5000,6,512,12,6.4,Mid-Range,8,7,5,6,694.6580924064677
Phone_4861,OnePlus,5000,8,128,12,6.8,Mid-Range,7,8,7,6,431.52608888766366
Phone_4862,Oppo,6000,6,128,48,6.5,Budget,7,5,5,5,131.48760915525736
Phone_4863,Apple,5000,8,1024,108,6.4,Mid-Range,5,7,5,8,567.0484482546753
Phone_4864,OnePlus,4500,12,128,48,6.1,Mid-Range,8,7,6,4,569.6791194294515
Phone_4865,Oppo,3000,6,512,12,6.5,Mid-Range,8,5,6,5,687.133422828048
Phone_4866,Apple,3000,4,128,12,6.7,Budget,9,6,4,2,133.2132071833802
Phone_4867,Xiaomi,3000,6,1024,48,6.4,Mid-Range,6,5,8,6,343.9866997248512
Phone_4868,Xiaomi,5000,6,512,64,6.8,Mid-Range,6,8,8,7,694.2392121971249
Phone_4869,Samsung,5000,8,1024,48,6.8,Mid-Range,7,7,6,7,600.0949041770788
Phone_4870,Oppo,3000,12,256,64,6.4,Premium,7,10,8,7,847.8123962499769
Phone_4871,Apple,4000,8,64,64,6.4,Mid-Range,5,8,6,4,404.47838696300187
Phone_4872,OnePlus,4000,8,128,50,6.4,Mid-Range,7,5,7,5,683.9988937206788
Phone_4873,Xiaomi,4500,12,128,12,6.1,Mid-Range,8,7,8,7,377.05460692741866
Phone_4874,Apple,6000,8,128,50,6.8,Mid-Range,7,8,8,7,391.03502331101623
Phone_4875,Oppo,4500,12,256,12,6.8,Premium,4,9,10,9,836.3792832913992
Phone_4876,Samsung,3000,4,64,50,6.1,Budget,8,4,5,5,247.49488772569757
Phone_4877,Xiaomi,3000,12,1024,64,6.5,Premium,6,8,8,7,1223.1532058270714
Phone_4878,Apple,3000,16,256,50,6.8,Premium,4,7,8,6,843.6521123026239
Phone_4879,Apple,6000,12,256,108,6.5,Premium,5,8,7,6,723.9817112910857
Phone_4880,Apple,5000,12,512,50,6.5,Premium,4,8,8,7,1066.8472230759555
Phone_4881,Oppo,6000,16,256,50,6.5,Premium,5,7,9,7,1171.2615129286964
Phone_4882,Oppo,4500,12,256,50,6.8,Premium,5,8,10,6,1068.3256796369785
Phone_4883,Oppo,5000,6,128,108,6.7,Budget,10,6,5,3,107.34962341121704
Phone_4884,OnePlus,5000,8,512,12,6.5,Mid-Range,8,8,8,8,303.11850711671235
Phone_4885,Apple,4500,8,1024,50,6.7,Mid-Range,6,8,6,6,512.4958984404371
Phone_4886,Xiaomi,5000,4,64,12,6.1,Budget,7,6,6,4,136.55676904607694
Phone_4887,Oppo,4000,4,1024,48,6.7,Mid-Range,8,5,8,8,671.0135609587869
Phone_4888,Oppo,4500,16,512,64,6.7,Premium,7,8,8,8,958.281939168385
Phone_4889,Apple,4500,6,128,48,6.4,Budget,10,6,3,5,269.150205077456
Phone_4890,Oppo,4000,4,64,108,6.5,Budget,9,6,4,4,212.12075985058993
Phone_4891,OnePlus,6000,8,1024,108,6.8,Mid-Range,6,7,7,6,620.9571160522221
Phone_4892,OnePlus,6000,4,64,12,6.4,Budget,7,5,4,5,278.6156332969203
Phone_4893,Oppo,6000,4,64,12,6.7,Budget,7,3,3,5,265.6726122955446
Phone_4894,Apple,5000,12,64,50,6.1,Mid-Range,8,5,5,6,430.1775424892373
Phone_4895,Apple,4000,4,256,48,6.8,Mid-Range,7,8,7,6,404.1814667603524
Phone_4896,Apple,4500,16,512,12,6.1,Premium,4,9,8,9,1279.7710695056867
Phone_4897,Samsung,4500,8,512,12,6.7,Mid-Range,8,5,8,6,521.8613580203603
Phone_4898,Oppo,4500,16,128,12,6.1,Mid-Range,5,7,8,8,576.2595424303869
Phone_4899,Apple,5000,16,1024,64,6.4,Premium,4,8,10,7,734.3096155676873
Phone_4900,OnePlus,5000,6,128,12,6.1,Budget,8,6,5,5,134.57426652261853
Phone_4901,Xiaomi,6000,12,1024,64,6.4,Premium,6,8,8,7,770.3828356117316
Phone_4902,Xiaomi,5000,16,64,108,6.5,Mid-Range,7,5,8,6,367.1474826129688
Phone_4903,Apple,6000,6,1024,50,6.8,Mid-Range,8,8,6,4,584.5472812573641
Phone_4904,Xiaomi,6000,8,1024,48,6.1,Mid-Range,7,5,5,5,690.632239599837
Phone_4905,Xiaomi,4500,8,64,12,6.4,Mid-Range,7,7,5,6,608.3599304649485
Phone_4906,Samsung,5000,6,128,64,6.7,Budget,9,6,6,5,251.9805210544509
Phone_4907,OnePlus,6000,16,1024,12,6.7,Premium,7,9,8,8,1341.6210326046844
Phone_4908,OnePlus,4000,16,128,12,6.4,Mid-Range,7,7,7,6,373.8532130632631
Phone_4909,Samsung,4000,12,128,64,6.8,Mid-Range,6,5,5,4,442.09624006336367
Phone_4910,Samsung,5000,12,512,12,6.5,Premium,7,10,8,7,1326.651943057904
Phone_4911,Xiaomi,4500,8,64,48,6.5,Mid-Range,7,6,8,5,432.35667639743724
Phone_4912,Oppo,4500,12,64,108,6.8,Mid-Range,7,7,7,7,625.5086924226664
Phone_4913,Xiaomi,6000,6,256,50,6.1,Mid-Range,5,5,8,6,341.50053187936527
Phone_4914,Samsung,5000,8,128,12,6.4,Mid-Range,8,5,7,4,564.8008894566022
Phone_4915,OnePlus,4000,16,256,64,6.5,Premium,7,8,9,6,1206.0827478971719
Phone_4916,Xiaomi,6000,8,64,48,6.8,Mid-Range,8,5,5,5,517.1687125201593
Phone_4917,Oppo,6000,4,64,12,6.5,Budget,9,5,5,3,298.6051489762532
Phone_4918,Xiaomi,3000,8,256,108,6.5,Mid-Range,5,8,5,5,589.4660892062282
Phone_4919,Apple,5000,12,64,108,6.1,Mid-Range,5,6,8,7,490.79229348982585
Phone_4920,Xiaomi,6000,6,64,64,6.5,Budget,9,4,5,3,204.37390668736086
Phone_4921,Samsung,4000,16,512,12,6.4,Premium,5,10,7,10,736.0673582697785
Phone_4922,OnePlus,3000,16,1024,12,6.8,Premium,7,10,8,6,913.5456613092676
Phone_4923,OnePlus,4000,12,512,12,6.1,Premium,6,9,7,10,1187.3296246135242
Phone_4924,Samsung,4500,12,1024,108,6.1,Premium,4,8,10,6,1050.6365537663166
Phone_4925,Apple,3000,12,512,12,6.8,Premium,7,10,8,9,1464.3950823589666
Phone_4926,Samsung,3000,4,512,12,6.4,Mid-Range,6,8,6,4,429.6464230660218
Phone_4927,Xiaomi,6000,6,128,12,6.5,Budget,8,6,4,3,159.8637215045292
Phone_4928,Samsung,4500,4,256,12,6.5,Mid-Range,8,5,6,6,530.7339952367167
Phone_4929,Samsung,6000,12,512,64,6.4,Premium,6,7,7,9,1418.2091949462995
Phone_4930,Apple,5000,6,128,108,6.7,Budget,8,3,4,5,206.33660962270358
Phone_4931,Xiaomi,4000,12,512,50,6.8,Premium,5,8,8,10,871.2605844668365
Phone_4932,Oppo,4000,6,256,64,6.4,Mid-Range,7,5,6,7,465.2150474538188
Phone_4933,Oppo,6000,16,128,12,6.5,Mid-Range,7,6,6,7,692.776846069107
Phone_4934,OnePlus,4000,4,1024,50,6.8,Mid-Range,6,6,7,4,436.61078572343934
Phone_4935,Samsung,4000,12,256,48,6.8,Premium,7,10,10,10,717.583365833784
Phone_4936,OnePlus,5000,12,64,50,6.5,Mid-Range,5,7,7,4,650.6333085653488
Phone_4937,Apple,4500,8,128,64,6.4,Mid-Range,7,6,5,5,666.7993414148366
Phone_4938,Oppo,3000,16,64,108,6.7,Mid-Range,7,6,7,7,390.58001402361333
Phone_4939,Samsung,6000,12,128,64,6.8,Mid-Range,8,5,5,7,652.8308191851653
Phone_4940,Apple,6000,4,1024,108,6.8,Mid-Range,5,7,6,7,497.82273416410703
Phone_4941,Apple,5000,16,128,108,6.8,Mid-Range,6,7,6,8,317.37265880440265
Phone_4942,Samsung,5000,12,512,108,6.4,Premium,5,8,10,10,940.9146074972379
Phone_4943,Apple,3000,4,64,48,6.8,Budget,9,6,4,4,178.7818939375664
Phone_4944,Samsung,4500,8,64,50,6.5,Mid-Range,6,6,7,5,458.65978041886956
Phone_4945,Samsung,6000,8,128,64,6.5,Mid-Range,6,7,7,7,520.400019076113
Phone_4946,Xiaomi,5000,4,512,64,6.1,Mid-Range,7,8,7,7,356.24572202926834
Phone_4947,OnePlus,6000,16,512,108,6.8,Premium,7,8,7,8,1440.247411815762
Phone_4948,Apple,4000,4,128,48,6.7,Budget,9,4,3,2,134.7000920063571
Phone_4949,Apple,6000,4,256,48,6.1,Mid-Range,7,7,8,4,337.77161259713097
Phone_4950,Xiaomi,4500,8,1024,12,6.8,Mid-Range,5,8,8,8,673.4233509000437
Phone_4951,Xiaomi,4500,8,128,48,6.8,Mid-Range,6,8,5,8,649.3891678637455
Phone_4952,Xiaomi,6000,8,512,108,6.4,Mid-Range,5,5,8,5,529.9499274670975
Phone_4953,Oppo,4000,12,1024,108,6.4,Premium,5,10,7,9,1178.3998579525176
Phone_4954,Oppo,4500,12,128,50,6.5,Mid-Range,5,8,8,8,518.3944494884508
Phone_4955,Oppo,5000,6,1024,108,6.1,Mid-Range,6,8,7,4,668.217061449438
Phone_4956,Samsung,6000,12,256,50,6.1,Premium,6,10,8,9,1203.0811558609776
Phone_4957,Apple,4000,16,512,48,6.1,Premium,4,8,10,6,1188.3399442504628
Phone_4958,OnePlus,5000,16,256,12,6.5,Premium,6,10,9,10,767.3789741901924
Phone_4959,Samsung,6000,8,256,64,6.7,Mid-Range,5,7,6,7,646.182504822269
Phone_4960,Apple,4000,4,512,108,6.7,Mid-Range,5,6,5,4,518.6349692456197
Phone_4961,Apple,5000,8,256,48,6.7,Mid-Range,5,7,7,4,640.8973114295623
Phone_4962,Xiaomi,4500,4,128,108,6.1,Budget,10,4,3,3,287.8928673518309
Phone_4963,Xiaomi,6000,8,128,50,6.8,Mid-Range,5,6,8,4,484.4724960477697
Phone_4964,Samsung,6000,8,1024,48,6.1,Mid-Range,8,5,5,4,371.2356503077076
Phone_4965,Xiaomi,4500,16,128,64,6.8,Mid-Range,8,8,8,6,635.0163978661114
Phone_4966,Apple,3000,4,128,50,6.4,Budget,7,6,5,5,175.0163988046911
Phone_4967,Xiaomi,5000,6,1024,48,6.5,Mid-Range,7,6,5,7,672.2797281537746
Phone_4968,Oppo,4500,6,64,64,6.7,Budget,9,3,4,4,212.08146874189254
Phone_4969,Xiaomi,6000,8,512,50,6.1,Mid-Range,8,5,6,5,504.3988817796403
Phone_4970,Apple,5000,8,128,64,6.1,Mid-Range,7,6,8,8,663.2914638193918
Phone_4971,Samsung,5000,16,1024,48,6.4,Premium,7,7,8,9,1397.7420850407898
Phone_4972,OnePlus,3000,4,256,50,6.8,Mid-Range,5,6,8,7,329.8420723804493
Phone_4973,Xiaomi,6000,8,256,12,6.7,Mid-Range,8,6,6,7,351.33610864795054
Phone_4974,Apple,4000,6,128,108,6.5,Budget,10,6,4,4,155.65614872442245
Phone_4975,OnePlus,3000,4,512,12,6.8,Mid-Range,5,5,5,6,446.3557642473865
Phone_4976,OnePlus,3000,8,1024,64,6.8,Mid-Range,6,8,8,6,374.9438238196353
Phone_4977,Oppo,4000,4,1024,48,6.7,Mid-Range,5,6,6,7,594.2139357877721
Phone_4978,OnePlus,4000,16,1024,108,6.5,Premium,4,7,9,6,1388.393677888429
Phone_4979,Apple,3000,6,1024,48,6.7,Mid-Range,8,8,6,8,382.62193808888776
Phone_4980,Apple,5000,4,1024,64,6.7,Mid-Range,6,6,7,5,400.5744167085823
Phone_4981,Xiaomi,4500,6,512,48,6.1,Mid-Range,6,5,5,7,659.9763620502904
Phone_4982,Xiaomi,4500,8,1024,50,6.5,Mid-Range,8,8,7,6,305.268518947621
Phone_4983,Xiaomi,3000,12,512,50,6.8,Premium,6,9,9,9,1222.1054011276913
Phone_4984,OnePlus,5000,4,512,64,6.7,Mid-Range,7,7,7,4,315.70490484732386
Phone_4985,OnePlus,4000,6,512,48,6.4,Mid-Range,6,7,6,4,338.16123700812705
Phone_4986,Oppo,3000,4,256,64,6.5,Mid-Range,5,7,6,8,644.9101424327472
Phone_4987,Xiaomi,6000,8,64,108,6.4,Mid-Range,8,8,6,7,399.3678906350682
Phone_4988,Samsung,5000,8,128,48,6.8,Mid-Range,7,8,8,4,389.8779757248119
Phone_4989,Oppo,6000,6,256,50,6.5,Mid-Range,8,8,6,6,637.6514119777917
Phone_4990,Samsung,6000,16,64,12,6.1,Mid-Range,7,5,6,8,516.8774716802546
Phone_4991,OnePlus,3000,4,256,50,6.5,Mid-Range,8,5,5,4,440.2476022397864
Phone_4992,Oppo,5000,4,512,48,6.8,Mid-Range,5,8,8,7,585.6928865784257
Phone_4993,Oppo,6000,8,512,48,6.1,Mid-Range,5,8,6,4,623.898278765189
Phone_4994,Apple,5000,4,1024,48,6.8,Mid-Range,8,5,6,7,645.1074538030354
Phone_4995,OnePlus,4500,6,512,48,6.5,Mid-Range,8,7,6,5,347.7407940039159
Phone_4996,OnePlus,6000,12,256,108,6.8,Premium,6,8,10,10,909.5924166348716
Phone_4997,Oppo,6000,8,128,12,6.5,Mid-Range,8,6,7,4,571.2875921244063
Phone_4998,OnePlus,5000,12,512,50,6.1,Premium,6,10,10,8,947.3372862410916
Phone_4999,Oppo,4500,4,64,108,6.5,Budget,8,6,3,4,188.409883148019
Phone_5000,Apple,6000,16,256,64,6.8,Premium,4,9,10,6,1047.6299802208348
Phone_5001,Oppo,3000,6,64,48,6.8,Budget,9,6,5,2,135.5113717287264
Phone_5002,OnePlus,5000,4,1024,50,6.8,Mid-Range,8,7,6,5,368.80639535243586
Phone_5003,OnePlus,5000,6,1024,64,6.4,Mid-Range,6,8,7,5,524.4825967416299
Phone_5004,Oppo,6000,4,128,12,6.4,Budget,10,3,4,2,181.9297637003667
Phone_5005,Oppo,4500,4,256,50,6.4,Mid-Range,6,7,8,4,615.6576083256505
Phone_5006,Oppo,6000,4,128,108,6.7,Budget,7,6,5,2,200.56408846599527
Phone_5007,Xiaomi,4000,8,64,64,6.5,Mid-Range,8,5,7,4,603.1316046269678
Phone_5008,OnePlus,6000,12,128,50,6.4,Mid-Range,5,7,5,7,339.5634733983453
Phone_5009,OnePlus,4000,16,64,108,6.8,Mid-Range,7,5,7,7,476.9575878415144
Phone_5010,Xiaomi,3000,12,128,48,6.8,Mid-Range,5,8,5,5,579.4137050068489
Phone_5011,Oppo,5000,12,1024,50,6.4,Premium,5,10,10,8,1153.180770995449
Phone_5012,Apple,5000,6,256,48,6.4,Mid-Range,5,5,8,6,600.9376105436556
Phone_5013,Oppo,4500,8,128,64,6.8,Mid-Range,6,5,6,6,681.3644812047567
Phone_5014,Oppo,6000,8,64,64,6.4,Mid-Range,5,7,7,8,449.3605177087885
Phone_5015,Xiaomi,3000,4,256,64,6.7,Mid-Range,6,6,7,7,300.07212110435233
Phone_5016,OnePlus,4000,12,1024,48,6.7,Premium,6,8,9,8,871.9122025047714
Phone_5017,Oppo,4500,16,1024,48,6.7,Premium,4,9,10,8,1197.0404810292544
Phone_5018,OnePlus,3000,6,512,108,6.1,Mid-Range,8,8,5,8,566.002387914357
Phone_5019,Samsung,3000,8,256,50,6.7,Mid-Range,8,6,5,6,581.3144403861891
Phone_5020,OnePlus,4000,4,128,108,6.8,Budget,8,3,3,5,299.50516644476164
Phone_5021,Apple,4000,16,1024,48,6.1,Premium,5,10,8,9,761.7335130602154
Phone_5022,Apple,5000,12,128,50,6.8,Mid-Range,6,6,5,7,349.9215932187333
Phone_5023,Oppo,6000,16,128,64,6.8,Mid-Range,6,6,6,6,536.0838137156801
Phone_5024,OnePlus,4500,8,64,108,6.4,Mid-Range,6,7,6,4,655.8928414901065
Phone_5025,Oppo,6000,6,128,108,6.5,Budget,7,3,3,5,230.9288571777554
Phone_5026,Xiaomi,4500,12,512,108,6.7,Premium,5,9,8,7,811.2764037235961
Phone_5027,Apple,3000,6,256,48,6.5,Mid-Range,6,5,6,5,649.8425404053701
Phone_5028,Oppo,4000,16,256,50,6.5,Premium,7,10,9,9,1425.880066134263
Phone_5029,Xiaomi,4000,16,64,64,6.4,Mid-Range,5,8,7,6,464.3545494474075
Phone_5030,Oppo,3000,4,512,48,6.5,Mid-Range,8,6,7,7,374.2561040571014
Phone_5031,OnePlus,3000,12,512,64,6.7,Premium,7,10,9,10,1027.2599824845183
Phone_5032,OnePlus,4500,16,256,12,6.1,Premium,7,8,7,8,1051.6484748698572
Phone_5033,OnePlus,3000,8,512,12,6.8,Mid-Range,5,6,5,5,697.6435548265106
Phone_5034,OnePlus,4500,8,1024,64,6.7,Mid-Range,6,6,8,4,431.4722034771427
Phone_5035,Samsung,6000,6,128,12,6.4,Budget,9,6,5,4,119.1340313009305
Phone_5036,Xiaomi,4000,8,128,50,6.1,Mid-Range,5,8,5,7,351.4905166386032
Phone_5037,Xiaomi,4000,16,256,50,6.4,Premium,4,10,7,7,812.5098579237263
Phone_5038,OnePlus,4000,8,256,48,6.7,Mid-Range,6,7,5,5,316.05280273403207
Phone_5039,Samsung,6000,12,512,64,6.8,Premium,4,9,10,6,1254.7191477317592
Phone_5040,OnePlus,6000,6,64,48,6.5,Budget,10,5,3,4,209.92402339512157
Phone_5041,Samsung,5000,12,256,50,6.5,Premium,4,9,10,9,1301.230494172666
Phone_5042,OnePlus,4500,16,256,50,6.4,Premium,7,9,9,7,1035.4374181572896
Phone_5043,Apple,4500,16,256,50,6.1,Premium,5,9,10,10,825.4361584221151
Phone_5044,Apple,5000,8,512,108,6.8,Mid-Range,6,8,5,7,504.57646998074716
Phone_5045,Oppo,4000,4,1024,12,6.4,Mid-Range,6,7,7,5,375.81644606251564
Phone_5046,OnePlus,4500,4,256,48,6.8,Mid-Range,7,5,8,6,327.6028100370271
Phone_5047,Xiaomi,4500,16,1024,48,6.4,Premium,5,8,9,7,1114.9318340917298
Phone_5048,Oppo,4000,16,512,50,6.1,Premium,7,7,10,9,963.0869819090589
Phone_5049,Apple,3000,6,64,108,6.7,Budget,7,3,6,2,288.7131113238656
Phone_5050,OnePlus,3000,16,128,48,6.5,Mid-Range,8,7,6,4,378.76737845735965
Phone_5051,Oppo,5000,16,128,48,6.8,Mid-Range,7,5,6,5,379.0885503930209
Phone_5052,OnePlus,6000,6,128,108,6.8,Budget,8,3,6,2,293.681183505878
Phone_5053,Apple,4500,12,128,50,6.1,Mid-Range,5,7,7,7,522.155871117754
Phone_5054,Oppo,4500,12,512,108,6.8,Premium,5,8,7,8,1025.9908664631018
Phone_5055,Apple,5000,6,128,12,6.7,Budget,8,3,5,5,255.40828805943192
Phone_5056,Samsung,5000,6,512,48,6.7,Mid-Range,5,5,7,4,567.9001059081911
Phone_5057,Apple,4500,12,64,12,6.1,Mid-Range,6,6,7,8,571.4047094669907
Phone_5058,OnePlus,4000,12,256,48,6.4,Premium,6,9,10,10,1181.447938781808
Phone_5059,Xiaomi,4000,12,256,12,6.4,Premium,4,10,10,6,1011.532954964807
Phone_5060,Apple,6000,12,256,48,6.8,Premium,7,9,9,6,1117.021220943936
Phone_5061,Xiaomi,4500,8,512,50,6.8,Mid-Range,7,5,8,8,492.7328071921685
Phone_5062,Samsung,4500,6,512,64,6.1,Mid-Range,7,8,5,5,381.6426446814617
Phone_5063,Oppo,4500,4,512,108,6.7,Mid-Range,6,8,6,7,350.70449749242283
Phone_5064,Oppo,4500,8,64,48,6.1,Mid-Range,5,6,5,5,543.6398667931967
Phone_5065,Xiaomi,5000,4,1024,108,6.4,Mid-Range,8,5,7,6,678.6332505174448
Phone_5066,Oppo,3000,4,512,48,6.7,Mid-Range,6,5,8,6,411.2859642096603
Phone_5067,Apple,4500,16,512,64,6.8,Premium,6,8,10,10,763.1441745715332
Phone_5068,Xiaomi,3000,6,256,50,6.4,Mid-Range,7,5,8,4,469.54461200900374
Phone_5069,OnePlus,4000,8,128,50,6.5,Mid-Range,8,8,5,8,300.1930330790606
Phone_5070,Apple,6000,6,128,108,6.4,Budget,7,6,4,5,109.59923624978877
Phone_5071,Apple,4000,12,64,64,6.7,Mid-Range,8,6,7,4,319.791715906186
Phone_5072,Apple,4500,6,128,108,6.7,Budget,7,5,3,5,218.80031589189366
Phone_5073,OnePlus,4000,4,1024,50,6.1,Mid-Range,7,6,8,7,647.9731968136037
Phone_5074,Samsung,5000,12,256,12,6.7,Premium,7,7,10,6,1307.0493958401094
Phone_5075,Oppo,3000,6,64,108,6.5,Budget,7,3,3,3,170.77887618351332
Phone_5076,Xiaomi,4500,6,128,48,6.5,Budget,7,3,5,3,287.7851871068008
Phone_5077,Samsung,5000,4,128,50,6.7,Budget,10,3,3,3,296.79072247876036
Phone_5078,Xiaomi,3000,12,256,48,6.8,Premium,6,10,10,8,1196.6448215170578
Phone_5079,Oppo,5000,4,64,64,6.7,Budget,8,5,5,2,243.5829507899363
Phone_5080,OnePlus,4000,6,256,50,6.8,Mid-Range,8,8,5,7,344.38289179488885
Phone_5081,Apple,4500,8,64,50,6.7,Mid-Range,6,5,7,5,546.1547471919945
Phone_5082,Apple,4000,8,128,108,6.4,Mid-Range,8,6,5,8,686.682075035077
Phone_5083,OnePlus,6000,16,256,108,6.7,Premium,7,9,9,7,1047.346576232322
Phone_5084,Samsung,4500,8,256,48,6.4,Mid-Range,7,5,5,7,627.5579047113415
Phone_5085,Samsung,4000,12,1024,108,6.8,Premium,4,9,10,8,1417.3213405660895
Phone_5086,Xiaomi,4500,16,256,12,6.7,Premium,6,7,7,9,1201.3489323367278
Phone_5087,OnePlus,3000,12,64,50,6.8,Mid-Range,5,7,8,7,483.61488670767926
Phone_5088,Samsung,4500,8,1024,64,6.5,Mid-Range,8,5,8,8,495.493353961941
Phone_5089,OnePlus,4500,8,256,50,6.1,Mid-Range,6,8,7,7,303.63337133736655
Phone_5090,Oppo,3000,6,256,48,6.8,Mid-Range,5,6,6,4,489.7800016439545
Phone_5091,Apple,4000,12,1024,108,6.4,Premium,7,8,7,9,1261.479313774541
Phone_5092,Apple,4500,4,128,50,6.1,Budget,8,6,6,5,183.15688088934388
Phone_5093,Apple,5000,6,256,108,6.7,Mid-Range,8,6,6,8,339.42298579361847
Phone_5094,OnePlus,4500,12,512,48,6.4,Premium,6,8,9,8,1449.393696887449
Phone_5095,OnePlus,4000,16,128,108,6.1,Mid-Range,6,7,5,4,367.09835550021944
Phone_5096,Xiaomi,3000,12,256,64,6.1,Premium,4,9,10,9,1065.536853606065
Phone_5097,Apple,4000,16,128,48,6.8,Mid-Range,5,6,7,8,521.0530002373794
Phone_5098,Xiaomi,6000,16,64,50,6.7,Mid-Range,8,5,5,4,652.0034389588936
Phone_5099,Apple,4500,8,128,50,6.7,Mid-Range,8,8,6,7,315.45809335492254
Phone_5100,Xiaomi,4500,4,1024,64,6.7,Mid-Range,5,8,6,6,376.6250504279119
Phone_5101,Xiaomi,3000,12,256,12,6.8,Premium,5,7,7,8,1222.3971644487583
Phone_5102,Oppo,4500,4,128,108,6.8,Budget,8,3,4,5,209.55817067414537
Phone_5103,Xiaomi,5000,16,512,50,6.7,Premium,7,7,9,9,1257.196175602883
Phone_5104,OnePlus,5000,8,64,64,6.1,Mid-Range,6,5,7,8,335.44498546159065
Phone_5105,Xiaomi,4000,4,64,108,6.7,Budget,7,5,4,5,265.9580155001115
Phone_5106,Apple,3000,6,128,48,6.8,Budget,8,5,5,5,188.73289917414832
Phone_5107,Xiaomi,6000,16,1024,64,6.7,Premium,7,9,9,9,1421.669709681713
Phone_5108,Samsung,4000,6,64,48,6.8,Budget,10,4,5,4,238.85759639206552
Phone_5109,Apple,3000,4,128,48,6.7,Budget,8,3,6,5,207.00922866940363
Phone_5110,Samsung,3000,4,128,48,6.1,Budget,7,4,4,3,235.50778103385065
Phone_5111,Apple,4000,4,64,108,6.1,Budget,8,5,5,3,235.51549611458512
Phone_5112,OnePlus,4000,12,128,12,6.8,Mid-Range,8,5,5,5,492.90961568435546
Phone_5113,OnePlus,4500,16,128,48,6.8,Mid-Range,5,5,7,8,363.0763921906819
Phone_5114,OnePlus,6000,16,512,50,6.4,Premium,4,7,7,9,745.5924666445464
Phone_5115,Samsung,5000,16,128,108,6.5,Mid-Range,5,7,8,7,376.2182561224861
Phone_5116,Oppo,4500,12,128,108,6.4,Mid-Range,6,7,5,8,421.7571040006228
Phone_5117,Apple,3000,4,1024,48,6.8,Mid-Range,6,8,7,5,669.6863271858058
Phone_5118,OnePlus,6000,4,64,50,6.8,Budget,7,6,6,4,108.82612743822281
Phone_5119,Apple,6000,6,1024,64,6.7,Mid-Range,7,7,6,4,489.5379525990766
Phone_5120,Samsung,4000,12,256,108,6.4,Premium,6,8,8,10,1397.187465586739
Phone_5121,Oppo,6000,8,1024,48,6.5,Mid-Range,7,6,6,6,667.198875942946
Phone_5122,Samsung,6000,12,256,48,6.4,Premium,5,7,8,9,948.1773572508949
Phone_5123,Apple,3000,6,256,12,6.1,Mid-Range,5,7,7,5,398.90355073429805
Phone_5124,Oppo,4500,6,1024,12,6.1,Mid-Range,8,5,6,8,677.2618963585169
Phone_5125,Oppo,6000,6,512,64,6.4,Mid-Range,7,7,8,7,432.5557387669319
Phone_5126,Samsung,4000,4,1024,64,6.4,Mid-Range,7,5,5,5,657.9685507965206
Phone_5127,OnePlus,4500,8,64,64,6.8,Mid-Range,6,6,6,7,337.28153143811534
Phone_5128,Apple,4000,6,1024,64,6.7,Mid-Range,8,7,8,8,379.34021535032866
Phone_5129,Xiaomi,6000,16,512,48,6.1,Premium,7,8,10,10,1077.403043447166
Phone_5130,Xiaomi,4500,4,1024,48,6.5,Mid-Range,7,8,5,7,419.6107634004663
Phone_5131,Samsung,6000,8,512,48,6.7,Mid-Range,7,8,5,6,649.5411884175048
Phone_5132,Apple,3000,16,64,50,6.4,Mid-Range,7,7,6,5,363.7079281695836
Phone_5133,Apple,4500,8,128,64,6.1,Mid-Range,8,8,7,8,389.9385978191649
Phone_5134,Samsung,4000,8,512,50,6.4,Mid-Range,5,6,5,4,386.4743456611342
Phone_5135,Apple,3000,16,512,108,6.1,Premium,5,8,10,6,717.4455362620856
Phone_5136,OnePlus,5000,12,512,108,6.5,Premium,5,7,7,7,1205.9333617722632
Phone_5137,Samsung,4000,8,64,48,6.7,Mid-Range,8,5,6,7,469.5389818084167
Phone_5138,OnePlus,6000,12,256,108,6.5,Premium,5,7,9,10,770.7270802883288
Phone_5139,Apple,4000,8,512,48,6.5,Mid-Range,7,6,5,4,479.233896135876
Phone_5140,Samsung,5000,16,64,64,6.7,Mid-Range,7,6,8,4,625.3360287411806
Phone_5141,Apple,4000,8,128,50,6.7,Mid-Range,5,6,8,6,528.5718060475093
Phone_5142,Samsung,3000,6,512,48,6.5,Mid-Range,6,8,7,6,305.95317457477927
Phone_5143,Apple,4000,6,256,12,6.4,Mid-Range,5,5,8,7,534.2031651889713
Phone_5144,OnePlus,4500,8,64,12,6.7,Mid-Range,6,5,5,6,678.6054211853258
Phone_5145,OnePlus,5000,16,128,64,6.5,Mid-Range,7,7,6,8,521.4042231800986
Phone_5146,Apple,4000,16,256,50,6.5,Premium,6,10,10,9,1470.641181593307
Phone_5147,Samsung,5000,4,128,48,6.5,Budget,7,5,3,4,215.80638439825228
Phone_5148,Xiaomi,3000,16,256,64,6.4,Premium,7,10,7,8,921.7099875606194
Phone_5149,OnePlus,4500,12,1024,50,6.8,Premium,7,9,9,7,973.5360344396847
Phone_5150,OnePlus,6000,8,1024,12,6.8,Mid-Range,7,5,8,8,462.57450997762703
Phone_5151,Xiaomi,4000,6,1024,48,6.7,Mid-Range,7,5,8,6,314.832051448329
Phone_5152,Apple,3000,16,128,50,6.8,Mid-Range,5,7,7,8,344.4261778038491
Phone_5153,Samsung,5000,6,1024,108,6.1,Mid-Range,7,5,8,6,559.4885470610083
Phone_5154,Apple,5000,4,64,48,6.7,Budget,7,6,4,4,243.18757558492
Phone_5155,Oppo,3000,8,64,108,6.7,Mid-Range,8,7,7,7,395.61097945198924
Phone_5156,OnePlus,4000,16,1024,64,6.5,Premium,6,10,8,7,800.6309523848774
Phone_5157,Oppo,6000,6,256,50,6.1,Mid-Range,8,6,8,8,411.8662891149401
Phone_5158,OnePlus,4000,16,256,50,6.8,Premium,4,9,8,8,861.3569160907247
Phone_5159,OnePlus,4500,4,128,50,6.7,Budget,7,5,6,3,268.3403847636338
Phone_5160,Oppo,4000,6,256,50,6.1,Mid-Range,6,8,6,5,520.112540465797
Phone_5161,Oppo,4500,6,512,48,6.4,Mid-Range,7,6,5,7,415.078134041501
Phone_5162,Apple,5000,8,256,108,6.4,Mid-Range,6,5,8,6,627.5755237773263
Phone_5163,Oppo,4500,8,64,108,6.5,Mid-Range,7,5,5,5,620.5867916709607
Phone_5164,Apple,6000,6,256,64,6.1,Mid-Range,7,8,8,8,351.37701868401854
Phone_5165,Apple,3000,8,128,64,6.7,Mid-Range,5,7,7,8,363.9972707318432
Phone_5166,Apple,4500,6,256,50,6.4,Mid-Range,5,5,7,8,428.3961691199685
Phone_5167,OnePlus,4000,12,128,12,6.4,Mid-Range,8,5,6,8,532.3417767587418
Phone_5168,OnePlus,4500,16,512,12,6.8,Premium,5,10,8,8,736.4580517765008
Phone_5169,Oppo,5000,12,1024,50,6.8,Premium,6,9,10,10,717.2678181242375
Phone_5170,OnePlus,4500,12,512,108,6.1,Premium,7,10,7,6,1328.245100415505
Phone_5171,Oppo,6000,16,64,64,6.8,Mid-Range,6,7,5,7,434.23937967343716
Phone_5172,OnePlus,4500,6,512,48,6.1,Mid-Range,8,5,7,5,488.1626252956113
Phone_5173,Samsung,6000,6,512,12,6.7,Mid-Range,6,7,7,4,693.8877169419194
Phone_5174,Samsung,4000,8,64,64,6.7,Mid-Range,6,7,8,7,635.1859402801633
Phone_5175,Oppo,5000,4,64,12,6.7,Budget,8,6,3,5,242.34842545613688
Phone_5176,OnePlus,3000,6,1024,108,6.8,Mid-Range,5,7,6,4,523.9282576760584
Phone_5177,OnePlus,4000,16,1024,108,6.8,Premium,7,10,7,7,899.6721801785076
Phone_5178,Apple,4000,4,256,50,6.5,Mid-Range,6,6,5,7,642.778561084744
Phone_5179,Xiaomi,3000,16,128,50,6.4,Mid-Range,5,8,7,7,438.9718269384957
Phone_5180,Oppo,4500,16,64,12,6.7,Mid-Range,8,6,8,8,537.118403152401
Phone_5181,Xiaomi,4500,16,512,12,6.8,Premium,5,9,9,10,929.0604263720694
Phone_5182,Xiaomi,4500,4,512,64,6.4,Mid-Range,5,7,5,7,610.5638766105594
Phone_5183,Oppo,5000,12,1024,50,6.7,Premium,7,7,9,8,777.4988929987107
Phone_5184,OnePlus,4000,16,128,108,6.7,Mid-Range,6,6,7,4,658.0674140327674
Phone_5185,Oppo,6000,8,64,64,6.4,Mid-Range,6,6,6,4,527.5600469573855
Phone_5186,Xiaomi,3000,6,1024,64,6.4,Mid-Range,5,6,5,5,365.7218707637234
Phone_5187,OnePlus,4000,6,128,48,6.8,Budget,8,6,3,5,238.73485083425496
Phone_5188,Samsung,4500,6,64,108,6.4,Budget,10,5,4,3,167.17462304761509
Phone_5189,Oppo,3000,4,512,64,6.4,Mid-Range,6,6,8,7,400.2832208807278
Phone_5190,Oppo,6000,8,512,48,6.8,Mid-Range,8,8,6,4,431.7132382324336
Phone_5191,OnePlus,4000,8,1024,50,6.7,Mid-Range,5,6,5,6,348.4936759090012
Phone_5192,Samsung,4000,8,128,108,6.4,Mid-Range,5,5,8,5,329.57606909856526
Phone_5193,Samsung,5000,8,512,50,6.5,Mid-Range,6,7,5,8,480.22650939617495
Phone_5194,OnePlus,4000,8,128,48,6.1,Mid-Range,7,7,8,4,680.7492478354063
Phone_5195,Apple,4000,12,1024,108,6.4,Premium,6,7,9,8,1113.1280626751136
Phone_5196,Oppo,6000,8,256,12,6.4,Mid-Range,7,6,6,7,661.0896820896007
Phone_5197,Oppo,6000,8,128,12,6.1,Mid-Range,8,7,6,5,618.6937730382599
Phone_5198,Xiaomi,3000,4,128,12,6.5,Budget,10,6,3,4,189.00175525281287
Phone_5199,OnePlus,4500,4,1024,64,6.7,Mid-Range,8,6,8,5,583.9813407849022
Phone_5200,Xiaomi,6000,8,256,12,6.5,Mid-Range,7,7,7,7,536.7342689300945
Phone_5201,Xiaomi,3000,12,512,64,6.1,Premium,6,10,9,6,790.5326332347681
Phone_5202,Samsung,4000,8,64,64,6.4,Mid-Range,6,5,7,7,530.2610850054648
Phone_5203,Oppo,3000,8,1024,48,6.7,Mid-Range,8,5,7,5,440.79104312227133
Phone_5204,Xiaomi,3000,8,64,12,6.5,Mid-Range,6,8,6,4,342.1217446587251
Phone_5205,Samsung,3000,16,256,108,6.5,Premium,7,8,9,10,1277.8799392055473
Phone_5206,OnePlus,3000,12,256,64,6.7,Premium,5,8,7,10,807.1137306680199
Phone_5207,Xiaomi,6000,6,128,48,6.5,Budget,7,5,4,4,228.08927087818515
Phone_5208,Oppo,4500,8,64,64,6.1,Mid-Range,7,5,8,5,491.804034102995
Phone_5209,Xiaomi,3000,6,64,108,6.7,Budget,7,5,4,3,213.31935202943018
Phone_5210,OnePlus,5000,12,256,108,6.1,Premium,5,9,7,6,1295.5593381671438
Phone_5211,Xiaomi,4000,8,64,12,6.7,Mid-Range,8,6,5,4,398.77874905511356
Phone_5212,Oppo,4000,6,512,64,6.1,Mid-Range,5,5,7,8,638.819394996393
Phone_5213,Samsung,4000,6,256,108,6.4,Mid-Range,5,7,5,4,468.37933895207954
Phone_5214,Oppo,4000,12,128,50,6.4,Mid-Range,5,6,7,4,583.3957398016548
Phone_5215,Samsung,4000,8,128,108,6.5,Mid-Range,7,8,8,8,430.4320736712434
Phone_5216,Apple,3000,16,128,108,6.7,Mid-Range,7,6,8,4,580.9899220273307
Phone_5217,Oppo,4500,12,64,64,6.7,Mid-Range,5,8,6,7,317.4084760000444
Phone_5218,Oppo,5000,16,256,108,6.1,Premium,4,8,9,9,1391.8314163650007
Phone_5219,OnePlus,6000,8,128,48,6.5,Mid-Range,7,7,5,8,614.7578838027821
Phone_5220,Xiaomi,5000,6,256,108,6.5,Mid-Range,6,7,6,5,565.9222261467614
Phone_5221,Samsung,6000,12,64,50,6.7,Mid-Range,8,8,5,6,429.5528577013599
Phone_5222,Samsung,6000,12,512,108,6.4,Premium,5,9,7,8,1226.26095984237
Phone_5223,OnePlus,5000,12,512,12,6.7,Premium,6,9,8,7,850.3388017080094
Phone_5224,OnePlus,3000,4,512,64,6.7,Mid-Range,8,6,7,6,481.2337942414118
Phone_5225,Xiaomi,4000,8,64,50,6.8,Mid-Range,6,6,7,4,378.979933758186
Phone_5226,Xiaomi,3000,4,128,48,6.1,Budget,10,4,3,3,215.65670298309814
Phone_5227,Oppo,4000,12,64,108,6.1,Mid-Range,6,6,7,4,495.2783620158759
Phone_5228,Apple,4500,12,256,108,6.8,Premium,5,8,8,8,1118.2643773978098
Phone_5229,Xiaomi,6000,16,512,48,6.5,Premium,4,9,8,9,1095.0021711715808
Phone_5230,OnePlus,5000,4,256,108,6.1,Mid-Range,7,6,6,6,497.425714816291
Phone_5231,Xiaomi,4500,6,64,12,6.5,Budget,8,5,5,3,210.03827959187663
Phone_5232,Samsung,4000,8,1024,50,6.4,Mid-Range,5,7,8,8,395.69219461559175
Phone_5233,Apple,3000,6,1024,108,6.5,Mid-Range,5,7,8,6,323.0549888061875
Phone_5234,Oppo,5000,6,64,48,6.1,Budget,8,4,3,5,215.46680017340034
Phone_5235,Samsung,6000,8,128,48,6.5,Mid-Range,8,5,7,6,305.1037283120718
Phone_5236,Samsung,4500,12,256,50,6.4,Premium,5,9,9,9,1378.9448890206816
Phone_5237,Apple,6000,16,64,12,6.8,Mid-Range,5,7,5,4,535.2958207150728
Phone_5238,Oppo,4000,12,64,50,6.1,Mid-Range,6,6,5,6,695.1825342603576
Phone_5239,OnePlus,6000,12,1024,108,6.4,Premium,7,7,8,8,768.5737311755602
Phone_5240,Oppo,3000,4,512,12,6.7,Mid-Range,5,8,6,8,398.4962078116058
Phone_5241,Xiaomi,4500,6,512,12,6.8,Mid-Range,5,8,6,8,583.1569266221886
Phone_5242,Samsung,4500,6,128,48,6.8,Budget,10,5,3,2,237.08497795071273
Phone_5243,Xiaomi,3000,6,128,12,6.1,Budget,7,3,5,2,122.02247047428207
Phone_5244,OnePlus,6000,16,128,108,6.4,Mid-Range,8,8,8,5,545.774123127303
Phone_5245,Xiaomi,3000,16,1024,108,6.7,Premium,7,10,7,10,1086.6766086405748
Phone_5246,Oppo,5000,16,64,108,6.4,Mid-Range,7,7,8,4,499.4076852572656
Phone_5247,Xiaomi,3000,8,128,64,6.5,Mid-Range,5,8,6,5,676.2457390572661
Phone_5248,OnePlus,6000,16,1024,12,6.1,Premium,6,8,9,10,956.8917680832847
Phone_5249,OnePlus,3000,4,256,12,6.5,Mid-Range,7,8,6,5,419.5675891836506
Phone_5250,OnePlus,4000,4,64,108,6.5,Budget,9,6,4,2,245.22534852655647
Phone_5251,Oppo,3000,12,256,48,6.8,Premium,6,10,9,8,1422.5106959629388
Phone_5252,OnePlus,3000,12,512,12,6.8,Premium,7,9,8,8,1286.873070500904
Phone_5253,Samsung,6000,12,512,64,6.5,Premium,4,10,8,10,917.8879421023007
Phone_5254,OnePlus,5000,12,64,12,6.4,Mid-Range,6,7,6,5,679.1558100096927
Phone_5255,Xiaomi,5000,4,128,50,6.1,Budget,8,6,5,2,291.5789291265237
Phone_5256,Xiaomi,6000,12,64,64,6.1,Mid-Range,5,8,6,7,644.6076161443465
Phone_5257,Xiaomi,6000,4,128,48,6.4,Budget,9,3,5,3,110.71295645779058
Phone_5258,Oppo,6000,16,512,64,6.5,Premium,6,10,10,6,1165.4678895430543
Phone_5259,Xiaomi,4000,16,64,64,6.1,Mid-Range,5,5,5,6,438.985892638908
Phone_5260,Oppo,4500,8,64,12,6.8,Mid-Range,7,8,8,4,543.3271693343296
Phone_5261,Oppo,3000,12,128,64,6.7,Mid-Range,7,6,5,4,487.38597521415676
Phone_5262,OnePlus,6000,16,512,108,6.8,Premium,6,8,7,7,1023.7076951164997
Phone_5263,Samsung,6000,16,512,64,6.4,Premium,7,10,7,8,823.9793262318061
Phone_5264,OnePlus,6000,6,128,12,6.7,Budget,7,5,4,4,210.22485341784147
Phone_5265,OnePlus,5000,6,128,108,6.1,Budget,9,3,3,5,186.113647836925
Phone_5266,Oppo,6000,4,128,48,6.1,Budget,8,6,4,5,168.0560614194905
Phone_5267,Oppo,3000,8,512,50,6.7,Mid-Range,6,7,7,7,631.1267950955389
Phone_5268,Xiaomi,6000,6,512,64,6.1,Mid-Range,8,5,6,7,566.4727911996696
Phone_5269,Xiaomi,3000,8,64,108,6.7,Mid-Range,5,8,5,6,681.4839912081148
Phone_5270,OnePlus,4000,16,512,108,6.5,Premium,4,9,7,7,1447.6919368356355
Phone_5271,Apple,4500,4,256,48,6.4,Mid-Range,6,5,8,4,523.4607244739875
Phone_5272,Apple,5000,8,256,48,6.8,Mid-Range,6,6,7,5,688.6810661825867
Phone_5273,Xiaomi,3000,6,128,50,6.7,Budget,10,5,4,2,203.79731176983438
Phone_5274,Apple,4000,16,128,50,6.7,Mid-Range,5,6,8,4,383.47718481912204
Phone_5275,Xiaomi,4500,12,128,12,6.5,Mid-Range,7,8,7,6,422.7779177135996
Phone_5276,Oppo,4500,16,64,50,6.8,Mid-Range,5,8,7,8,550.1355366243433
Phone_5277,OnePlus,4500,6,256,50,6.5,Mid-Range,8,5,6,6,675.7500019198264
Phone_5278,Samsung,3000,6,256,108,6.5,Mid-Range,5,6,6,5,525.3427287051917
Phone_5279,OnePlus,4000,12,512,64,6.4,Premium,5,10,8,10,1234.4643109728513
Phone_5280,Xiaomi,6000,16,256,64,6.1,Premium,6,8,9,7,823.2139987122724
Phone_5281,Xiaomi,4000,8,512,50,6.8,Mid-Range,5,5,7,6,509.0496638937195
Phone_5282,OnePlus,4000,8,64,12,6.5,Mid-Range,6,8,6,5,359.0406648622651
Phone_5283,Xiaomi,4000,16,128,12,6.1,Mid-Range,6,6,6,8,404.25284656425225
Phone_5284,Apple,3000,8,128,64,6.1,Mid-Range,5,6,8,6,366.5218285626133
Phone_5285,Apple,3000,16,512,48,6.1,Premium,6,10,7,8,1366.7919882895708
Phone_5286,Xiaomi,3000,16,1024,108,6.1,Premium,7,8,10,9,717.709702024997
Phone_5287,Xiaomi,4000,6,512,50,6.4,Mid-Range,7,7,6,5,419.29814371503664
Phone_5288,Apple,3000,4,64,108,6.4,Budget,9,6,5,3,219.11335762200684
Phone_5289,Xiaomi,4500,6,256,50,6.5,Mid-Range,7,6,8,8,308.0341680414392
Phone_5290,Xiaomi,3000,8,512,50,6.1,Mid-Range,6,7,5,6,622.5544779523025
Phone_5291,OnePlus,5000,4,64,64,6.5,Budget,9,3,4,2,297.9028086519575
Phone_5292,Samsung,3000,16,128,108,6.7,Mid-Range,5,5,8,7,391.5114063964626
Phone_5293,Apple,3000,8,1024,108,6.4,Mid-Range,5,5,6,5,314.42403540403126
Phone_5294,OnePlus,3000,12,1024,48,6.4,Premium,6,9,9,9,1064.7390203420275
Phone_5295,Samsung,3000,8,512,48,6.8,Mid-Range,6,7,6,4,551.4321587155798
Phone_5296,Xiaomi,5000,4,256,108,6.7,Mid-Range,6,8,6,7,306.0811541398193
Phone_5297,Xiaomi,6000,4,512,48,6.4,Mid-Range,8,7,5,8,330.1435213486874
Phone_5298,OnePlus,3000,16,1024,48,6.1,Premium,5,10,9,7,1141.6032612902914
Phone_5299,Xiaomi,4500,12,1024,50,6.1,Premium,6,8,8,8,832.2923158923132
Phone_5300,Oppo,5000,16,128,64,6.1,Mid-Range,5,7,6,7,552.7240183785325
Phone_5301,OnePlus,6000,12,256,50,6.5,Premium,6,9,10,6,1244.3624795255535
Phone_5302,Samsung,3000,12,256,48,6.4,Premium,7,10,9,10,1279.29806768647
Phone_5303,OnePlus,6000,16,1024,50,6.5,Premium,4,10,8,7,941.8359767936458
Phone_5304,Apple,4500,8,1024,50,6.4,Mid-Range,7,7,6,7,359.326671950063
Phone_5305,OnePlus,5000,6,512,12,6.8,Mid-Range,7,5,8,6,329.5335968506424
Phone_5306,Xiaomi,5000,12,512,50,6.5,Premium,4,8,8,7,1464.4253190989757
Phone_5307,Xiaomi,6000,4,128,50,6.4,Budget,7,6,4,2,298.1722909977231
Phone_5308,Oppo,3000,16,1024,64,6.8,Premium,6,10,7,9,978.5401794868318
Phone_5309,Oppo,4000,8,512,108,6.4,Mid-Range,8,7,7,8,356.43210038941083
Phone_5310,Oppo,5000,12,128,12,6.7,Mid-Range,5,5,8,7,495.48361101627745
Phone_5311,Samsung,4000,8,256,12,6.5,Mid-Range,6,7,5,7,434.9482529194075
Phone_5312,Oppo,5000,16,1024,12,6.1,Premium,6,7,7,6,1333.9247653652237
Phone_5313,Samsung,3000,4,64,12,6.8,Budget,10,5,4,2,213.394386900811
Phone_5314,Oppo,3000,12,1024,64,6.8,Premium,4,9,9,8,1153.2753419296994
Phone_5315,Samsung,5000,12,512,108,6.1,Premium,5,10,8,10,978.8506920708021
Phone_5316,OnePlus,6000,8,1024,64,6.8,Mid-Range,7,8,6,6,654.5812777422738
Phone_5317,OnePlus,3000,16,64,12,6.1,Mid-Range,6,8,7,4,596.5160464938422
Phone_5318,Xiaomi,3000,6,1024,108,6.1,Mid-Range,5,7,6,7,442.0092018773309
Phone_5319,Samsung,4500,12,512,64,6.4,Premium,6,7,10,7,882.1223756487561
Phone_5320,Apple,3000,4,256,108,6.5,Mid-Range,6,8,6,8,556.7061847241993
Phone_5321,Xiaomi,4500,12,512,64,6.7,Premium,6,7,8,8,1144.4888632039897
Phone_5322,OnePlus,3000,12,128,108,6.8,Mid-Range,7,6,7,5,580.7051275917661
Phone_5323,Samsung,3000,6,512,64,6.4,Mid-Range,7,6,5,6,559.9159050198023
Phone_5324,Oppo,6000,6,128,12,6.7,Budget,10,3,6,2,187.15026780650996
Phone_5325,Apple,6000,16,1024,12,6.7,Premium,4,7,10,10,832.2741683775772
Phone_5326,OnePlus,3000,12,128,12,6.8,Mid-Range,7,7,7,4,540.6267460272113
Phone_5327,Xiaomi,5000,12,1024,64,6.8,Premium,5,8,9,10,1439.3603342279225
Phone_5328,Samsung,5000,8,128,108,6.4,Mid-Range,8,8,7,8,375.8783899829355
Phone_5329,Apple,3000,8,512,108,6.8,Mid-Range,8,8,8,5,607.408318091368
Phone_5330,Samsung,5000,4,64,48,6.7,Budget,8,6,3,5,180.68200488465078
Phone_5331,Oppo,3000,4,1024,50,6.8,Mid-Range,8,6,5,6,517.8395260641012
Phone_5332,Xiaomi,6000,8,128,12,6.4,Mid-Range,5,5,6,4,417.0968718198528
Phone_5333,Samsung,4000,4,64,12,6.4,Budget,8,3,4,2,106.72268665693045
Phone_5334,OnePlus,4500,12,128,12,6.4,Mid-Range,5,5,5,6,611.9467062004995
Phone_5335,Xiaomi,5000,6,128,48,6.8,Budget,10,5,4,5,117.27408862811023
Phone_5336,OnePlus,5000,12,128,48,6.5,Mid-Range,7,8,8,7,634.5140662078322
Phone_5337,Samsung,6000,8,512,48,6.4,Mid-Range,6,7,6,6,641.7780979737569
Phone_5338,Xiaomi,5000,16,128,12,6.5,Mid-Range,6,5,7,4,464.5518518304398
Phone_5339,OnePlus,3000,16,64,108,6.1,Mid-Range,7,7,6,5,623.5869240197674
Phone_5340,Oppo,3000,8,128,12,6.4,Mid-Range,6,8,7,7,438.3737608772557
Phone_5341,Oppo,4000,12,256,48,6.5,Premium,5,7,7,9,1373.3089728942086
Phone_5342,Samsung,4000,4,1024,48,6.5,Mid-Range,7,6,8,4,575.7350117107414
Phone_5343,Xiaomi,4000,4,512,50,6.7,Mid-Range,6,6,6,5,379.5837673082645
Phone_5344,Apple,3000,16,256,64,6.5,Premium,4,8,10,10,1346.612760721562
Phone_5345,Xiaomi,4000,8,256,50,6.7,Mid-Range,8,5,7,5,365.54775964282
Phone_5346,Oppo,4000,8,64,50,6.5,Mid-Range,7,7,7,8,456.61450889719504
Phone_5347,OnePlus,3000,6,64,12,6.5,Budget,8,5,3,5,163.43364475224865
Phone_5348,Apple,6000,16,512,64,6.1,Premium,6,7,7,6,1065.401951704067
Phone_5349,Samsung,5000,8,512,64,6.5,Mid-Range,5,6,8,8,359.25564161694473
Phone_5350,Apple,4500,6,1024,12,6.8,Mid-Range,7,8,6,7,590.2004634989556
Phone_5351,Samsung,3000,4,128,108,6.8,Budget,10,4,5,4,293.1089152949988
Phone_5352,Apple,3000,16,512,12,6.8,Premium,4,10,9,7,1322.29739521848
Phone_5353,Samsung,4500,16,512,108,6.1,Premium,6,7,10,6,1195.3382309262065
Phone_5354,Samsung,4500,8,128,108,6.5,Mid-Range,6,7,5,5,519.65004911252
Phone_5355,Apple,4000,8,1024,64,6.1,Mid-Range,5,6,7,6,541.7055322932849
Phone_5356,Apple,4500,12,64,12,6.5,Mid-Range,7,6,6,6,675.6099602336698
Phone_5357,Samsung,5000,4,1024,12,6.7,Mid-Range,7,8,5,8,314.6242872419011
Phone_5358,Oppo,5000,4,128,64,6.1,Budget,8,4,6,4,150.44250410509707
Phone_5359,Apple,5000,6,64,50,6.8,Budget,10,3,4,3,126.5645412852867
Phone_5360,Xiaomi,5000,6,64,12,6.8,Budget,9,4,4,5,199.03193721401576
Phone_5361,OnePlus,5000,12,64,48,6.8,Mid-Range,7,7,7,5,658.4534774799885
Phone_5362,Samsung,4000,4,1024,48,6.5,Mid-Range,8,5,6,8,334.6119026638062
Phone_5363,Samsung,3000,6,128,12,6.5,Budget,8,4,3,3,226.8863602185603
Phone_5364,OnePlus,4500,4,1024,108,6.1,Mid-Range,6,6,8,7,682.2674861565476
Phone_5365,Oppo,3000,4,1024,64,6.4,Mid-Range,6,8,6,7,670.6105744093087
Phone_5366,OnePlus,4500,6,256,108,6.5,Mid-Range,8,5,6,4,669.4989614914432
Phone_5367,Apple,4000,8,512,48,6.4,Mid-Range,8,8,6,6,675.8740631418541
Phone_5368,OnePlus,4000,8,1024,48,6.4,Mid-Range,6,7,8,4,500.03876768434236
Phone_5369,Samsung,6000,6,256,64,6.5,Mid-Range,6,7,7,6,690.7598427059606
Phone_5370,OnePlus,6000,12,128,48,6.1,Mid-Range,6,6,7,4,656.9249945997574
Phone_5371,Xiaomi,4000,16,256,50,6.4,Premium,6,7,8,7,1324.5010739691447
Phone_5372,Apple,4000,4,1024,48,6.1,Mid-Range,6,8,5,7,625.0836111198842
Phone_5373,OnePlus,4500,16,128,108,6.1,Mid-Range,6,7,7,7,584.9776743169413
Phone_5374,Samsung,4000,6,256,108,6.5,Mid-Range,7,6,8,4,353.6392024073342
Phone_5375,Apple,3000,4,1024,50,6.4,Mid-Range,8,5,5,8,595.1691974540327
Phone_5376,Samsung,4500,16,128,108,6.1,Mid-Range,7,5,7,6,493.9690709022992
Phone_5377,Oppo,4000,8,128,108,6.4,Mid-Range,8,7,7,7,641.5295551817364
Phone_5378,Xiaomi,4500,12,512,108,6.1,Premium,4,9,8,10,714.4671788412973
Phone_5379,Oppo,4500,16,1024,12,6.5,Premium,7,7,8,9,1124.193426890004
Phone_5380,Xiaomi,5000,12,512,50,6.1,Premium,7,10,9,7,1285.8447802561998
Phone_5381,OnePlus,6000,8,128,50,6.5,Mid-Range,6,5,8,7,584.098157063059
Phone_5382,Apple,4500,16,128,48,6.5,Mid-Range,7,7,6,4,450.8291622903705
Phone_5383,OnePlus,4500,6,256,50,6.4,Mid-Range,8,7,5,8,610.3974598793686
Phone_5384,Xiaomi,5000,4,512,64,6.4,Mid-Range,6,8,8,6,541.0249585108835
Phone_5385,Xiaomi,4000,8,64,50,6.4,Mid-Range,8,5,8,6,498.23224698258696
Phone_5386,Xiaomi,4500,12,1024,64,6.7,Premium,5,7,9,9,856.8342259441001
Phone_5387,Samsung,5000,12,512,108,6.4,Premium,6,8,7,10,1092.4854659121495
Phone_5388,Apple,3000,8,128,64,6.4,Mid-Range,7,5,6,6,468.1521490890618
Phone_5389,OnePlus,5000,6,256,12,6.1,Mid-Range,7,6,7,8,433.0109441443219
Phone_5390,OnePlus,6000,6,1024,108,6.7,Mid-Range,5,6,8,7,695.5081439663652
Phone_5391,Oppo,6000,12,1024,64,6.7,Premium,5,10,7,7,798.3372334672621
Phone_5392,Xiaomi,4000,8,256,108,6.1,Mid-Range,5,8,8,8,515.9539110952696
Phone_5393,Xiaomi,4000,8,128,12,6.4,Mid-Range,6,7,5,7,647.4890483403912
Phone_5394,Xiaomi,6000,4,64,108,6.8,Budget,7,6,6,5,259.99528872750386
Phone_5395,OnePlus,6000,12,256,108,6.5,Premium,7,10,8,9,1161.802689598049
Phone_5396,Oppo,4500,6,64,50,6.7,Budget,7,5,3,2,252.32679808953236
Phone_5397,Samsung,6000,16,512,48,6.1,Premium,5,10,9,8,904.542633510541
Phone_5398,Apple,4000,6,1024,64,6.8,Mid-Range,8,7,6,7,394.43563806229497
Phone_5399,Samsung,6000,6,128,48,6.5,Budget,9,3,5,2,220.0751320273186
Phone_5400,OnePlus,4000,16,64,12,6.8,Mid-Range,8,5,5,7,696.9773636275631
Phone_5401,Xiaomi,3000,12,128,12,6.4,Mid-Range,6,8,6,8,532.3651275161594
Phone_5402,Apple,6000,4,512,108,6.1,Mid-Range,8,5,7,7,495.7943143407623
Phone_5403,OnePlus,4000,6,64,48,6.5,Budget,8,5,4,3,210.54113253631172
Phone_5404,OnePlus,5000,6,128,64,6.5,Budget,9,6,4,4,199.02155050366935
Phone_5405,OnePlus,4500,12,128,64,6.4,Mid-Range,5,8,5,7,610.3428260282392
Phone_5406,Apple,4000,12,512,108,6.4,Premium,7,9,9,10,1362.4435356314887
Phone_5407,Apple,6000,8,256,64,6.4,Mid-Range,5,6,6,7,341.97808005683163
Phone_5408,Oppo,6000,12,512,50,6.1,Premium,4,8,9,8,1190.35842714663
Phone_5409,Oppo,3000,12,64,48,6.7,Mid-Range,5,7,6,4,375.6512280941154
Phone_5410,Samsung,5000,6,64,12,6.8,Budget,8,3,4,3,196.15251609919176
Phone_5411,Apple,4000,4,1024,64,6.1,Mid-Range,6,5,5,5,512.1936612493126
Phone_5412,Apple,5000,6,128,64,6.1,Budget,8,4,5,5,211.0512866943801
Phone_5413,Apple,3000,12,64,64,6.8,Mid-Range,8,7,8,7,650.2632744826053
Phone_5414,Oppo,4500,8,256,108,6.5,Mid-Range,8,6,7,5,516.8519210558441
Phone_5415,OnePlus,5000,4,256,12,6.8,Mid-Range,8,7,7,5,495.5074350772276
Phone_5416,Xiaomi,3000,8,512,48,6.4,Mid-Range,5,7,5,6,530.3011699570212
Phone_5417,Oppo,4000,16,64,64,6.5,Mid-Range,5,5,6,8,655.3640815996166
Phone_5418,Apple,4500,8,64,50,6.1,Mid-Range,8,8,7,5,559.4183747496269
Phone_5419,Oppo,6000,8,1024,108,6.8,Mid-Range,6,6,8,8,614.9489622665521
Phone_5420,Samsung,3000,12,1024,48,6.1,Premium,7,10,7,9,1034.4321944652331
Phone_5421,Apple,6000,12,1024,64,6.1,Premium,6,9,9,8,949.764045956955
Phone_5422,Samsung,4500,12,64,48,6.8,Mid-Range,6,8,5,5,626.7750141334074
Phone_5423,Apple,3000,12,512,108,6.1,Premium,4,10,8,6,782.8484084080402
Phone_5424,Oppo,3000,12,512,50,6.7,Premium,6,8,9,7,1126.376693149734
Phone_5425,OnePlus,4500,8,512,64,6.7,Mid-Range,8,6,8,5,486.9783594659613
Phone_5426,Xiaomi,4000,16,512,50,6.1,Premium,7,9,10,8,1141.0498068740285
Phone_5427,Samsung,3000,12,256,108,6.5,Premium,5,8,8,7,740.4481581551155
Phone_5428,Oppo,4500,16,64,50,6.5,Mid-Range,7,5,5,7,574.107761747051
Phone_5429,OnePlus,5000,16,128,108,6.5,Mid-Range,6,6,5,8,587.5532308501956
Phone_5430,Oppo,6000,6,64,50,6.5,Budget,8,4,3,4,212.85373557330817
Phone_5431,Samsung,3000,6,512,48,6.7,Mid-Range,6,5,7,8,429.537986572789
Phone_5432,Xiaomi,5000,4,256,48,6.5,Mid-Range,6,8,5,5,523.0929981056968
Phone_5433,Oppo,3000,6,256,108,6.8,Mid-Range,7,8,7,5,301.406058068926
Phone_5434,Apple,4000,12,64,48,6.5,Mid-Range,6,6,7,4,638.9111642949822
Phone_5435,OnePlus,4500,16,128,50,6.8,Mid-Range,8,6,8,6,447.7918088213323
Phone_5436,Oppo,3000,4,512,50,6.7,Mid-Range,7,8,5,8,589.3593156003956
Phone_5437,OnePlus,4500,6,256,64,6.8,Mid-Range,8,6,6,7,607.7190491481956
Phone_5438,Apple,3000,8,512,108,6.8,Mid-Range,6,5,7,6,519.233220363471
Phone_5439,Xiaomi,4000,4,512,48,6.1,Mid-Range,8,8,6,7,616.0906143741836
Phone_5440,Xiaomi,4000,12,512,108,6.8,Premium,4,10,8,9,1380.1871760427634
Phone_5441,Apple,5000,16,1024,48,6.1,Premium,4,8,7,7,1064.5764929752909
Phone_5442,OnePlus,4000,12,512,64,6.5,Premium,6,8,8,7,989.1728229269784
Phone_5443,Oppo,4500,12,512,50,6.8,Premium,5,8,10,9,1110.7151749348002
Phone_5444,Apple,4000,8,128,50,6.8,Mid-Range,5,7,8,6,364.08189788931253
Phone_5445,Samsung,3000,8,128,12,6.4,Mid-Range,5,5,6,7,609.1296448940113
Phone_5446,OnePlus,4000,16,1024,108,6.5,Premium,5,8,7,10,822.180292640781
Phone_5447,Xiaomi,4500,6,1024,48,6.8,Mid-Range,8,8,6,4,413.8603872507939
Phone_5448,Apple,3000,12,512,12,6.8,Premium,7,9,10,10,1014.2885045746414
Phone_5449,Xiaomi,5000,6,256,108,6.4,Mid-Range,6,5,6,5,449.60300782866227
Phone_5450,OnePlus,5000,16,256,48,6.1,Premium,5,8,9,7,1306.2473273786495
Phone_5451,Xiaomi,5000,12,64,64,6.5,Mid-Range,5,5,8,6,437.2638425565737
Phone_5452,Apple,3000,6,256,108,6.4,Mid-Range,8,8,7,5,589.7467634030877
Phone_5453,OnePlus,5000,12,256,48,6.5,Premium,4,10,7,9,897.4154986608951
Phone_5454,Samsung,4000,8,128,50,6.5,Mid-Range,5,7,8,5,488.11722858652763
Phone_5455,Apple,3000,8,64,108,6.1,Mid-Range,8,8,5,8,308.1277698060082
Phone_5456,Oppo,3000,4,64,48,6.1,Budget,9,4,5,2,269.79614631249217
Phone_5457,Apple,3000,16,128,50,6.7,Mid-Range,6,7,8,7,548.9408517921531
Phone_5458,OnePlus,6000,6,256,50,6.4,Mid-Range,5,8,6,7,372.49414173834975
Phone_5459,Apple,4500,12,256,12,6.4,Premium,6,9,10,8,1328.2334337797108
Phone_5460,Samsung,6000,4,64,48,6.5,Budget,8,4,6,5,259.86981532957657
Phone_5461,Samsung,6000,16,256,12,6.7,Premium,6,9,9,7,718.6555720840356
Phone_5462,Oppo,6000,16,64,12,6.7,Mid-Range,8,8,6,8,474.03188219187604
Phone_5463,Xiaomi,4500,16,256,64,6.5,Premium,5,7,8,8,1161.5080473640965
Phone_5464,OnePlus,6000,6,512,12,6.1,Mid-Range,5,5,7,4,624.7782047184801
Phone_5465,OnePlus,5000,8,128,12,6.7,Mid-Range,8,6,5,6,338.98879627563406
Phone_5466,Xiaomi,3000,4,1024,64,6.4,Mid-Range,6,5,6,4,643.5709485435198
Phone_5467,Samsung,3000,6,512,64,6.1,Mid-Range,8,7,8,7,359.8942242398634
Phone_5468,Samsung,4000,12,256,108,6.8,Premium,4,10,9,7,777.231714779468
Phone_5469,Apple,5000,6,1024,12,6.7,Mid-Range,6,5,7,8,330.139018611686
Phone_5470,Oppo,4500,12,512,50,6.5,Premium,7,9,10,8,1440.0163456324622
Phone_5471,Oppo,3000,12,128,64,6.4,Mid-Range,6,7,5,5,557.8757264957845
Phone_5472,Oppo,6000,16,1024,48,6.7,Premium,6,7,7,9,807.1777831833921
Phone_5473,Apple,4000,6,1024,108,6.5,Mid-Range,6,7,7,5,310.6901062079487
Phone_5474,Oppo,4000,8,128,108,6.4,Mid-Range,8,8,6,8,371.1445318553993
Phone_5475,Xiaomi,3000,12,512,12,6.7,Premium,5,10,9,10,1092.401294818642
Phone_5476,Apple,5000,16,1024,50,6.4,Premium,6,7,9,6,707.2198538965415
Phone_5477,Xiaomi,4000,8,128,64,6.8,Mid-Range,5,5,8,5,320.54156022136806
Phone_5478,Apple,3000,6,512,48,6.4,Mid-Range,8,7,5,5,674.1639766476903
Phone_5479,Oppo,5000,8,256,12,6.5,Mid-Range,5,8,5,6,603.4041582872937
Phone_5480,Xiaomi,3000,6,64,50,6.7,Budget,9,4,5,4,146.14590301921956
Phone_5481,Xiaomi,3000,12,256,12,6.5,Premium,6,7,7,8,1220.9174643747556
Phone_5482,Xiaomi,5000,4,256,12,6.8,Mid-Range,5,7,6,6,449.70240009315444
Phone_5483,Apple,5000,4,64,108,6.1,Budget,8,5,6,3,242.7088211916428
Phone_5484,OnePlus,5000,12,256,48,6.4,Premium,4,10,10,8,1097.5240898200607
Phone_5485,Oppo,3000,8,256,48,6.5,Mid-Range,6,6,5,6,459.3869664536753
Phone_5486,Xiaomi,4000,6,128,48,6.7,Budget,8,4,4,2,197.6131458997669
Phone_5487,OnePlus,4500,4,128,48,6.7,Budget,7,6,6,2,104.24002872413925
Phone_5488,Oppo,4500,6,512,64,6.1,Mid-Range,6,5,5,6,562.9043943084087
Phone_5489,Oppo,3000,12,1024,64,6.7,Premium,5,7,9,8,744.5165765646904
Phone_5490,Xiaomi,3000,8,512,48,6.8,Mid-Range,6,8,8,7,368.476840994816
Phone_5491,Xiaomi,4000,6,128,50,6.1,Budget,10,5,6,3,114.09835983236238
Phone_5492,Apple,5000,8,128,64,6.8,Mid-Range,8,7,5,5,540.7920554160347
Phone_5493,OnePlus,3000,4,64,64,6.4,Budget,7,6,4,4,192.22244262785534
Phone_5494,OnePlus,6000,6,64,50,6.8,Budget,7,5,5,4,265.24971343998243
Phone_5495,Xiaomi,5000,16,128,48,6.4,Mid-Range,6,6,7,5,385.05125686769566
Phone_5496,Oppo,3000,4,256,12,6.8,Mid-Range,8,5,6,7,305.243572364851
Phone_5497,Xiaomi,6000,8,512,64,6.1,Mid-Range,6,6,5,7,505.11357733456833
Phone_5498,Oppo,4000,12,128,12,6.4,Mid-Range,6,5,6,8,697.0818423221813
Phone_5499,Oppo,6000,16,128,12,6.8,Mid-Range,6,7,7,8,693.5101412966957
Phone_5500,Xiaomi,3000,6,64,50,6.8,Budget,7,4,6,2,103.93940539422431
Phone_5501,Samsung,4500,4,512,48,6.7,Mid-Range,6,7,7,5,626.5628087592596
Phone_5502,OnePlus,3000,6,512,12,6.8,Mid-Range,5,6,6,8,369.32822343963045
Phone_5503,Oppo,4500,6,1024,48,6.7,Mid-Range,8,8,8,5,623.7406044977358
Phone_5504,Oppo,4000,16,128,108,6.8,Mid-Range,5,8,5,7,641.4197195546141
Phone_5505,Samsung,4000,16,1024,48,6.5,Premium,6,9,7,6,1498.889405852222
Phone_5506,Apple,5000,16,64,50,6.7,Mid-Range,5,5,6,4,394.9045520448836
Phone_5507,Samsung,5000,16,1024,50,6.1,Premium,6,7,9,9,1111.5671828885543
Phone_5508,Samsung,4500,12,256,108,6.1,Premium,7,7,8,9,959.1125628410273
Phone_5509,Oppo,4500,8,128,50,6.4,Mid-Range,8,8,6,8,310.6864777548844
Phone_5510,OnePlus,4000,16,128,48,6.1,Mid-Range,7,8,8,5,550.4340952720162
Phone_5511,Samsung,6000,4,512,48,6.4,Mid-Range,5,8,7,4,523.3319167804705
Phone_5512,Apple,4500,6,1024,48,6.1,Mid-Range,5,8,6,5,451.75726412807023
Phone_5513,Xiaomi,4500,16,512,50,6.7,Premium,4,7,9,10,955.1970115217543
Phone_5514,Samsung,6000,4,1024,48,6.5,Mid-Range,7,6,6,7,696.0379916222228
Phone_5515,Samsung,5000,12,1024,64,6.4,Premium,5,10,9,6,1216.7229103867505
Phone_5516,Apple,5000,4,64,108,6.5,Budget,8,4,5,5,101.20490760928924
Phone_5517,OnePlus,4500,4,1024,64,6.8,Mid-Range,5,8,6,7,558.12387695417
Phone_5518,Samsung,5000,12,512,48,6.8,Premium,4,10,8,8,824.3872828165828
Phone_5519,Samsung,5000,12,1024,50,6.5,Premium,5,7,9,6,1407.6363721051907
Phone_5520,OnePlus,5000,6,1024,108,6.7,Mid-Range,6,8,6,7,386.5881458389382
Phone_5521,Apple,4000,16,128,64,6.5,Mid-Range,8,7,5,6,560.3291950427056
Phone_5522,Samsung,3000,4,128,48,6.5,Budget,7,5,6,3,148.66088158598586
Phone_5523,OnePlus,4500,8,128,50,6.5,Mid-Range,8,5,6,7,690.3949938171345
Phone_5524,Samsung,4500,8,256,48,6.4,Mid-Range,8,6,8,4,492.36408255065317
Phone_5525,Xiaomi,4000,6,128,64,6.4,Budget,9,3,6,3,233.91464907904097
Phone_5526,Oppo,3000,8,256,64,6.5,Mid-Range,6,6,8,5,439.57693478590045
Phone_5527,Xiaomi,3000,6,256,108,6.7,Mid-Range,5,5,8,4,623.9901467516011
Phone_5528,Samsung,4000,16,512,50,6.8,Premium,4,8,9,6,1144.6218829650059
Phone_5529,Apple,6000,6,128,12,6.8,Budget,10,4,3,5,200.6698432076293
Phone_5530,Oppo,6000,12,1024,48,6.8,Premium,7,8,10,8,736.8561722741402
Phone_5531,Xiaomi,3000,12,64,50,6.1,Mid-Range,7,5,7,5,650.2803312488384
Phone_5532,OnePlus,6000,12,1024,12,6.7,Premium,5,7,9,9,1120.8415270730588
Phone_5533,Apple,6000,12,128,50,6.4,Mid-Range,8,7,6,5,574.5951222978111
Phone_5534,Xiaomi,6000,12,1024,48,6.8,Premium,5,9,7,6,742.2077006840274
Phone_5535,OnePlus,3000,12,128,48,6.4,Mid-Range,5,6,6,6,431.3484355544207
Phone_5536,Samsung,6000,12,128,108,6.4,Mid-Range,7,7,6,7,401.91266600213226
Phone_5537,OnePlus,4500,12,1024,64,6.4,Premium,4,9,7,8,1087.0664255548638
Phone_5538,Xiaomi,3000,12,256,64,6.4,Premium,4,8,10,6,1001.977800162859
Phone_5539,Xiaomi,4000,16,512,64,6.5,Premium,6,8,10,7,1153.2086891639738
Phone_5540,Samsung,6000,12,512,108,6.4,Premium,5,7,10,7,1351.2485255463725
Phone_5541,OnePlus,5000,6,512,64,6.1,Mid-Range,7,6,7,5,459.20656572667474
Phone_5542,OnePlus,3000,16,512,50,6.4,Premium,7,10,10,6,1393.61795850008
Phone_5543,Samsung,4000,8,64,64,6.8,Mid-Range,6,8,7,7,555.5051515221487
Phone_5544,OnePlus,4500,4,128,64,6.4,Budget,7,6,4,2,273.88525795590914
Phone_5545,Samsung,4000,16,64,48,6.8,Mid-Range,7,8,8,5,321.82457005162445
Phone_5546,Apple,6000,12,512,108,6.4,Premium,4,9,7,7,1012.413425567252
Phone_5547,Xiaomi,5000,16,512,108,6.7,Premium,4,7,10,6,927.115468780954
Phone_5548,Apple,6000,4,1024,64,6.5,Mid-Range,5,7,7,5,489.2752632307371
Phone_5549,Oppo,4000,4,512,12,6.8,Mid-Range,7,5,8,6,600.8053248462427
Phone_5550,Oppo,3000,12,128,48,6.1,Mid-Range,7,6,6,7,508.9293561801809
Phone_5551,Oppo,5000,12,512,64,6.4,Premium,4,10,7,9,1214.9082203599698
Phone_5552,Samsung,5000,6,512,12,6.8,Mid-Range,6,7,7,4,679.6151894613462
Phone_5553,OnePlus,4000,4,64,50,6.5,Budget,10,3,4,2,204.31865111729934
Phone_5554,Apple,6000,12,128,48,6.4,Mid-Range,7,8,7,8,335.9649784102493
Phone_5555,Apple,4000,4,256,108,6.5,Mid-Range,6,5,7,8,389.65304166015625
Phone_5556,Apple,5000,6,1024,12,6.1,Mid-Range,8,8,5,6,539.5840557672591
Phone_5557,Apple,4000,8,256,64,6.8,Mid-Range,6,7,5,7,688.4549346541039
Phone_5558,Oppo,5000,4,64,12,6.1,Budget,9,4,6,3,119.61640908121055
Phone_5559,Apple,6000,6,512,108,6.5,Mid-Range,8,6,6,4,560.5345371064207
Phone_5560,OnePlus,3000,6,1024,50,6.7,Mid-Range,5,8,5,4,596.6752564352521
Phone_5561,Oppo,3000,6,128,12,6.7,Budget,8,6,4,2,239.3911605971152
Phone_5562,Apple,4000,16,1024,64,6.8,Premium,4,9,8,10,1275.1185949445492
Phone_5563,Samsung,5000,12,64,12,6.4,Mid-Range,8,8,5,8,624.9578677836184
Phone_5564,Xiaomi,3000,4,512,50,6.1,Mid-Range,5,8,5,5,435.9558536922499
Phone_5565,Xiaomi,5000,16,64,12,6.7,Mid-Range,7,7,7,5,388.4485500357615
Phone_5566,Xiaomi,6000,4,128,50,6.7,Budget,7,5,6,2,188.18741658515887
Phone_5567,Oppo,4000,16,256,50,6.4,Premium,7,9,8,8,817.9818570643971
Phone_5568,Apple,5000,12,512,48,6.1,Premium,6,7,7,7,705.5365451258481
Phone_5569,Oppo,4000,6,512,48,6.5,Mid-Range,8,8,6,8,595.8019332630392
Phone_5570,OnePlus,5000,4,64,64,6.7,Budget,9,5,5,5,238.90665323019792
Phone_5571,Samsung,5000,6,64,64,6.8,Budget,8,4,5,4,262.80764790290056
Phone_5572,Samsung,6000,12,64,64,6.8,Mid-Range,6,8,5,6,697.0433927791667
Phone_5573,Xiaomi,4000,4,512,50,6.5,Mid-Range,6,8,5,6,607.2429193526309
Phone_5574,Xiaomi,4500,8,64,50,6.4,Mid-Range,6,8,7,5,470.2637482114069
Phone_5575,Xiaomi,5000,8,1024,48,6.4,Mid-Range,7,7,8,6,382.6602527936263
Phone_5576,Apple,5000,8,1024,50,6.7,Mid-Range,8,6,7,4,316.17126613755596
Phone_5577,OnePlus,3000,12,1024,48,6.7,Premium,5,9,10,10,734.5421626887704
Phone_5578,OnePlus,4000,8,512,12,6.7,Mid-Range,8,8,5,8,611.9912726398593
Phone_5579,OnePlus,4500,4,64,64,6.5,Budget,10,5,3,4,251.0219932813571
Phone_5580,OnePlus,6000,8,128,64,6.5,Mid-Range,5,8,5,7,300.95594204960435
Phone_5581,Xiaomi,4500,4,64,108,6.7,Budget,7,3,3,3,255.34462785874902
Phone_5582,Samsung,6000,12,512,48,6.4,Premium,4,8,9,8,1311.6551977638464
Phone_5583,Xiaomi,4500,6,1024,108,6.1,Mid-Range,5,7,5,6,669.5184098773798
Phone_5584,OnePlus,4500,16,512,64,6.7,Premium,7,7,7,10,1135.696073344664
Phone_5585,Xiaomi,4000,8,64,108,6.4,Mid-Range,8,5,5,5,575.4106496358181
Phone_5586,OnePlus,3000,16,512,12,6.4,Premium,4,7,7,8,853.8916310643167
Phone_5587,Oppo,4500,6,128,108,6.8,Budget,7,4,4,4,106.23650791510646
Phone_5588,Samsung,5000,12,512,12,6.1,Premium,5,8,10,6,1270.0144466505567
Phone_5589,Oppo,5000,12,256,64,6.7,Premium,4,7,7,10,1439.148344370874
Phone_5590,Apple,5000,6,512,50,6.1,Mid-Range,6,8,5,6,372.65285690473166
Phone_5591,Xiaomi,3000,16,64,48,6.7,Mid-Range,6,8,5,8,685.1722864834771
Phone_5592,Apple,4500,8,256,108,6.1,Mid-Range,5,8,7,6,671.982962515206
Phone_5593,Xiaomi,6000,4,1024,12,6.1,Mid-Range,6,6,5,8,318.7676836307143
Phone_5594,Oppo,6000,12,64,64,6.4,Mid-Range,5,6,5,5,487.9762880126028
Phone_5595,OnePlus,4000,6,128,64,6.1,Budget,8,6,3,2,209.36235074492768
Phone_5596,OnePlus,3000,16,512,50,6.1,Premium,5,8,8,9,785.2025384612543
Phone_5597,Xiaomi,4500,8,512,64,6.7,Mid-Range,8,6,8,8,431.3593380451549
Phone_5598,OnePlus,5000,16,64,64,6.4,Mid-Range,6,7,7,5,412.24382808720407
Phone_5599,Oppo,3000,8,512,50,6.1,Mid-Range,8,7,7,8,623.6682955585974
Phone_5600,OnePlus,3000,4,512,64,6.4,Mid-Range,6,5,7,8,678.8461740719027
Phone_5601,Oppo,4500,4,1024,12,6.4,Mid-Range,8,6,8,8,381.1182905119131
Phone_5602,Apple,4000,6,512,108,6.5,Mid-Range,8,5,5,4,394.11804892850796
Phone_5603,Oppo,4000,6,512,108,6.7,Mid-Range,6,8,7,6,467.6466338059321
Phone_5604,Samsung,4000,8,1024,12,6.5,Mid-Range,6,8,7,8,582.5212738635846
Phone_5605,Samsung,5000,8,512,108,6.4,Mid-Range,7,8,5,5,366.8250230643322
Phone_5606,Samsung,5000,8,1024,64,6.1,Mid-Range,7,7,6,8,487.17334903205017
Phone_5607,Xiaomi,4500,8,128,108,6.7,Mid-Range,7,8,5,6,636.3395460944246
Phone_5608,Xiaomi,4000,4,512,108,6.8,Mid-Range,8,8,6,6,393.62664789944347
Phone_5609,Xiaomi,4500,6,64,64,6.7,Budget,7,5,4,2,231.25378748261866
Phone_5610,Oppo,4000,6,256,108,6.5,Mid-Range,8,6,5,8,662.7310079511112
Phone_5611,Xiaomi,3000,12,128,64,6.7,Mid-Range,7,8,6,4,615.0126473282662
Phone_5612,Apple,6000,6,512,50,6.1,Mid-Range,7,6,8,4,579.5229891258004
Phone_5613,Samsung,6000,6,64,50,6.7,Budget,8,3,3,4,139.1397187616449
Phone_5614,Oppo,4000,16,256,108,6.8,Premium,5,10,9,8,1078.7740547949568
Phone_5615,Samsung,4500,16,1024,50,6.5,Premium,6,8,8,10,1128.4826501249588
Phone_5616,Xiaomi,5000,12,512,108,6.5,Premium,4,7,7,8,1110.1062963607578
Phone_5617,Oppo,4000,8,1024,50,6.4,Mid-Range,8,5,6,8,494.99951945597195
Phone_5618,OnePlus,4000,12,128,108,6.5,Mid-Range,6,8,7,7,669.119831018826
Phone_5619,Apple,5000,12,256,48,6.8,Premium,6,8,10,7,779.0469293436944
Phone_5620,Xiaomi,4000,4,256,12,6.8,Mid-Range,6,6,7,4,545.6435235593729
Phone_5621,Xiaomi,3000,6,1024,50,6.5,Mid-Range,7,8,7,7,682.2033016720034
Phone_5622,Apple,5000,4,1024,64,6.7,Mid-Range,7,7,8,4,481.3337316126795
Phone_5623,Apple,3000,6,128,12,6.8,Budget,7,4,3,4,109.65393577941782
Phone_5624,OnePlus,6000,12,64,108,6.5,Mid-Range,8,6,7,5,410.26064643994005
Phone_5625,Xiaomi,5000,6,512,12,6.5,Mid-Range,8,7,6,8,420.73097699517746
Phone_5626,Xiaomi,5000,8,64,64,6.7,Mid-Range,6,5,5,4,613.0830311154854
Phone_5627,Samsung,4500,8,256,64,6.5,Mid-Range,6,5,5,6,349.69772226715975
Phone_5628,Oppo,4500,12,512,108,6.1,Premium,6,8,7,7,1264.3341504980626
Phone_5629,Oppo,5000,16,128,50,6.4,Mid-Range,6,7,7,5,545.7078440194125
Phone_5630,Samsung,6000,8,64,50,6.8,Mid-Range,5,8,6,6,352.24577692526356
Phone_5631,Oppo,4000,12,64,48,6.7,Mid-Range,5,7,8,7,498.20667492537075
Phone_5632,Apple,4500,4,512,64,6.7,Mid-Range,8,5,6,8,314.0266354088427
Phone_5633,Oppo,6000,16,128,48,6.4,Mid-Range,8,5,6,4,567.5522000289753
Phone_5634,Oppo,6000,8,128,64,6.1,Mid-Range,6,5,7,4,663.3493371148236
Phone_5635,Samsung,4500,12,64,48,6.4,Mid-Range,8,7,7,6,649.9591575559127
Phone_5636,OnePlus,4000,12,64,50,6.5,Mid-Range,5,8,5,6,329.44715337553623
Phone_5637,Oppo,4500,4,1024,64,6.7,Mid-Range,5,8,8,4,536.4015984403311
Phone_5638,Oppo,6000,4,512,50,6.5,Mid-Range,6,6,8,8,341.5361327799978
Phone_5639,OnePlus,3000,16,128,12,6.7,Mid-Range,8,8,5,8,321.40970429374715
Phone_5640,Samsung,4500,8,256,50,6.7,Mid-Range,5,7,6,5,544.1540098802018
Phone_5641,OnePlus,6000,12,512,64,6.5,Premium,7,8,10,9,1396.1963235573369
Phone_5642,Samsung,4500,16,1024,12,6.4,Premium,6,10,9,7,976.3396382844161
Phone_5643,Apple,6000,16,512,48,6.8,Premium,6,7,9,9,1329.448275903763
Phone_5644,Samsung,4000,4,64,108,6.8,Budget,8,6,4,5,190.39352211517684
Phone_5645,Apple,6000,12,512,64,6.4,Premium,6,10,7,6,1286.3226453018456
Phone_5646,Apple,5000,6,512,108,6.1,Mid-Range,6,6,7,8,433.2762472431176
Phone_5647,Samsung,3000,4,512,108,6.4,Mid-Range,7,6,7,5,629.8624968576376
Phone_5648,Xiaomi,6000,12,256,12,6.4,Premium,5,9,10,7,985.9982527720241
Phone_5649,Samsung,4500,16,1024,48,6.4,Premium,4,10,10,6,1310.4838962270114
Phone_5650,Oppo,4500,16,512,50,6.8,Premium,7,8,9,9,1307.9295352131248
Phone_5651,Oppo,6000,8,512,12,6.7,Mid-Range,5,8,6,7,616.1629964150786
Phone_5652,Xiaomi,5000,6,256,48,6.1,Mid-Range,6,8,6,4,563.9514387654161
Phone_5653,Apple,6000,4,128,50,6.1,Budget,10,3,5,5,125.85757565197648
Phone_5654,Xiaomi,4000,8,512,50,6.1,Mid-Range,7,5,5,6,480.73599296010605
Phone_5655,Oppo,5000,8,512,48,6.5,Mid-Range,7,6,7,8,617.629266713383
Phone_5656,Xiaomi,6000,6,128,50,6.4,Budget,7,3,3,5,228.26885723965106
Phone_5657,Samsung,3000,4,512,64,6.7,Mid-Range,6,8,8,4,489.3478278613963
Phone_5658,Xiaomi,5000,4,512,64,6.7,Mid-Range,6,6,6,4,307.91462278809763
Phone_5659,Apple,6000,16,512,12,6.5,Premium,5,7,10,9,1325.1275096831291
Phone_5660,Samsung,3000,4,1024,50,6.8,Mid-Range,5,7,6,7,448.49650193384093
Phone_5661,OnePlus,6000,8,64,50,6.5,Mid-Range,8,5,7,6,418.57337717171447
Phone_5662,Oppo,4000,16,1024,48,6.5,Premium,4,7,8,9,1161.3015798025215
Phone_5663,Oppo,4500,4,128,64,6.4,Budget,10,3,6,3,249.83605402325787
Phone_5664,Xiaomi,6000,6,1024,108,6.8,Mid-Range,5,8,7,8,460.3699114355677
Phone_5665,Samsung,5000,8,1024,12,6.5,Mid-Range,8,8,6,5,668.941013896583
Phone_5666,OnePlus,6000,12,256,64,6.7,Premium,7,7,7,7,736.8693814810837
Phone_5667,Samsung,6000,6,128,48,6.4,Budget,8,3,5,2,191.1183912254063
Phone_5668,Oppo,6000,6,128,12,6.8,Budget,8,5,3,3,205.3946412294979
Phone_5669,Samsung,6000,4,128,108,6.7,Budget,8,6,6,3,296.41632649636347
Phone_5670,OnePlus,5000,16,1024,12,6.1,Premium,4,10,7,10,1086.7119331252115
Phone_5671,Xiaomi,5000,16,128,64,6.4,Mid-Range,8,6,8,4,328.09534518827223
Phone_5672,Apple,6000,8,256,108,6.7,Mid-Range,7,8,7,5,467.6788127795171
Phone_5673,Samsung,4500,4,512,48,6.5,Mid-Range,8,7,6,4,425.35397742541795
Phone_5674,Apple,6000,16,1024,12,6.5,Premium,5,8,7,7,1171.7911401147635
Phone_5675,Oppo,5000,12,512,64,6.4,Premium,7,7,7,8,748.3552813369489
Phone_5676,Xiaomi,4000,4,512,48,6.8,Mid-Range,6,6,8,6,369.707510509845
Phone_5677,Xiaomi,6000,4,1024,108,6.5,Mid-Range,7,8,7,6,451.1181738895806
Phone_5678,Samsung,6000,16,1024,12,6.7,Premium,6,7,10,10,1357.7246610049556
Phone_5679,Xiaomi,6000,6,128,50,6.1,Budget,8,6,4,4,263.97736190155643
Phone_5680,Samsung,6000,4,256,64,6.8,Mid-Range,5,7,5,4,459.36510381793005
Phone_5681,Samsung,3000,6,1024,64,6.4,Mid-Range,5,5,7,6,619.7597144007893
Phone_5682,Apple,6000,8,512,50,6.5,Mid-Range,7,5,6,6,527.3971908743506
Phone_5683,Xiaomi,5000,8,1024,48,6.8,Mid-Range,8,6,7,6,466.9796309915728
Phone_5684,Samsung,5000,16,256,64,6.1,Premium,7,7,8,7,1087.2835673082564
Phone_5685,Apple,3000,8,64,48,6.8,Mid-Range,8,5,8,5,670.8160981251326
Phone_5686,OnePlus,6000,16,512,108,6.8,Premium,7,10,8,6,1313.1647941973356
Phone_5687,Apple,4500,16,64,50,6.4,Mid-Range,7,8,5,4,475.70329560864474
Phone_5688,Apple,6000,6,64,48,6.1,Budget,10,4,4,5,215.5579129048602
Phone_5689,Samsung,5000,6,256,108,6.1,Mid-Range,6,6,5,5,606.014222834241
Phone_5690,Oppo,4000,8,1024,12,6.8,Mid-Range,6,8,6,7,371.78126920030195
Phone_5691,Oppo,4000,6,64,64,6.5,Budget,9,3,6,2,131.60745640647949
Phone_5692,Oppo,4500,4,128,50,6.8,Budget,9,3,5,2,247.27887373124253
Phone_5693,Apple,6000,12,1024,12,6.7,Premium,4,8,9,8,1424.8507914268064
Phone_5694,Samsung,3000,4,512,12,6.5,Mid-Range,6,8,6,5,510.5185638742162
Phone_5695,Xiaomi,6000,4,1024,12,6.4,Mid-Range,8,7,6,6,452.32191532138825
Phone_5696,Apple,4500,16,256,48,6.1,Premium,5,9,9,6,1097.0729998461854
Phone_5697,Apple,4500,12,256,64,6.5,Premium,7,9,10,7,748.9058975347642
Phone_5698,Samsung,4500,16,512,50,6.4,Premium,4,8,10,8,1296.5497930049141
Phone_5699,OnePlus,4000,6,512,64,6.8,Mid-Range,6,8,5,8,476.7593822008919
Phone_5700,Apple,6000,6,512,64,6.4,Mid-Range,8,6,7,8,451.14307462830294
Phone_5701,OnePlus,6000,12,256,64,6.7,Premium,6,10,7,10,1270.2452962453413
Phone_5702,OnePlus,3000,8,1024,108,6.4,Mid-Range,6,7,5,7,336.66035091167777
Phone_5703,Oppo,4500,6,64,108,6.5,Budget,7,4,5,5,147.5277831975483
Phone_5704,Samsung,4500,4,64,108,6.1,Budget,8,4,6,5,144.6095523219662
Phone_5705,OnePlus,5000,12,128,108,6.5,Mid-Range,7,6,6,8,669.1816164026499
Phone_5706,Samsung,5000,12,256,64,6.5,Premium,7,9,10,9,1485.4530110095047
Phone_5707,Oppo,4000,6,512,64,6.1,Mid-Range,7,6,7,7,501.24805013152763
Phone_5708,Samsung,6000,6,1024,50,6.7,Mid-Range,7,6,6,8,582.6758573299053
Phone_5709,Apple,3000,16,256,50,6.5,Premium,7,7,8,6,959.2401054356195
Phone_5710,OnePlus,3000,16,128,50,6.1,Mid-Range,8,6,5,4,640.8916678526671
Phone_5711,Samsung,4500,4,64,50,6.1,Budget,8,5,4,2,207.5239092506967
Phone_5712,Xiaomi,3000,12,1024,50,6.5,Premium,7,7,8,6,851.6980821809561
Phone_5713,Samsung,4500,8,64,108,6.1,Mid-Range,6,5,5,6,646.9919630535862
Phone_5714,OnePlus,6000,8,1024,64,6.8,Mid-Range,6,7,7,4,368.0665274556204
Phone_5715,Oppo,3000,12,512,50,6.5,Premium,5,10,7,10,1079.9892236688108
Phone_5716,Oppo,4500,4,1024,48,6.7,Mid-Range,8,5,7,6,656.6610127762252
Phone_5717,OnePlus,6000,16,512,50,6.8,Premium,5,10,7,9,1424.521757377593
Phone_5718,Apple,6000,16,256,50,6.7,Premium,5,9,10,10,906.296287603126
Phone_5719,Apple,4500,16,64,64,6.5,Mid-Range,7,7,6,5,676.3643727383635
Phone_5720,Oppo,4500,8,1024,108,6.4,Mid-Range,7,6,7,6,674.7993561628239
Phone_5721,Oppo,4000,8,1024,12,6.1,Mid-Range,6,8,7,6,691.8878451803819
Phone_5722,OnePlus,6000,4,128,64,6.8,Budget,9,4,5,4,258.50144028512887
Phone_5723,Apple,4500,8,64,108,6.5,Mid-Range,6,5,6,8,414.77702521577163
Phone_5724,Oppo,6000,6,256,48,6.1,Mid-Range,7,8,5,8,553.177426987708
Phone_5725,Apple,3000,8,512,12,6.4,Mid-Range,6,5,6,4,375.5404766104807
Phone_5726,Oppo,5000,16,256,108,6.7,Premium,6,9,8,8,905.352742135388
Phone_5727,Samsung,5000,4,128,108,6.5,Budget,7,5,4,5,107.03254438860128
Phone_5728,Xiaomi,4500,12,256,64,6.5,Premium,5,9,7,8,791.9911732760947
Phone_5729,Samsung,4500,12,512,108,6.4,Premium,6,10,8,9,1424.3598076447033
Phone_5730,Oppo,6000,4,64,50,6.7,Budget,9,3,3,5,273.257096065845
Phone_5731,Xiaomi,4500,6,128,108,6.5,Budget,7,3,3,4,163.9103462334516
Phone_5732,Xiaomi,6000,12,1024,12,6.1,Premium,4,10,7,8,744.7141815461722
Phone_5733,Oppo,4500,16,1024,108,6.4,Premium,6,7,10,10,1037.0495015546467
Phone_5734,Oppo,6000,12,64,48,6.5,Mid-Range,6,8,8,7,614.9504401188395
Phone_5735,Apple,4500,12,256,50,6.7,Premium,7,10,7,10,1346.8221677512697
Phone_5736,Oppo,4000,16,1024,12,6.8,Premium,7,10,8,6,968.9018449308787
Phone_5737,OnePlus,6000,8,128,12,6.5,Mid-Range,6,6,8,4,572.7202885835397
Phone_5738,Oppo,4000,6,512,64,6.7,Mid-Range,5,5,5,7,448.19114163565695
Phone_5739,OnePlus,4000,16,256,64,6.4,Premium,6,10,8,7,1273.9373579824555
Phone_5740,Oppo,4000,16,512,50,6.7,Premium,7,8,9,9,1331.9836719431116
Phone_5741,Apple,4000,4,256,12,6.7,Mid-Range,6,7,7,5,463.14998228966
Phone_5742,OnePlus,3000,6,128,48,6.4,Budget,7,4,6,2,236.957131414878
Phone_5743,Samsung,5000,8,512,108,6.8,Mid-Range,8,7,5,7,342.54853249738204
Phone_5744,OnePlus,3000,16,128,108,6.1,Mid-Range,8,5,8,4,437.19083533782464
Phone_5745,Apple,4500,8,512,108,6.8,Mid-Range,5,8,7,5,577.1771062655534
Phone_5746,OnePlus,4500,16,256,64,6.1,Premium,4,10,8,7,800.9185246417026
Phone_5747,Oppo,5000,16,128,12,6.1,Mid-Range,8,6,8,5,454.81662921866274
Phone_5748,Oppo,5000,4,256,12,6.1,Mid-Range,7,8,6,4,640.6981161964536
Phone_5749,Apple,5000,12,256,48,6.5,Premium,7,8,9,7,1369.2667299125053
Phone_5750,Xiaomi,4000,6,512,64,6.8,Mid-Range,5,8,7,4,412.84173428810203
Phone_5751,Oppo,3000,4,512,48,6.7,Mid-Range,5,5,6,5,442.58107820972316
Phone_5752,Samsung,4500,8,128,12,6.5,Mid-Range,7,8,7,4,502.03304634367896
Phone_5753,Apple,3000,16,1024,108,6.4,Premium,4,7,8,6,851.4649578649553
Phone_5754,OnePlus,3000,16,64,64,6.4,Mid-Range,8,8,6,6,360.75021708454307
Phone_5755,OnePlus,3000,6,512,64,6.1,Mid-Range,8,7,6,8,511.0613704385593
Phone_5756,Samsung,5000,4,256,64,6.5,Mid-Range,7,6,8,4,329.34458405368355
Phone_5757,Oppo,5000,4,64,108,6.5,Budget,10,3,3,4,297.50223647224385
Phone_5758,Apple,4500,8,128,64,6.4,Mid-Range,8,8,5,4,376.3972286485082
Phone_5759,Samsung,4500,4,64,50,6.7,Budget,7,4,5,2,128.4835087060412
Phone_5760,Oppo,4500,4,64,64,6.8,Budget,9,3,4,2,262.5718635563011
Phone_5761,Apple,3000,12,1024,108,6.8,Premium,6,7,9,9,1047.7026106323542
Phone_5762,OnePlus,5000,6,1024,64,6.1,Mid-Range,7,6,5,7,406.06427379986815
Phone_5763,Apple,4000,4,64,50,6.1,Budget,9,6,4,5,133.6610812285913
Phone_5764,Xiaomi,3000,8,1024,50,6.1,Mid-Range,8,7,6,4,513.3109631192812
Phone_5765,Apple,6000,16,1024,64,6.4,Premium,4,7,7,6,1357.1732975461505
Phone_5766,Xiaomi,3000,4,64,12,6.4,Budget,10,3,6,4,102.44793303377861
Phone_5767,Apple,5000,4,512,12,6.8,Mid-Range,7,6,5,7,697.8628969300103
Phone_5768,Xiaomi,6000,16,1024,48,6.1,Premium,4,10,9,7,1210.9653619587723
Phone_5769,OnePlus,3000,12,64,50,6.5,Mid-Range,6,5,8,4,531.818659271418
Phone_5770,Oppo,5000,6,512,12,6.7,Mid-Range,6,5,5,4,552.8871809701886
Phone_5771,Xiaomi,5000,12,1024,48,6.4,Premium,4,10,10,7,1319.0269635880707
Phone_5772,Xiaomi,4000,8,64,12,6.1,Mid-Range,7,8,5,7,643.5361798385463
Phone_5773,OnePlus,3000,4,1024,64,6.1,Mid-Range,5,5,7,6,345.19142618547875
Phone_5774,Xiaomi,5000,12,512,50,6.4,Premium,6,9,7,10,1408.7483292029615
Phone_5775,Samsung,4500,6,64,12,6.8,Budget,10,3,6,5,165.5067162012066
Phone_5776,OnePlus,5000,8,512,64,6.8,Mid-Range,7,8,6,5,466.8849291653931
Phone_5777,Samsung,4000,12,256,48,6.8,Premium,4,8,9,8,1330.0189240303778
Phone_5778,OnePlus,5000,4,128,64,6.8,Budget,10,3,4,2,143.91267926525822
Phone_5779,Xiaomi,3000,6,256,48,6.5,Mid-Range,8,7,8,5,559.9891783887938
Phone_5780,Samsung,3000,4,1024,12,6.1,Mid-Range,7,6,5,6,347.08432445075186
Phone_5781,Xiaomi,6000,4,512,108,6.8,Mid-Range,5,7,6,6,631.717174707718
Phone_5782,OnePlus,3000,8,64,64,6.8,Mid-Range,7,8,6,8,479.0903285959927
Phone_5783,Xiaomi,6000,6,512,108,6.7,Mid-Range,5,7,5,8,542.1674789604926
Phone_5784,Samsung,4500,16,1024,50,6.7,Premium,4,10,10,6,1471.5233803889284
Phone_5785,Samsung,4000,4,64,108,6.1,Budget,8,4,6,3,129.910624190713
Phone_5786,Xiaomi,4500,6,256,50,6.4,Mid-Range,7,7,6,8,394.36011656685986
Phone_5787,Apple,6000,4,512,12,6.8,Mid-Range,6,5,5,6,611.8967488385397
Phone_5788,OnePlus,5000,12,128,12,6.5,Mid-Range,5,5,8,5,494.3329813044078
Phone_5789,OnePlus,5000,12,1024,64,6.7,Premium,7,7,7,9,1373.5995412800698
Phone_5790,Xiaomi,4500,6,1024,108,6.8,Mid-Range,5,7,7,5,639.7853665850082
Phone_5791,Apple,5000,8,512,50,6.4,Mid-Range,8,6,7,5,376.76418551066604
Phone_5792,Samsung,6000,16,256,50,6.5,Premium,5,8,9,7,1419.1703628308392
Phone_5793,Oppo,4000,12,256,108,6.7,Premium,5,9,9,9,1357.5521247624492
Phone_5794,Oppo,3000,8,128,12,6.4,Mid-Range,6,5,7,7,310.81803843430066
Phone_5795,Xiaomi,6000,16,128,12,6.4,Mid-Range,5,5,5,7,388.12542983368326
Phone_5796,Apple,6000,12,512,50,6.5,Premium,4,9,10,8,1226.34352595068
Phone_5797,Apple,3000,16,64,64,6.5,Mid-Range,8,7,8,8,666.0141663522845
Phone_5798,OnePlus,3000,4,256,12,6.7,Mid-Range,7,7,7,5,406.35109863546796
Phone_5799,Samsung,4000,6,64,48,6.5,Budget,7,5,5,5,265.86582368066865
Phone_5800,Apple,4000,12,64,50,6.8,Mid-Range,5,5,7,5,689.966570477881
Phone_5801,Oppo,4000,12,512,108,6.5,Premium,6,8,7,10,723.417870857126
Phone_5802,Samsung,5000,4,128,108,6.4,Budget,8,3,6,3,190.8390803929171
Phone_5803,Samsung,6000,12,64,50,6.5,Mid-Range,8,7,7,4,410.5964473156774
Phone_5804,Xiaomi,3000,12,512,50,6.7,Premium,7,7,10,6,1033.7072202420609
Phone_5805,Apple,6000,12,128,12,6.8,Mid-Range,8,6,5,6,328.7930695741058
Phone_5806,Xiaomi,6000,12,64,50,6.5,Mid-Range,6,7,7,8,577.0206654363087
Phone_5807,Apple,4000,12,64,50,6.8,Mid-Range,8,7,8,8,508.99565701230983
Phone_5808,OnePlus,4000,8,128,48,6.5,Mid-Range,7,7,5,4,583.8888774295999
Phone_5809,Xiaomi,6000,12,128,108,6.8,Mid-Range,7,6,8,7,436.6966614855349
Phone_5810,Xiaomi,4000,4,1024,12,6.5,Mid-Range,8,6,8,8,467.9867379464906
Phone_5811,Oppo,5000,12,1024,64,6.5,Premium,4,9,8,7,1221.8750164249313
Phone_5812,Xiaomi,3000,16,512,12,6.1,Premium,6,8,10,8,1129.7778073553718
Phone_5813,Apple,6000,16,512,108,6.4,Premium,7,10,9,10,1172.42274035582
Phone_5814,Oppo,3000,4,256,64,6.7,Mid-Range,7,6,8,5,692.8850400207921
Phone_5815,Xiaomi,5000,8,1024,50,6.7,Mid-Range,7,5,6,8,302.96690077185946
Phone_5816,Xiaomi,4000,4,128,48,6.1,Budget,10,5,5,5,155.98357109372643
Phone_5817,OnePlus,4500,8,1024,48,6.5,Mid-Range,6,8,6,7,630.3893986619237
Phone_5818,Xiaomi,5000,6,512,108,6.4,Mid-Range,5,7,5,4,495.0517931162934
Phone_5819,Samsung,4500,16,512,108,6.8,Premium,6,8,10,9,1277.0513495827875
Phone_5820,Oppo,3000,16,512,48,6.1,Premium,5,9,10,7,811.2407670033115
Phone_5821,Samsung,6000,16,128,64,6.7,Mid-Range,8,8,8,6,605.4657528191135
Phone_5822,Oppo,4000,8,64,64,6.7,Mid-Range,7,6,8,6,613.5037549070807
Phone_5823,OnePlus,5000,4,512,12,6.7,Mid-Range,8,6,5,7,320.5366294217393
Phone_5824,Xiaomi,4000,8,1024,50,6.5,Mid-Range,6,5,6,8,498.89660086300745
Phone_5825,Xiaomi,4500,16,64,64,6.8,Mid-Range,5,6,7,5,679.2592003232114
Phone_5826,Xiaomi,4500,16,1024,50,6.8,Premium,4,10,7,10,823.2108576989594
Phone_5827,Oppo,6000,16,512,108,6.8,Premium,5,7,10,8,1161.3388721215501
Phone_5828,Xiaomi,4500,16,128,64,6.5,Mid-Range,8,7,8,6,562.6660248299117
Phone_5829,Samsung,6000,6,64,64,6.7,Budget,8,5,4,5,257.9781277507054
Phone_5830,Xiaomi,5000,16,64,64,6.7,Mid-Range,5,6,7,5,465.15592171693334
Phone_5831,OnePlus,6000,8,512,12,6.5,Mid-Range,6,6,5,7,590.7746800148054
Phone_5832,Samsung,4500,16,512,108,6.4,Premium,5,8,7,6,839.8784263663131
Phone_5833,Xiaomi,3000,12,512,48,6.5,Premium,4,10,10,7,1345.3953464339652
Phone_5834,Xiaomi,6000,6,256,12,6.5,Mid-Range,8,6,5,5,644.5444579307981
Phone_5835,Apple,4000,16,128,12,6.7,Mid-Range,8,5,8,4,605.4195952196975
Phone_5836,Oppo,3000,12,128,64,6.8,Mid-Range,7,5,5,4,436.841095251345
Phone_5837,Samsung,6000,8,512,12,6.7,Mid-Range,5,6,8,8,596.5890939415506
Phone_5838,Apple,4000,6,256,48,6.4,Mid-Range,6,8,6,4,328.91320282142516
Phone_5839,OnePlus,3000,16,512,12,6.1,Premium,7,7,9,7,1478.3624879034742
Phone_5840,Oppo,6000,8,512,12,6.1,Mid-Range,5,8,8,6,606.2404949559874
Phone_5841,Samsung,5000,12,128,64,6.5,Mid-Range,5,8,7,5,617.9283658552974
Phone_5842,Xiaomi,4000,6,256,108,6.1,Mid-Range,8,7,8,6,427.5117560798774
Phone_5843,Samsung,5000,16,128,48,6.8,Mid-Range,6,6,6,5,684.1251509554511
Phone_5844,Xiaomi,4500,8,512,64,6.7,Mid-Range,6,6,7,5,409.31141537032687
Phone_5845,Oppo,6000,6,1024,12,6.4,Mid-Range,8,8,6,7,564.0039854099346
Phone_5846,Xiaomi,6000,12,64,48,6.4,Mid-Range,6,6,8,8,651.5855013480086
Phone_5847,OnePlus,4000,16,512,50,6.4,Premium,7,9,9,6,1375.5380395833106
Phone_5848,Xiaomi,6000,6,256,12,6.7,Mid-Range,7,8,8,4,464.9965872867125
Phone_5849,OnePlus,4500,12,1024,108,6.8,Premium,6,7,7,9,1259.8314386855034
Phone_5850,Oppo,6000,12,256,12,6.4,Premium,6,8,7,9,1067.6974334699323
Phone_5851,Oppo,3000,8,512,108,6.1,Mid-Range,6,6,7,8,363.5684927169905
Phone_5852,Samsung,5000,12,512,50,6.8,Premium,7,9,8,6,998.4150972298173
Phone_5853,OnePlus,4500,12,64,64,6.8,Mid-Range,7,8,6,4,519.168202908666
Phone_5854,OnePlus,4500,4,256,64,6.8,Mid-Range,5,6,7,5,635.618853034129
Phone_5855,Apple,5000,12,1024,64,6.4,Premium,5,7,8,8,1352.622269044612
Phone_5856,Apple,5000,16,64,48,6.8,Mid-Range,6,7,6,8,602.0830525090181
Phone_5857,Apple,4500,6,256,108,6.4,Mid-Range,6,7,8,5,577.644211573346
Phone_5858,Xiaomi,5000,16,512,12,6.1,Premium,5,8,9,8,1225.1870301542956
Phone_5859,Apple,4000,16,64,48,6.1,Mid-Range,5,6,8,6,435.73867899019365
Phone_5860,OnePlus,5000,8,512,48,6.1,Mid-Range,7,7,7,7,427.19735675847755
Phone_5861,Xiaomi,3000,4,128,12,6.1,Budget,7,6,6,4,209.29300230241492
Phone_5862,Oppo,3000,4,128,50,6.8,Budget,9,4,3,2,241.06949883848765
Phone_5863,Samsung,4000,16,64,64,6.8,Mid-Range,5,6,5,6,431.8874610196986
Phone_5864,Apple,5000,6,64,50,6.4,Budget,10,6,3,4,249.7969052114013
Phone_5865,Oppo,3000,4,256,50,6.1,Mid-Range,5,5,7,5,699.3857492417659
Phone_5866,OnePlus,6000,4,1024,64,6.5,Mid-Range,6,6,7,7,300.6850594504849
Phone_5867,Samsung,5000,16,1024,50,6.1,Premium,6,7,7,8,1072.4249552543633
Phone_5868,Oppo,4000,4,128,48,6.7,Budget,7,3,4,4,145.7052279905093
Phone_5869,Samsung,5000,8,128,12,6.5,Mid-Range,6,8,8,7,484.06815250706086
Phone_5870,Apple,4500,16,128,48,6.7,Mid-Range,8,5,5,5,410.2624527201997
Phone_5871,OnePlus,4500,4,512,48,6.5,Mid-Range,7,5,7,7,502.86047597323534
Phone_5872,Samsung,3000,4,1024,108,6.4,Mid-Range,5,8,6,6,482.6301104940399
Phone_5873,Oppo,4500,4,64,64,6.8,Budget,7,5,5,5,206.79944912570141
Phone_5874,Apple,4000,16,128,64,6.4,Mid-Range,5,6,5,6,639.926689476905
Phone_5875,Apple,3000,6,256,48,6.5,Mid-Range,8,7,7,8,408.25810679410944
Phone_5876,Oppo,4000,12,64,64,6.1,Mid-Range,7,5,5,6,538.9904236618484
Phone_5877,Oppo,4000,4,64,108,6.4,Budget,10,5,4,3,113.43841571567445
Phone_5878,Samsung,4500,12,64,12,6.5,Mid-Range,6,7,7,7,691.6006167624024
Phone_5879,Xiaomi,4500,12,1024,50,6.1,Premium,5,7,8,6,1126.3047081612262
Phone_5880,Apple,4000,4,128,64,6.8,Budget,8,4,6,3,280.2566066730474
Phone_5881,Samsung,4500,4,256,48,6.5,Mid-Range,5,5,6,4,636.2059864529558
Phone_5882,Oppo,4500,12,512,64,6.7,Premium,4,7,9,8,713.2326641528064
Phone_5883,Samsung,4500,6,256,48,6.7,Mid-Range,7,6,5,6,552.0062915303533
Phone_5884,Oppo,5000,12,256,50,6.7,Premium,5,10,9,10,865.4675692822548
Phone_5885,OnePlus,4000,6,256,64,6.1,Mid-Range,8,8,8,8,564.0073948003208
Phone_5886,Oppo,6000,8,512,50,6.1,Mid-Range,6,6,5,5,618.3236905088149
Phone_5887,Oppo,4000,6,256,48,6.4,Mid-Range,8,5,8,7,325.20442053283955
Phone_5888,Oppo,3000,16,256,108,6.1,Premium,4,9,7,6,1011.6955178564599
Phone_5889,Xiaomi,4500,4,128,108,6.5,Budget,9,5,6,4,245.6252249616971
Phone_5890,Oppo,4500,8,128,12,6.7,Mid-Range,7,8,8,7,370.33348010561184
Phone_5891,Apple,6000,12,128,48,6.8,Mid-Range,5,8,5,7,634.5614143337309
Phone_5892,Apple,3000,6,64,48,6.7,Budget,7,3,3,2,189.88350944743402
Phone_5893,Samsung,5000,8,256,48,6.5,Mid-Range,7,5,7,6,569.5420858201663
Phone_5894,Xiaomi,4000,16,1024,108,6.8,Premium,4,10,9,6,976.6713983527841
Phone_5895,Samsung,5000,6,1024,108,6.4,Mid-Range,6,7,8,5,399.3460245948668
Phone_5896,Apple,3000,12,1024,108,6.1,Premium,6,7,7,10,802.1514205730551
Phone_5897,Apple,6000,12,512,64,6.5,Premium,4,10,10,8,906.1081489963005
Phone_5898,OnePlus,3000,6,128,64,6.1,Budget,7,4,5,3,272.8147904541962
Phone_5899,Oppo,6000,16,128,108,6.4,Mid-Range,5,5,5,6,669.8090366462534
Phone_5900,Apple,5000,4,128,50,6.8,Budget,8,3,3,2,107.82699963269424
Phone_5901,Samsung,5000,4,512,64,6.5,Mid-Range,7,7,5,4,640.4461335941148
Phone_5902,Samsung,3000,12,256,64,6.8,Premium,6,7,10,7,1082.4256330512258
Phone_5903,Oppo,3000,16,64,64,6.5,Mid-Range,8,5,8,7,580.5130901210263
Phone_5904,Oppo,4500,12,128,64,6.4,Mid-Range,8,7,8,7,612.0432586086531
Phone_5905,OnePlus,6000,4,256,12,6.4,Mid-Range,7,8,8,5,660.5617969176546
Phone_5906,Xiaomi,4500,12,1024,64,6.4,Premium,6,8,9,10,1434.9427554160618
Phone_5907,Samsung,4000,6,64,50,6.1,Budget,8,3,6,2,207.14666494509777
Phone_5908,Oppo,4000,6,1024,12,6.7,Mid-Range,8,5,8,7,392.9096947119263
Phone_5909,Samsung,3000,16,256,64,6.8,Premium,4,8,9,7,1311.6393333559274
Phone_5910,Oppo,5000,4,256,48,6.5,Mid-Range,5,8,5,6,492.7338477888244
Phone_5911,Apple,4000,16,1024,12,6.8,Premium,4,8,10,7,1478.088117373914
Phone_5912,Samsung,4000,16,64,64,6.7,Mid-Range,6,5,7,4,385.747814361332
Phone_5913,Apple,4500,4,1024,50,6.1,Mid-Range,8,8,6,7,319.4379969485042
Phone_5914,Samsung,4500,8,1024,108,6.1,Mid-Range,7,5,6,6,449.51618433190816
Phone_5915,Xiaomi,4000,8,1024,64,6.7,Mid-Range,5,5,6,4,381.151004841846
Phone_5916,OnePlus,3000,12,64,48,6.5,Mid-Range,5,8,8,5,452.83461658184524
Phone_5917,Apple,4500,8,512,50,6.7,Mid-Range,6,5,8,5,668.3327617602965
Phone_5918,Oppo,4000,6,64,12,6.1,Budget,10,6,3,5,183.57252584680077
Phone_5919,Xiaomi,5000,16,1024,50,6.1,Premium,5,10,9,6,711.9984113873952
Phone_5920,Samsung,4500,12,128,64,6.8,Mid-Range,8,5,8,5,430.0197058536281
Phone_5921,Apple,4000,16,128,48,6.5,Mid-Range,6,6,5,5,668.4778266360836
Phone_5922,Samsung,6000,4,256,50,6.5,Mid-Range,6,5,5,7,655.5375450003459
Phone_5923,Samsung,4500,8,512,50,6.1,Mid-Range,7,5,7,6,541.6349911000558
Phone_5924,Samsung,6000,4,256,108,6.7,Mid-Range,5,7,8,5,443.03503458632605
Phone_5925,OnePlus,4500,12,256,108,6.1,Premium,7,9,8,6,1129.1607364708736
Phone_5926,OnePlus,4500,6,128,64,6.8,Budget,10,4,3,5,159.2935306662054
Phone_5927,Oppo,6000,8,64,12,6.7,Mid-Range,8,8,8,6,525.8681482803374
Phone_5928,Apple,3000,4,256,12,6.1,Mid-Range,5,6,5,5,595.4218069421235
Phone_5929,Xiaomi,4000,8,256,48,6.5,Mid-Range,6,5,8,4,353.7864253322086
Phone_5930,Xiaomi,3000,16,512,64,6.8,Premium,5,9,9,9,1005.480023774077
Phone_5931,Xiaomi,3000,6,128,12,6.1,Budget,10,6,4,2,216.83533496651623
Phone_5932,Samsung,4000,8,64,50,6.1,Mid-Range,7,5,7,5,441.77968091165906
Phone_5933,OnePlus,5000,6,512,64,6.4,Mid-Range,8,6,7,7,678.7200526505976
Phone_5934,Apple,3000,16,64,50,6.7,Mid-Range,6,6,6,8,618.3324635507729
Phone_5935,Samsung,3000,16,64,48,6.4,Mid-Range,6,5,8,4,676.4119433235239
Phone_5936,OnePlus,3000,4,256,64,6.5,Mid-Range,7,6,8,4,666.983329998825
Phone_5937,OnePlus,5000,12,512,48,6.7,Premium,6,7,8,7,1061.6945800267067
Phone_5938,Apple,4500,4,256,108,6.8,Mid-Range,7,6,5,8,404.010445537313
Phone_5939,Apple,6000,6,1024,48,6.7,Mid-Range,8,7,6,4,404.2376277287448
Phone_5940,Apple,6000,4,64,108,6.1,Budget,10,6,5,3,143.66088845314556
Phone_5941,Samsung,5000,8,512,64,6.1,Mid-Range,8,8,6,4,459.0751727835521
Phone_5942,Oppo,3000,4,128,50,6.1,Budget,8,6,3,4,136.35424872482832
Phone_5943,Apple,6000,12,256,50,6.7,Premium,5,8,7,10,917.7971078690381
Phone_5944,Oppo,5000,12,1024,50,6.1,Premium,5,7,7,8,1384.016995345045
Phone_5945,Samsung,4000,6,1024,48,6.1,Mid-Range,8,5,6,4,324.8282603758263
Phone_5946,Oppo,6000,16,1024,64,6.4,Premium,7,10,8,10,1053.00864984541
Phone_5947,Xiaomi,4000,12,256,64,6.1,Premium,5,10,9,6,1292.2861217581808
Phone_5948,Oppo,3000,6,128,108,6.4,Budget,7,6,3,3,212.58577077552485
Phone_5949,Apple,6000,12,512,64,6.5,Premium,4,10,7,8,1121.712197837941
Phone_5950,Samsung,5000,12,64,50,6.7,Mid-Range,5,8,6,6,414.08379231236694
Phone_5951,Apple,4500,16,128,64,6.4,Mid-Range,7,5,7,6,577.6635423705188
Phone_5952,Xiaomi,6000,8,256,108,6.7,Mid-Range,7,5,6,6,640.248859627171
Phone_5953,Apple,6000,6,512,64,6.7,Mid-Range,6,7,7,4,502.4700701328901
Phone_5954,Apple,6000,12,64,64,6.8,Mid-Range,7,8,7,4,602.2174267762084
Phone_5955,Apple,6000,12,512,50,6.4,Premium,7,10,10,9,1229.5449724248233
Phone_5956,OnePlus,5000,4,64,64,6.1,Budget,10,4,6,3,235.1153685566638
Phone_5957,Xiaomi,5000,8,64,48,6.8,Mid-Range,6,6,5,7,328.16760638698577
Phone_5958,Apple,4500,16,1024,108,6.4,Premium,6,7,9,9,1401.2633270490155
Phone_5959,Apple,5000,6,256,108,6.4,Mid-Range,8,7,6,4,503.392695996553
Phone_5960,Apple,5000,12,128,108,6.5,Mid-Range,7,5,5,7,418.6414609619782
Phone_5961,Samsung,3000,6,1024,64,6.1,Mid-Range,5,8,7,5,666.6347529866682
Phone_5962,OnePlus,3000,16,1024,48,6.5,Premium,4,10,8,6,1256.5015751500132
Phone_5963,Samsung,4000,8,512,108,6.7,Mid-Range,7,5,7,6,405.76053907555206
Phone_5964,OnePlus,4500,4,64,12,6.1,Budget,9,5,6,5,117.35399858624163
Phone_5965,Apple,3000,8,64,50,6.5,Mid-Range,8,6,7,4,631.3618059391961
Phone_5966,Xiaomi,4500,4,512,12,6.5,Mid-Range,6,6,6,5,430.13179648014636
Phone_5967,Oppo,4500,6,256,12,6.1,Mid-Range,5,7,5,6,339.6596986503912
Phone_5968,Oppo,6000,8,64,108,6.4,Mid-Range,6,6,8,5,640.1673785612358
Phone_5969,Apple,4500,8,1024,12,6.7,Mid-Range,7,6,7,8,338.71530685474096
Phone_5970,Samsung,6000,8,1024,12,6.8,Mid-Range,6,7,7,8,491.4431864132663
Phone_5971,Xiaomi,4000,16,64,48,6.8,Mid-Range,7,8,5,7,377.7459600954321
Phone_5972,OnePlus,4000,6,64,50,6.8,Budget,8,4,5,4,215.302621288367
Phone_5973,Apple,4000,4,256,64,6.7,Mid-Range,7,7,6,8,342.84785114257573
Phone_5974,Xiaomi,6000,8,64,108,6.1,Mid-Range,6,6,5,6,346.76027174440327
Phone_5975,Xiaomi,6000,6,256,108,6.1,Mid-Range,5,7,5,5,580.6918487920268
Phone_5976,OnePlus,4000,16,1024,12,6.1,Premium,6,9,9,8,1095.9929480550459
Phone_5977,Xiaomi,6000,16,256,64,6.8,Premium,4,9,9,7,918.0906888400455
Phone_5978,Samsung,5000,6,64,64,6.4,Budget,7,3,3,4,191.43748446188323
Phone_5979,Samsung,5000,4,128,64,6.5,Budget,10,6,5,3,274.3869793107773
Phone_5980,Samsung,6000,6,64,108,6.8,Budget,8,5,3,2,208.94688508104937
Phone_5981,Xiaomi,6000,6,128,108,6.7,Budget,9,3,3,5,136.93057767551124
Phone_5982,Samsung,3000,12,1024,48,6.1,Premium,7,9,10,9,1494.984417499125
Phone_5983,OnePlus,3000,16,512,108,6.5,Premium,5,9,8,9,1060.3491355133215
Phone_5984,Xiaomi,4500,4,1024,108,6.1,Mid-Range,8,5,6,5,630.5109528682116
Phone_5985,Oppo,4500,12,1024,48,6.1,Premium,6,7,7,6,1170.7994804500522
Phone_5986,Xiaomi,4500,6,1024,108,6.1,Mid-Range,8,8,8,5,632.4704472728488
Phone_5987,OnePlus,4000,16,256,12,6.4,Premium,5,9,7,9,1340.9947564929264
Phone_5988,Oppo,5000,12,1024,12,6.5,Premium,7,7,10,9,1155.432215062609
Phone_5989,Xiaomi,4000,12,512,48,6.8,Premium,5,8,10,9,1243.6116677679138
Phone_5990,Samsung,6000,4,64,48,6.4,Budget,8,3,3,5,220.59327987832387
Phone_5991,Apple,3000,6,128,12,6.7,Budget,9,5,6,2,248.69628638019606
Phone_5992,Apple,6000,4,1024,64,6.7,Mid-Range,7,6,7,5,348.0380215491561
Phone_5993,Samsung,6000,12,128,108,6.8,Mid-Range,7,5,8,7,415.2296661031958
Phone_5994,Apple,3000,12,1024,50,6.5,Premium,5,10,9,10,1202.051699828224
Phone_5995,Apple,6000,4,256,50,6.8,Mid-Range,8,6,6,8,554.1535851319047
Phone_5996,Samsung,4500,12,128,48,6.4,Mid-Range,5,6,5,6,548.7427027985847
Phone_5997,Samsung,3000,8,1024,50,6.5,Mid-Range,7,8,8,5,390.7652367679251
Phone_5998,Xiaomi,6000,16,1024,64,6.7,Premium,5,9,7,6,1439.5957421519133
Phone_5999,Xiaomi,4500,6,512,50,6.5,Mid-Range,8,8,6,8,352.6804945785859
Phone_6000,Samsung,4500,16,512,12,6.5,Premium,5,7,7,9,1066.8631155393764
Phone_6001,OnePlus,5000,6,512,48,6.5,Mid-Range,5,8,8,6,401.07864641490926
Phone_6002,Apple,4500,12,256,50,6.8,Premium,7,8,7,10,796.7313568930324
Phone_6003,Xiaomi,4000,4,128,108,6.1,Budget,9,5,5,3,154.46328972554505
Phone_6004,Apple,3000,4,256,48,6.4,Mid-Range,8,7,7,4,368.7167454300147
Phone_6005,Oppo,3000,12,64,64,6.5,Mid-Range,5,7,5,4,303.89976754911095
Phone_6006,Samsung,3000,6,1024,12,6.5,Mid-Range,8,7,7,7,649.7179541414845
Phone_6007,OnePlus,6000,12,1024,50,6.8,Premium,6,9,10,9,1241.7331629584974
Phone_6008,Oppo,6000,6,1024,12,6.4,Mid-Range,7,5,8,7,361.7077595170587
Phone_6009,Oppo,4000,12,512,64,6.4,Premium,5,7,9,7,1146.8311653943122
Phone_6010,Oppo,4500,12,1024,50,6.7,Premium,5,8,7,9,966.1437261515969
Phone_6011,Samsung,6000,12,512,48,6.4,Premium,6,7,8,6,1034.6655983113128
Phone_6012,Xiaomi,4500,4,64,48,6.4,Budget,9,3,4,3,278.21395888660385
Phone_6013,Samsung,4500,6,256,108,6.5,Mid-Range,8,5,7,7,532.8437200145618
Phone_6014,Xiaomi,6000,12,256,64,6.1,Premium,7,9,9,10,846.6657057430627
Phone_6015,Oppo,6000,16,256,50,6.5,Premium,5,10,10,6,1448.0944306579631
Phone_6016,Oppo,4000,16,512,12,6.8,Premium,5,7,8,6,1031.451844421115
Phone_6017,OnePlus,5000,4,128,12,6.4,Budget,9,3,5,3,244.1744303200727
Phone_6018,Xiaomi,3000,8,128,50,6.1,Mid-Range,6,6,8,8,418.47539461727825
Phone_6019,Oppo,6000,4,64,64,6.5,Budget,8,6,5,5,132.253805187169
Phone_6020,Apple,6000,8,128,64,6.7,Mid-Range,8,7,5,4,302.1383778982347
Phone_6021,OnePlus,4500,4,64,12,6.8,Budget,8,6,3,3,239.22696197095675
Phone_6022,Samsung,5000,16,1024,50,6.8,Premium,7,10,7,8,898.4310491256996
Phone_6023,OnePlus,6000,12,256,50,6.8,Premium,7,8,9,8,1470.3587240751572
Phone_6024,Apple,5000,6,512,12,6.5,Mid-Range,5,7,8,7,556.6663447451441
Phone_6025,Xiaomi,3000,12,64,50,6.1,Mid-Range,6,8,5,8,541.191291402886
Phone_6026,Samsung,4500,16,512,50,6.1,Premium,7,8,7,8,1498.3892166804856
Phone_6027,Samsung,4000,6,512,48,6.4,Mid-Range,5,7,5,7,547.2886230832128
Phone_6028,Xiaomi,3000,8,256,48,6.1,Mid-Range,6,6,6,4,476.7947361364286
Phone_6029,OnePlus,5000,8,1024,108,6.7,Mid-Range,7,8,7,4,491.4482066307627
Phone_6030,Oppo,5000,16,1024,108,6.8,Premium,4,9,9,10,1133.495804187395
Phone_6031,OnePlus,3000,6,128,64,6.5,Budget,7,3,3,2,200.97904622130505
Phone_6032,Apple,5000,12,1024,48,6.8,Premium,6,9,10,7,839.7928471543443
Phone_6033,Oppo,4000,16,256,48,6.8,Premium,6,9,8,7,1348.46569960042
Phone_6034,OnePlus,4000,8,512,48,6.7,Mid-Range,6,8,5,4,349.1671450027171
Phone_6035,Xiaomi,5000,16,64,48,6.8,Mid-Range,8,5,6,7,405.69472549777225
Phone_6036,Apple,5000,12,64,64,6.8,Mid-Range,6,6,6,5,645.2914083312733
Phone_6037,Apple,4000,4,1024,12,6.7,Mid-Range,5,6,8,8,683.9326040798146
Phone_6038,Apple,5000,4,128,64,6.7,Budget,7,4,4,2,201.69848334584555
Phone_6039,Oppo,6000,12,64,12,6.1,Mid-Range,7,8,6,7,527.9823846359192
Phone_6040,Samsung,4500,6,128,108,6.8,Budget,9,3,5,5,124.87924049211733
Phone_6041,Oppo,6000,16,64,48,6.4,Mid-Range,7,7,6,8,550.7239863203897
Phone_6042,OnePlus,5000,12,128,12,6.4,Mid-Range,8,8,6,7,579.765207000341
Phone_6043,Samsung,5000,4,128,64,6.4,Budget,8,6,4,3,298.0043957081618
Phone_6044,OnePlus,4500,8,512,12,6.7,Mid-Range,5,5,7,5,441.59246394552594
Phone_6045,Samsung,5000,12,256,50,6.8,Premium,7,9,8,8,740.8387454391509
Phone_6046,Oppo,4500,12,64,108,6.1,Mid-Range,8,8,5,6,382.7801481192402
Phone_6047,Apple,4000,12,1024,108,6.8,Premium,4,8,8,9,1464.0356165676435
Phone_6048,Xiaomi,4500,4,256,48,6.4,Mid-Range,6,7,8,6,624.5355173273447
Phone_6049,Apple,4500,4,512,48,6.5,Mid-Range,7,5,6,7,525.5195395878584
Phone_6050,Oppo,6000,12,512,64,6.4,Premium,5,7,7,9,1234.2059591268262
Phone_6051,Samsung,5000,12,512,12,6.7,Premium,5,8,10,10,1466.1983911226878
Phone_6052,Apple,4000,6,1024,50,6.8,Mid-Range,8,5,6,8,691.1680444960155
Phone_6053,Oppo,3000,8,64,108,6.7,Mid-Range,6,8,5,5,657.6689536042816
Phone_6054,OnePlus,4500,16,64,12,6.1,Mid-Range,7,7,6,7,503.0306276468006
Phone_6055,Xiaomi,3000,16,128,50,6.8,Mid-Range,5,7,8,8,518.875869778635
Phone_6056,Apple,5000,16,128,12,6.8,Mid-Range,7,7,7,7,545.6926824621653
Phone_6057,Samsung,4500,4,128,48,6.8,Budget,7,4,3,4,100.6128251593027
Phone_6058,OnePlus,3000,4,1024,108,6.5,Mid-Range,6,7,5,5,649.5214450121932
Phone_6059,Oppo,6000,6,256,50,6.8,Mid-Range,6,7,8,5,358.6115938726025
Phone_6060,Xiaomi,3000,4,64,48,6.5,Budget,7,4,5,2,108.09058546135137
Phone_6061,Samsung,6000,12,128,64,6.8,Mid-Range,6,7,7,7,390.8756582547334
Phone_6062,Oppo,4000,8,1024,64,6.4,Mid-Range,7,5,7,8,548.7119438272541
Phone_6063,Oppo,5000,8,1024,48,6.1,Mid-Range,7,6,5,8,368.5231555417073
Phone_6064,Apple,3000,8,128,50,6.8,Mid-Range,7,5,6,8,623.1862115996262
Phone_6065,Apple,4500,8,512,50,6.7,Mid-Range,7,8,7,7,564.3734331990051
Phone_6066,Samsung,5000,16,512,108,6.4,Premium,5,7,8,10,835.5339025601759
Phone_6067,Oppo,3000,16,512,48,6.7,Premium,4,7,10,6,1461.1243462662617
Phone_6068,Apple,4500,12,128,64,6.7,Mid-Range,8,7,8,6,673.5709128996718
Phone_6069,Xiaomi,4500,6,1024,48,6.5,Mid-Range,8,6,5,5,358.06537865272253
Phone_6070,Xiaomi,4500,4,1024,12,6.1,Mid-Range,8,8,7,5,450.7281022295825
Phone_6071,Oppo,4500,4,64,50,6.7,Budget,7,3,6,3,138.40049932472874
Phone_6072,Apple,3000,16,512,12,6.4,Premium,5,7,10,6,1264.9972545813098
Phone_6073,Samsung,4000,8,128,64,6.1,Mid-Range,6,8,6,7,305.9258293364005
Phone_6074,Samsung,6000,12,64,50,6.4,Mid-Range,5,5,8,7,670.178210474068
Phone_6075,Samsung,6000,6,1024,64,6.7,Mid-Range,5,5,6,7,462.8922873601124
Phone_6076,Xiaomi,6000,16,64,64,6.1,Mid-Range,8,8,5,4,552.4424938552118
Phone_6077,Apple,4000,12,512,64,6.8,Premium,4,9,9,10,1011.3023479896827
Phone_6078,Apple,4500,12,256,108,6.7,Premium,7,10,10,6,917.8941177862289
Phone_6079,Xiaomi,4500,16,512,64,6.7,Premium,7,10,7,6,1092.0988858086591
Phone_6080,Samsung,5000,12,512,64,6.5,Premium,4,9,7,10,1378.4872452335394
Phone_6081,Samsung,6000,8,128,12,6.4,Mid-Range,7,5,8,7,607.9776964622383
Phone_6082,Oppo,6000,12,256,12,6.8,Premium,7,10,10,7,1471.8073193918813
Phone_6083,OnePlus,4500,6,256,12,6.1,Mid-Range,7,5,8,4,581.9199361783786
Phone_6084,Apple,6000,12,256,50,6.7,Premium,4,10,8,9,834.6247098837082
Phone_6085,Apple,4500,4,1024,108,6.7,Mid-Range,6,5,6,8,379.60646355498403
Phone_6086,Apple,4500,12,64,50,6.8,Mid-Range,5,5,5,8,388.6711807184881
Phone_6087,OnePlus,4500,16,1024,108,6.7,Premium,5,8,7,7,1247.902026129018
Phone_6088,Oppo,3000,4,256,108,6.4,Mid-Range,6,7,7,8,338.4740316680024
Phone_6089,OnePlus,3000,16,128,48,6.1,Mid-Range,7,8,6,8,622.6421545118051
Phone_6090,Samsung,3000,6,512,48,6.8,Mid-Range,8,5,8,7,436.5186400415773
Phone_6091,Samsung,3000,8,512,48,6.8,Mid-Range,6,6,6,6,610.2351805872559
Phone_6092,Apple,4000,6,1024,108,6.5,Mid-Range,8,6,5,8,672.6098437698633
Phone_6093,Xiaomi,5000,4,1024,108,6.1,Mid-Range,6,8,8,4,425.20968921562854
Phone_6094,Apple,5000,8,128,50,6.8,Mid-Range,8,5,6,7,481.5086868580587
Phone_6095,Xiaomi,4500,12,512,108,6.7,Premium,6,8,9,7,943.4010782740881
Phone_6096,OnePlus,6000,4,1024,64,6.1,Mid-Range,5,5,8,7,417.93633060885054
Phone_6097,Samsung,3000,8,64,64,6.4,Mid-Range,6,7,7,4,518.4970390519743
Phone_6098,Xiaomi,5000,16,1024,108,6.8,Premium,4,8,7,8,701.7937395050978
Phone_6099,OnePlus,5000,8,1024,64,6.4,Mid-Range,8,8,6,4,514.8010287347593
Phone_6100,Samsung,3000,16,256,108,6.8,Premium,7,10,10,6,754.9132051561679
Phone_6101,Xiaomi,4000,16,64,48,6.7,Mid-Range,5,8,5,4,696.0192442063149
Phone_6102,Apple,4000,8,64,108,6.5,Mid-Range,8,6,8,8,450.2848484801974
Phone_6103,Apple,5000,6,128,48,6.7,Budget,7,3,4,2,217.4947752038005
Phone_6104,Apple,4000,6,256,12,6.4,Mid-Range,5,5,6,4,489.18174717436017
Phone_6105,OnePlus,3000,16,64,64,6.1,Mid-Range,5,6,7,6,433.6088201901223
Phone_6106,Apple,5000,4,256,12,6.4,Mid-Range,7,7,7,5,448.01139030915914
Phone_6107,Oppo,3000,8,256,64,6.5,Mid-Range,5,6,8,4,448.2134303516342
Phone_6108,Samsung,4000,4,512,12,6.8,Mid-Range,5,8,8,5,652.4680592071775
Phone_6109,OnePlus,3000,6,64,108,6.8,Budget,10,6,4,5,113.91087480173738
Phone_6110,Apple,4000,4,512,12,6.4,Mid-Range,8,6,5,7,401.1364066811774
Phone_6111,Samsung,4000,12,1024,64,6.1,Premium,6,10,8,8,1178.969334033987
Phone_6112,Xiaomi,3000,12,1024,50,6.8,Premium,6,10,8,7,1491.2927771131556
Phone_6113,Apple,4000,6,512,64,6.8,Mid-Range,8,5,7,7,358.1422213099796
Phone_6114,Samsung,4500,4,1024,50,6.5,Mid-Range,8,5,8,5,699.3993286271984
Phone_6115,Oppo,3000,8,512,108,6.5,Mid-Range,7,6,6,4,310.94311864149705
Phone_6116,Xiaomi,4500,6,128,64,6.1,Budget,9,6,5,5,233.94315790705255
Phone_6117,Oppo,3000,12,256,12,6.8,Premium,6,8,8,9,1462.7107795436705
Phone_6118,Samsung,4000,6,128,108,6.7,Budget,8,6,5,4,261.6384284121824
Phone_6119,Oppo,4000,4,64,64,6.4,Budget,10,5,5,3,253.8723217897807
Phone_6120,Samsung,5000,4,128,108,6.8,Budget,7,5,6,2,262.5668055216058
Phone_6121,Samsung,5000,4,128,50,6.4,Budget,9,3,3,2,192.05242786759277
Phone_6122,Oppo,4500,16,1024,108,6.8,Premium,5,7,8,9,991.6809970050067
Phone_6123,Samsung,4000,4,512,12,6.5,Mid-Range,5,6,7,6,307.7862687852277
Phone_6124,Apple,5000,12,64,64,6.1,Mid-Range,5,6,7,5,562.3535775459013
Phone_6125,Samsung,4000,12,1024,50,6.7,Premium,7,10,8,9,1209.0330330748602
Phone_6126,OnePlus,3000,16,64,108,6.5,Mid-Range,8,8,7,5,547.1616434788808
Phone_6127,Samsung,5000,12,256,48,6.1,Premium,7,8,8,8,1335.2327918695723
Phone_6128,OnePlus,4500,12,512,50,6.5,Premium,5,9,8,8,1398.791947385219
Phone_6129,Samsung,5000,6,1024,50,6.4,Mid-Range,6,6,5,5,526.0681776331812
Phone_6130,Samsung,4000,4,128,12,6.8,Budget,9,4,3,3,205.61678748966875
Phone_6131,Oppo,6000,6,256,12,6.5,Mid-Range,8,5,7,5,384.0743474727116
Phone_6132,Apple,6000,6,128,108,6.1,Budget,7,5,4,4,262.4451253747636
Phone_6133,Apple,4000,12,64,48,6.8,Mid-Range,8,6,5,5,313.4384152270415
Phone_6134,Xiaomi,3000,8,256,50,6.4,Mid-Range,7,6,7,8,621.393396026442
Phone_6135,Oppo,5000,4,1024,108,6.4,Mid-Range,7,8,7,4,610.9138226799932
Phone_6136,Oppo,6000,8,128,48,6.7,Mid-Range,8,5,6,8,515.615961563225
Phone_6137,Apple,3000,12,128,108,6.8,Mid-Range,8,7,6,4,458.3292499100219
Phone_6138,Oppo,4000,16,64,50,6.4,Mid-Range,7,5,7,4,448.04483868174304
Phone_6139,Apple,3000,6,64,108,6.5,Budget,8,4,4,4,174.22777943865492
Phone_6140,Oppo,4000,12,512,12,6.4,Premium,5,8,8,8,1161.4094719355703
Phone_6141,Samsung,5000,12,512,12,6.4,Premium,5,10,8,10,1093.847718293373
Phone_6142,Apple,3000,8,64,64,6.4,Mid-Range,7,6,6,4,531.0686462485337
Phone_6143,Apple,5000,16,512,48,6.7,Premium,4,7,8,8,1105.9575000703646
Phone_6144,OnePlus,3000,6,128,50,6.1,Budget,9,3,4,4,100.43071419945105
Phone_6145,Oppo,4000,16,64,48,6.4,Mid-Range,6,8,5,4,505.582103652466
Phone_6146,Oppo,4000,16,256,12,6.1,Premium,7,8,9,9,1064.2563687455695
Phone_6147,Apple,3000,16,64,50,6.8,Mid-Range,5,6,8,7,378.9295695592303
Phone_6148,Samsung,4000,4,1024,64,6.1,Mid-Range,5,7,6,5,555.9892292668853
Phone_6149,Samsung,4500,16,1024,12,6.8,Premium,4,8,8,7,1263.6969363436788
Phone_6150,Samsung,4500,12,64,12,6.7,Mid-Range,6,5,6,4,569.2052406151446
Phone_6151,Oppo,5000,4,256,48,6.8,Mid-Range,6,8,5,6,590.1343318732952
Phone_6152,OnePlus,4500,4,64,108,6.8,Budget,8,4,6,5,185.25317500396756
Phone_6153,Apple,4500,16,256,48,6.5,Premium,4,7,7,6,1295.5037113989483
Phone_6154,Xiaomi,6000,12,128,12,6.7,Mid-Range,5,6,5,8,349.0487336788319
Phone_6155,OnePlus,6000,6,128,48,6.4,Budget,10,3,5,5,177.66787831655273
Phone_6156,Xiaomi,6000,16,256,108,6.7,Premium,5,7,8,7,1112.35266745758
Phone_6157,OnePlus,6000,4,512,64,6.5,Mid-Range,5,7,7,4,619.2930502190065
Phone_6158,Samsung,4000,6,128,50,6.8,Budget,8,6,4,5,272.3736900465417
Phone_6159,Oppo,5000,6,1024,12,6.7,Mid-Range,5,7,6,5,359.9729365784143
Phone_6160,Xiaomi,5000,4,64,48,6.5,Budget,8,3,5,5,175.44615293166817
Phone_6161,OnePlus,4500,6,512,12,6.4,Mid-Range,5,8,5,8,687.131290020099
Phone_6162,Oppo,5000,12,1024,50,6.8,Premium,7,9,7,7,799.9530577086222
Phone_6163,Xiaomi,4500,12,64,48,6.7,Mid-Range,6,8,5,5,361.3247178331784
Phone_6164,Apple,5000,16,1024,64,6.7,Premium,5,10,10,6,1031.1134764224953
Phone_6165,OnePlus,3000,16,512,50,6.8,Premium,7,10,7,9,1219.935173181538
Phone_6166,Apple,3000,6,256,108,6.7,Mid-Range,6,5,6,4,517.290233142084
Phone_6167,Samsung,5000,4,64,108,6.8,Budget,9,6,5,5,181.72822469373045
Phone_6168,Apple,4000,12,1024,12,6.5,Premium,4,8,9,6,879.9506254420835
Phone_6169,Apple,4500,8,1024,108,6.8,Mid-Range,7,5,7,8,601.1164358800199
Phone_6170,OnePlus,5000,16,512,48,6.4,Premium,6,9,7,8,1335.6203747572663
Phone_6171,Samsung,4500,12,512,108,6.8,Premium,4,9,10,8,764.2356759381606
Phone_6172,Apple,6000,6,512,64,6.7,Mid-Range,5,8,7,8,662.0197093239276
Phone_6173,Oppo,5000,12,256,48,6.8,Premium,5,7,8,8,788.9160315648137
Phone_6174,Xiaomi,4000,12,128,12,6.8,Mid-Range,6,6,5,7,602.8809990921106
Phone_6175,Apple,6000,6,1024,12,6.8,Mid-Range,5,5,8,4,396.0503142892793
Phone_6176,Samsung,5000,16,256,108,6.4,Premium,6,8,10,7,1167.7313038272428
Phone_6177,Apple,3000,16,1024,108,6.4,Premium,7,7,8,8,981.446122578709
Phone_6178,Xiaomi,5000,8,256,12,6.7,Mid-Range,6,6,7,5,364.22209015737747
Phone_6179,Samsung,3000,8,64,48,6.7,Mid-Range,6,6,8,6,371.53301187127965
Phone_6180,OnePlus,3000,16,128,50,6.8,Mid-Range,6,7,5,5,402.39584744233025
Phone_6181,Samsung,5000,16,1024,12,6.1,Premium,7,10,8,7,1479.5738319366947
Phone_6182,OnePlus,5000,16,512,64,6.5,Premium,4,8,9,7,1323.2956934637994
Phone_6183,Samsung,3000,16,128,48,6.8,Mid-Range,7,7,7,6,436.36069576978196
Phone_6184,Xiaomi,4500,12,1024,50,6.5,Premium,6,8,8,9,1490.904186631195
Phone_6185,Xiaomi,6000,8,64,50,6.4,Mid-Range,7,5,6,7,549.6087601580404
Phone_6186,Samsung,4000,6,1024,48,6.7,Mid-Range,6,7,6,6,352.3494129065923
Phone_6187,Apple,5000,4,1024,12,6.1,Mid-Range,6,6,7,6,358.498542521685
Phone_6188,Xiaomi,6000,6,1024,50,6.7,Mid-Range,6,7,8,6,453.34671035216684
Phone_6189,OnePlus,6000,4,128,64,6.4,Budget,9,3,5,4,178.59630131988453
Phone_6190,OnePlus,4500,12,1024,48,6.8,Premium,4,9,7,7,708.046733358131
Phone_6191,Oppo,6000,8,512,108,6.4,Mid-Range,6,8,6,4,574.7921199607251
Phone_6192,OnePlus,5000,4,256,12,6.1,Mid-Range,6,7,6,5,451.3807445168444
Phone_6193,Oppo,6000,16,512,48,6.8,Premium,6,7,10,10,1227.680737537719
Phone_6194,Samsung,5000,12,64,64,6.8,Mid-Range,5,5,8,7,384.53873630437
Phone_6195,Samsung,5000,4,128,50,6.1,Budget,9,5,5,5,137.82954065848236
Phone_6196,Samsung,3000,16,256,12,6.7,Premium,7,8,7,8,1395.6201157871246
Phone_6197,Apple,4500,12,128,12,6.8,Mid-Range,6,8,6,7,597.7623442979423
Phone_6198,Apple,4000,4,128,48,6.7,Budget,7,6,5,3,233.38560826152226
Phone_6199,Oppo,3000,16,1024,48,6.5,Premium,6,8,8,8,995.5961238550167
Phone_6200,OnePlus,4000,8,512,64,6.1,Mid-Range,6,8,8,5,329.54100060716
Phone_6201,OnePlus,5000,12,256,108,6.5,Premium,7,7,8,6,1364.5158943252018
Phone_6202,Samsung,3000,4,1024,48,6.8,Mid-Range,5,7,5,4,528.0218749576035
Phone_6203,Xiaomi,6000,16,256,48,6.1,Premium,6,10,9,10,1322.734505372657
Phone_6204,Apple,6000,8,512,48,6.8,Mid-Range,8,5,7,6,562.6803551321397
Phone_6205,Apple,4000,16,1024,64,6.1,Premium,7,9,9,8,1435.1165230406798
Phone_6206,Samsung,5000,8,256,50,6.7,Mid-Range,5,8,5,8,346.6439897718227
Phone_6207,Apple,4000,4,1024,108,6.4,Mid-Range,6,6,6,4,434.9308471017333
Phone_6208,Samsung,4500,16,128,64,6.4,Mid-Range,8,5,8,5,639.9888514487477
Phone_6209,Oppo,6000,16,64,48,6.1,Mid-Range,5,8,8,8,574.8800293694646
Phone_6210,OnePlus,3000,6,256,50,6.5,Mid-Range,7,6,5,4,421.85749421158283
Phone_6211,Xiaomi,3000,12,512,48,6.1,Premium,6,8,7,10,1128.2526023893333
Phone_6212,OnePlus,3000,16,256,64,6.7,Premium,4,8,8,10,1359.3623613197574
Phone_6213,OnePlus,6000,8,64,12,6.5,Mid-Range,8,5,8,5,423.72802257176585
Phone_6214,Oppo,5000,12,256,48,6.1,Premium,4,7,7,8,990.5265076548906
Phone_6215,Apple,6000,4,256,50,6.1,Mid-Range,7,6,5,4,337.3677748854123
Phone_6216,Xiaomi,6000,12,256,108,6.8,Premium,7,9,8,7,1487.9604975659101
Phone_6217,Apple,3000,6,512,12,6.7,Mid-Range,5,5,7,5,534.5029282975124
Phone_6218,OnePlus,6000,4,64,48,6.7,Budget,9,5,4,3,114.10170247815414
Phone_6219,Samsung,3000,16,64,48,6.4,Mid-Range,6,5,8,4,624.0353130437838
Phone_6220,OnePlus,5000,4,512,50,6.8,Mid-Range,7,8,7,4,612.1133042025584
Phone_6221,Apple,4500,4,256,12,6.5,Mid-Range,8,5,6,5,414.6782457416905
Phone_6222,OnePlus,3000,6,256,12,6.4,Mid-Range,5,5,5,6,504.90496270283666
Phone_6223,Samsung,4000,8,64,12,6.7,Mid-Range,8,8,6,7,602.3106221751364
Phone_6224,Oppo,4500,4,256,48,6.1,Mid-Range,8,7,6,8,408.3810944411895
Phone_6225,Apple,5000,8,128,12,6.8,Mid-Range,8,8,7,8,444.78453614902025
Phone_6226,OnePlus,4500,12,256,48,6.7,Premium,5,10,7,7,1221.9049063735388
Phone_6227,Apple,3000,6,256,48,6.7,Mid-Range,7,8,6,4,352.19543798532004
Phone_6228,Oppo,5000,16,1024,12,6.8,Premium,7,7,10,6,1488.431028622298
Phone_6229,OnePlus,4000,4,64,64,6.7,Budget,10,4,6,4,299.12671770059035
Phone_6230,OnePlus,3000,8,64,108,6.4,Mid-Range,6,6,8,8,367.43626321315446
Phone_6231,Apple,3000,4,128,108,6.8,Budget,10,5,4,4,295.6602085826762
Phone_6232,Apple,5000,6,128,64,6.7,Budget,7,4,4,5,207.52840356110642
Phone_6233,Samsung,5000,16,128,12,6.7,Mid-Range,7,8,7,7,599.8559818622796
Phone_6234,Oppo,4500,12,64,48,6.8,Mid-Range,6,6,7,4,337.47292319589246
Phone_6235,Samsung,4000,12,1024,50,6.1,Premium,5,9,7,6,1361.9081243890041
Phone_6236,OnePlus,4500,8,1024,64,6.5,Mid-Range,8,8,8,8,395.5156116107925
Phone_6237,Apple,4500,12,512,108,6.8,Premium,4,10,9,9,864.3151093771455
Phone_6238,OnePlus,3000,8,64,108,6.1,Mid-Range,7,6,5,6,504.62093392614565
Phone_6239,OnePlus,5000,16,512,48,6.7,Premium,7,9,9,6,965.5485504099117
Phone_6240,Xiaomi,3000,4,256,108,6.4,Mid-Range,7,8,5,6,609.1520297877578
Phone_6241,Xiaomi,4000,6,128,108,6.7,Budget,9,6,3,2,273.9805427215003
Phone_6242,OnePlus,4500,16,512,48,6.7,Premium,5,8,10,6,1468.6566879124086
Phone_6243,Apple,4000,16,512,12,6.1,Premium,6,10,8,10,1196.2392585300547
Phone_6244,OnePlus,5000,12,64,108,6.8,Mid-Range,8,6,5,6,658.0306296741518
Phone_6245,Xiaomi,5000,12,128,12,6.5,Mid-Range,6,6,6,7,316.42840024668624
Phone_6246,Apple,6000,6,128,50,6.5,Budget,10,3,3,3,155.52666139352215
Phone_6247,OnePlus,4000,4,1024,12,6.8,Mid-Range,8,7,8,4,384.70812147446355
Phone_6248,Oppo,3000,16,512,48,6.8,Premium,4,10,10,9,1193.283675986471
Phone_6249,Oppo,4000,12,1024,48,6.4,Premium,6,10,8,7,850.8688832454282
Phone_6250,OnePlus,4500,16,512,48,6.8,Premium,4,9,9,6,1365.3450181864082
Phone_6251,Apple,5000,4,64,108,6.4,Budget,8,4,5,5,188.99816652092312
Phone_6252,OnePlus,5000,8,64,64,6.8,Mid-Range,8,7,7,6,670.623666542079
Phone_6253,OnePlus,4000,4,256,108,6.4,Mid-Range,7,7,7,6,561.821112155935
Phone_6254,Xiaomi,4000,16,512,12,6.8,Premium,7,7,8,10,891.8313392591385
Phone_6255,Oppo,4000,16,512,50,6.8,Premium,4,9,9,10,1162.9340004347853
Phone_6256,Xiaomi,4500,6,128,50,6.5,Budget,10,5,5,3,279.46500346772655
Phone_6257,Xiaomi,4500,16,128,50,6.7,Mid-Range,8,7,8,5,672.305734323721
Phone_6258,OnePlus,3000,12,1024,50,6.7,Premium,4,8,10,8,1272.4653959569578
Phone_6259,Xiaomi,4000,6,256,64,6.4,Mid-Range,7,6,6,7,577.4997412557361
Phone_6260,Oppo,3000,16,64,50,6.1,Mid-Range,8,7,6,7,554.8060411230821
Phone_6261,Xiaomi,6000,4,512,108,6.5,Mid-Range,6,7,5,7,408.40610992835036
Phone_6262,Oppo,4500,16,1024,50,6.8,Premium,4,9,8,6,802.2925729319251
Phone_6263,Xiaomi,5000,4,256,48,6.5,Mid-Range,6,8,8,6,463.99206504397284
Phone_6264,Oppo,6000,4,128,12,6.1,Budget,10,4,6,2,190.06748174657622
Phone_6265,Xiaomi,5000,16,256,108,6.5,Premium,5,10,7,7,1018.2825693537111
Phone_6266,Xiaomi,6000,4,1024,64,6.1,Mid-Range,5,6,5,8,355.9033419564522
Phone_6267,Apple,3000,8,64,108,6.1,Mid-Range,8,7,8,5,464.1575791591964
Phone_6268,Oppo,3000,6,128,48,6.1,Budget,7,4,6,3,263.2558880425531
Phone_6269,Oppo,4500,16,128,50,6.1,Mid-Range,8,8,7,8,404.75612951066364
Phone_6270,Oppo,5000,8,64,50,6.1,Mid-Range,8,8,5,7,548.6987135798418
Phone_6271,Samsung,6000,4,128,64,6.8,Budget,8,5,3,2,288.5959144266616
Phone_6272,Xiaomi,4000,4,1024,12,6.5,Mid-Range,6,5,6,4,408.4724771567071
Phone_6273,Oppo,4000,6,128,50,6.7,Budget,10,3,5,2,134.02410437859947
Phone_6274,Samsung,4500,8,512,64,6.7,Mid-Range,5,7,5,5,576.7341391967127
Phone_6275,Apple,5000,8,256,50,6.8,Mid-Range,6,7,8,4,328.11550108335985
Phone_6276,Oppo,4000,16,1024,108,6.4,Premium,6,9,7,6,1174.6941114862109
Phone_6277,Oppo,4500,4,64,64,6.1,Budget,7,5,6,4,170.99855912078104
Phone_6278,Samsung,4500,12,1024,64,6.5,Premium,7,10,9,9,1237.3349117973737
Phone_6279,Xiaomi,5000,16,512,64,6.1,Premium,4,9,9,10,958.3632143350014
Phone_6280,Apple,4000,16,128,50,6.1,Mid-Range,8,8,8,4,519.9775014890932
Phone_6281,Oppo,4000,16,128,64,6.7,Mid-Range,7,6,7,5,671.7524140329267
Phone_6282,Xiaomi,4000,6,1024,108,6.1,Mid-Range,7,6,5,8,687.2203077279962
Phone_6283,Apple,3000,6,128,12,6.5,Budget,10,5,3,4,100.05225058858952
Phone_6284,OnePlus,4000,16,128,12,6.5,Mid-Range,8,7,5,7,416.5190950781075
Phone_6285,OnePlus,6000,12,512,48,6.7,Premium,6,8,8,6,1488.3836265179639
Phone_6286,Apple,3000,8,64,108,6.8,Mid-Range,7,5,7,5,529.3913756383181
Phone_6287,Samsung,3000,8,256,108,6.7,Mid-Range,7,8,6,7,436.6165953620406
Phone_6288,Apple,3000,4,1024,64,6.7,Mid-Range,5,8,5,4,484.0151786470335
Phone_6289,Apple,3000,8,64,48,6.1,Mid-Range,8,7,8,6,462.4808077899718
Phone_6290,Samsung,4500,8,256,108,6.4,Mid-Range,5,8,8,7,674.1160051110792
Phone_6291,Samsung,6000,12,64,108,6.8,Mid-Range,8,7,7,5,627.9332219367514
Phone_6292,Xiaomi,5000,8,1024,108,6.8,Mid-Range,7,5,5,6,312.54993671868243
Phone_6293,Xiaomi,4000,12,512,50,6.8,Premium,5,8,10,7,1094.2582295039251
Phone_6294,Samsung,3000,6,512,108,6.1,Mid-Range,5,5,7,7,327.74986348478996
Phone_6295,OnePlus,5000,12,512,50,6.7,Premium,6,8,10,8,1212.4152052184177
Phone_6296,OnePlus,4500,6,64,108,6.1,Budget,9,5,5,2,232.93740737487775
Phone_6297,Apple,5000,12,1024,12,6.5,Premium,7,7,10,7,1386.5319708387965
Phone_6298,Oppo,3000,16,128,50,6.4,Mid-Range,6,8,5,4,513.8884861404574
Phone_6299,Apple,6000,6,128,50,6.4,Budget,9,6,4,5,267.44289787949805
Phone_6300,Apple,5000,6,512,64,6.1,Mid-Range,7,5,7,6,483.7169145962324
Phone_6301,Oppo,3000,8,64,108,6.7,Mid-Range,5,5,5,4,402.7384224521412
Phone_6302,Samsung,3000,6,128,48,6.8,Budget,8,6,4,4,144.0049779709703
Phone_6303,OnePlus,4000,12,64,48,6.5,Mid-Range,7,7,7,4,456.46396033788915
Phone_6304,Apple,4000,16,1024,48,6.5,Premium,6,8,8,8,827.7351435441483
Phone_6305,Oppo,6000,16,512,48,6.4,Premium,6,8,10,7,788.236561655124
Phone_6306,Xiaomi,4000,8,256,12,6.7,Mid-Range,8,7,5,8,665.7050510455348
Phone_6307,Apple,6000,12,512,48,6.8,Premium,7,9,9,10,1078.575067039982
Phone_6308,OnePlus,4500,12,256,64,6.4,Premium,5,10,9,8,792.5270738385784
Phone_6309,Samsung,4500,4,128,48,6.7,Budget,7,6,6,5,162.42430616471313
Phone_6310,Apple,4000,6,256,64,6.8,Mid-Range,7,6,8,6,689.6550739333179
Phone_6311,Apple,4500,8,64,50,6.1,Mid-Range,7,6,5,8,413.4335645356459
Phone_6312,Oppo,5000,16,256,108,6.7,Premium,4,8,7,7,1398.5992852811573
Phone_6313,Xiaomi,5000,4,128,48,6.5,Budget,10,3,4,5,264.19851045827437
Phone_6314,Xiaomi,5000,12,128,64,6.7,Mid-Range,6,8,7,7,557.1461676854763
Phone_6315,Samsung,4500,6,512,64,6.7,Mid-Range,5,8,5,7,629.9275363712597
Phone_6316,OnePlus,5000,16,128,108,6.7,Mid-Range,6,5,6,6,438.7922014740775
Phone_6317,Samsung,6000,4,64,50,6.8,Budget,10,4,6,4,232.48258252927653
Phone_6318,Apple,3000,12,256,48,6.8,Premium,6,10,10,7,1225.849053864397
Phone_6319,Apple,4000,16,1024,64,6.1,Premium,6,7,8,10,1223.6106573939078
Phone_6320,Xiaomi,6000,16,128,48,6.1,Mid-Range,7,7,6,6,315.82994878355845
Phone_6321,OnePlus,5000,12,256,12,6.8,Premium,4,10,8,9,1157.819840378106
Phone_6322,Oppo,3000,12,512,64,6.8,Premium,7,8,7,8,905.1450505589424
Phone_6323,OnePlus,4000,8,1024,50,6.4,Mid-Range,7,6,5,5,302.6700878811154
Phone_6324,Apple,6000,16,512,108,6.7,Premium,6,8,7,6,710.9000806622436
Phone_6325,Oppo,4000,12,64,64,6.7,Mid-Range,5,5,7,6,517.2846066255122
Phone_6326,OnePlus,4500,4,512,12,6.5,Mid-Range,7,7,5,4,567.5812251687273
Phone_6327,OnePlus,5000,6,256,108,6.8,Mid-Range,6,6,7,6,365.2202274815134
Phone_6328,Oppo,6000,8,1024,50,6.8,Mid-Range,7,7,8,5,402.67678410270156
Phone_6329,Apple,6000,12,512,48,6.1,Premium,5,9,7,9,739.0125224764954
Phone_6330,OnePlus,3000,6,512,48,6.1,Mid-Range,6,5,7,5,698.9895162120822
Phone_6331,Oppo,3000,8,64,64,6.7,Mid-Range,8,6,8,8,341.23481302164026
Phone_6332,Apple,3000,16,256,108,6.7,Premium,4,10,10,7,1496.9522527663012
Phone_6333,Oppo,4000,6,512,12,6.8,Mid-Range,6,5,6,5,545.667386965066
Phone_6334,Oppo,5000,8,256,12,6.7,Mid-Range,7,8,6,6,432.7531223997579
Phone_6335,OnePlus,4000,12,128,50,6.8,Mid-Range,5,6,5,8,655.0317086358167
Phone_6336,Apple,5000,12,64,108,6.5,Mid-Range,5,5,8,8,632.6074050851955
Phone_6337,OnePlus,6000,8,64,108,6.5,Mid-Range,7,7,5,4,647.2610546808364
Phone_6338,Samsung,4000,16,64,48,6.4,Mid-Range,8,6,5,6,594.0521209865335
Phone_6339,Samsung,4000,8,256,50,6.1,Mid-Range,7,8,7,4,352.71588986657855
Phone_6340,Apple,4000,4,512,50,6.4,Mid-Range,8,7,7,7,325.4446898454508
Phone_6341,Oppo,4500,8,512,50,6.5,Mid-Range,8,7,6,8,325.85182450675416
Phone_6342,OnePlus,5000,8,256,108,6.7,Mid-Range,7,7,5,6,620.7118400226918
Phone_6343,OnePlus,5000,12,256,48,6.1,Premium,7,9,8,8,829.2961577047859
Phone_6344,Apple,4000,16,128,50,6.1,Mid-Range,7,5,5,4,692.3937459553398
Phone_6345,Apple,4500,8,1024,48,6.4,Mid-Range,5,6,7,8,557.4033059368951
Phone_6346,Samsung,4000,6,1024,50,6.1,Mid-Range,5,6,5,8,399.7053683280625
Phone_6347,Xiaomi,5000,12,64,108,6.5,Mid-Range,7,6,7,6,335.8057161081883
Phone_6348,Apple,6000,12,512,48,6.7,Premium,5,10,7,7,955.8280390877967
Phone_6349,Xiaomi,4500,8,64,64,6.4,Mid-Range,5,6,7,6,379.87851501183593
Phone_6350,Apple,4500,6,512,50,6.7,Mid-Range,5,6,6,8,551.3581445283684
Phone_6351,Oppo,4000,8,512,108,6.4,Mid-Range,7,8,7,6,338.3851273452242
Phone_6352,Oppo,6000,6,128,48,6.8,Budget,7,6,4,5,109.49158431782264
Phone_6353,Samsung,5000,12,256,12,6.1,Premium,5,8,7,9,770.7544897803631
Phone_6354,Samsung,3000,6,256,108,6.8,Mid-Range,7,6,5,6,594.5431575498151
Phone_6355,Xiaomi,5000,8,256,108,6.1,Mid-Range,7,6,8,7,686.1907873035589
Phone_6356,Apple,5000,4,1024,12,6.8,Mid-Range,7,6,6,5,560.2240187219206
Phone_6357,OnePlus,6000,4,256,12,6.7,Mid-Range,7,7,8,8,615.4209654223081
Phone_6358,Samsung,4500,6,1024,64,6.5,Mid-Range,7,7,8,4,334.12181627214983
Phone_6359,OnePlus,5000,8,64,64,6.4,Mid-Range,5,6,5,8,677.2362489206287
Phone_6360,OnePlus,4500,16,1024,64,6.1,Premium,5,7,10,6,1414.090233764332
Phone_6361,Apple,6000,4,512,108,6.4,Mid-Range,6,8,8,7,497.2203256210128
Phone_6362,Xiaomi,6000,12,128,108,6.5,Mid-Range,5,7,8,4,682.8377518200248
Phone_6363,Apple,4000,8,128,108,6.8,Mid-Range,8,8,6,7,371.7454162625322
Phone_6364,Samsung,3000,8,512,64,6.7,Mid-Range,6,5,6,4,314.20279659799775
Phone_6365,OnePlus,6000,4,64,48,6.4,Budget,8,4,4,3,272.3652176728955
Phone_6366,Apple,6000,16,128,108,6.8,Mid-Range,7,8,7,4,362.55022173442416
Phone_6367,Apple,4500,12,512,108,6.1,Premium,4,10,7,6,1189.430426343587
Phone_6368,Apple,6000,16,128,108,6.4,Mid-Range,6,8,6,7,411.3498472357837
Phone_6369,Samsung,5000,12,1024,64,6.4,Premium,5,10,7,10,1147.5327766088258
Phone_6370,Xiaomi,4000,4,128,50,6.1,Budget,10,5,5,3,213.22151800683503
Phone_6371,Apple,4000,8,1024,64,6.5,Mid-Range,8,6,8,8,319.7899419348936
Phone_6372,Samsung,5000,12,1024,50,6.8,Premium,7,7,9,8,796.7115015233803
Phone_6373,OnePlus,6000,8,128,64,6.4,Mid-Range,6,7,7,8,396.1177679720913
Phone_6374,Oppo,3000,6,128,48,6.8,Budget,10,3,5,5,287.03778012547434
Phone_6375,Samsung,6000,6,1024,48,6.7,Mid-Range,7,7,5,8,366.0930829813999
Phone_6376,Oppo,4000,4,128,108,6.8,Budget,8,4,4,3,290.2532726157652
Phone_6377,Apple,3000,4,64,64,6.8,Budget,7,4,3,5,178.49240552891268
Phone_6378,Apple,4500,4,256,50,6.1,Mid-Range,8,5,8,4,309.2909111940819
Phone_6379,Samsung,4500,6,256,50,6.8,Mid-Range,7,8,6,5,553.6084861054776
Phone_6380,Oppo,6000,12,512,48,6.5,Premium,4,10,7,10,766.9706807931555
Phone_6381,Apple,6000,16,256,108,6.8,Premium,7,8,9,10,878.3057082570634
Phone_6382,OnePlus,3000,4,64,50,6.7,Budget,10,6,3,3,159.6778381026702
Phone_6383,Xiaomi,3000,16,256,64,6.8,Premium,5,7,8,8,989.4363938336655
Phone_6384,Xiaomi,6000,16,256,108,6.1,Premium,6,10,8,6,1344.7027758742377
Phone_6385,Apple,4000,6,64,64,6.7,Budget,9,6,4,2,105.2278616732504
Phone_6386,Oppo,4500,12,1024,64,6.1,Premium,5,10,8,7,957.8164305590802
Phone_6387,Apple,3000,6,256,48,6.5,Mid-Range,8,6,6,8,571.4100513659371
Phone_6388,Oppo,4000,4,512,64,6.5,Mid-Range,7,5,8,5,674.3422845035079
Phone_6389,OnePlus,6000,6,256,12,6.1,Mid-Range,6,8,5,4,618.0693410830338
Phone_6390,Oppo,5000,6,256,108,6.5,Mid-Range,7,6,5,5,673.4202898855747
Phone_6391,Apple,3000,6,64,12,6.1,Budget,8,4,5,5,243.27037466941994
Phone_6392,OnePlus,5000,4,64,64,6.4,Budget,8,6,6,4,299.65504739697735
Phone_6393,Samsung,4000,4,512,64,6.8,Mid-Range,5,8,8,7,428.8237704909171
Phone_6394,Xiaomi,4500,6,128,48,6.4,Budget,7,4,4,4,269.35596596263326
Phone_6395,Apple,4000,6,64,48,6.5,Budget,8,4,4,4,115.85660261317383
Phone_6396,Apple,4500,16,128,48,6.1,Mid-Range,7,6,6,8,613.3206716964025
Phone_6397,Apple,4000,12,512,48,6.1,Premium,6,7,8,7,1467.228850016079
Phone_6398,OnePlus,3000,16,256,50,6.1,Premium,5,9,8,6,1481.5705554679935
Phone_6399,Samsung,3000,12,256,48,6.1,Premium,7,10,7,10,872.1992823249306
Phone_6400,Oppo,5000,12,128,64,6.8,Mid-Range,8,7,5,6,385.621720443449
Phone_6401,Samsung,4000,6,512,64,6.7,Mid-Range,8,7,8,6,462.1486159994706
Phone_6402,OnePlus,4000,16,512,108,6.4,Premium,6,9,8,7,1469.847622365755
Phone_6403,Apple,5000,12,64,12,6.5,Mid-Range,6,5,8,4,395.3080001521921
Phone_6404,Xiaomi,6000,12,128,50,6.1,Mid-Range,7,8,5,5,640.0912874781997
Phone_6405,Apple,4000,4,64,50,6.4,Budget,7,4,3,3,289.6624107271242
Phone_6406,Oppo,4000,12,128,108,6.7,Mid-Range,5,7,8,8,537.1012603512793
Phone_6407,Xiaomi,4000,6,64,108,6.4,Budget,7,6,5,4,264.9757294683634
Phone_6408,Apple,6000,8,64,48,6.5,Mid-Range,6,7,8,8,669.3840826998913
Phone_6409,Xiaomi,3000,4,512,108,6.1,Mid-Range,8,6,5,6,551.5681598394012
Phone_6410,Samsung,5000,8,512,50,6.5,Mid-Range,5,6,6,6,432.8373843827228
Phone_6411,OnePlus,6000,6,256,12,6.1,Mid-Range,7,5,6,4,555.4767186773392
Phone_6412,Apple,4500,8,256,12,6.7,Mid-Range,5,7,6,7,427.56261161505927
Phone_6413,Oppo,4500,12,512,50,6.5,Premium,5,8,7,6,843.0789608686061
Phone_6414,Samsung,6000,8,512,48,6.4,Mid-Range,7,8,7,7,494.0823354021318
Phone_6415,Apple,6000,16,64,12,6.7,Mid-Range,6,5,5,5,644.0792725232816
Phone_6416,Samsung,3000,6,256,12,6.5,Mid-Range,8,7,6,4,663.6723800726159
Phone_6417,Oppo,4500,16,512,48,6.1,Premium,7,9,8,6,1088.9576478883325
Phone_6418,Apple,5000,8,128,12,6.7,Mid-Range,8,7,6,5,579.8095506965756
Phone_6419,Oppo,4000,16,128,64,6.1,Mid-Range,8,5,6,5,544.2765361390849
Phone_6420,Xiaomi,4000,4,256,50,6.8,Mid-Range,8,8,5,6,624.3299322432616
Phone_6421,Oppo,3000,8,128,12,6.4,Mid-Range,7,5,5,7,341.2898675727346
Phone_6422,Xiaomi,3000,16,64,12,6.1,Mid-Range,7,8,5,4,460.5488178384411
Phone_6423,Apple,4500,12,256,48,6.5,Premium,4,10,7,9,880.6664318759224
Phone_6424,Xiaomi,5000,8,512,12,6.8,Mid-Range,5,5,5,8,302.6303582474107
Phone_6425,Apple,5000,4,128,48,6.7,Budget,8,5,4,2,236.91412690432304
Phone_6426,Apple,6000,12,64,50,6.5,Mid-Range,7,6,5,6,353.674265213117
Phone_6427,OnePlus,3000,8,512,64,6.7,Mid-Range,5,8,8,6,429.3501684357818
Phone_6428,Apple,4000,12,1024,108,6.8,Premium,6,9,9,8,1144.136493631917
Phone_6429,Xiaomi,4000,8,64,50,6.5,Mid-Range,6,7,8,6,588.5270143022677
Phone_6430,OnePlus,4500,8,128,12,6.1,Mid-Range,5,7,6,5,527.085307253516
Phone_6431,OnePlus,4000,6,64,64,6.5,Budget,8,3,6,4,115.06112428713287
Phone_6432,Apple,5000,16,1024,108,6.4,Premium,5,9,8,7,794.8562957088562
Phone_6433,Oppo,5000,8,1024,108,6.1,Mid-Range,8,6,8,8,322.4951373936217
Phone_6434,Oppo,3000,4,64,12,6.4,Budget,10,5,5,4,105.8240667339853
Phone_6435,OnePlus,4500,16,512,108,6.5,Premium,6,10,10,9,1120.5159279955049
Phone_6436,Apple,4000,6,512,108,6.5,Mid-Range,7,8,5,4,491.68009796828164
Phone_6437,Oppo,3000,16,1024,50,6.7,Premium,4,9,7,7,1232.2241357762834
Phone_6438,Apple,6000,16,256,50,6.5,Premium,4,9,8,6,1244.8710590399105
Phone_6439,Apple,6000,8,256,108,6.1,Mid-Range,8,8,7,6,658.3325324503671
Phone_6440,OnePlus,4000,4,512,48,6.4,Mid-Range,6,7,5,8,482.3745377771437
Phone_6441,OnePlus,4000,8,256,12,6.8,Mid-Range,8,8,5,6,333.29019088072687
Phone_6442,Samsung,4000,4,512,48,6.4,Mid-Range,5,6,6,5,678.029944934899
Phone_6443,Oppo,5000,4,128,48,6.7,Budget,10,4,5,3,244.3680896338148
Phone_6444,Oppo,4000,12,512,108,6.8,Premium,4,10,9,6,711.1878531880042
Phone_6445,Oppo,6000,8,128,12,6.8,Mid-Range,8,5,6,6,375.3708454043934
Phone_6446,Xiaomi,4000,6,1024,48,6.5,Mid-Range,6,6,7,4,347.93787238024606
Phone_6447,Apple,4500,16,256,50,6.7,Premium,6,7,7,7,1203.17333651796
Phone_6448,OnePlus,6000,12,1024,50,6.7,Premium,5,8,9,8,1296.8521994063362
Phone_6449,Oppo,4500,6,64,12,6.5,Budget,7,3,5,5,126.37331484845464
Phone_6450,Samsung,6000,8,64,48,6.1,Mid-Range,7,5,8,8,383.6297248517792
Phone_6451,Oppo,3000,4,1024,64,6.5,Mid-Range,7,6,8,5,476.7866655009852
Phone_6452,Apple,6000,8,512,64,6.7,Mid-Range,6,7,5,7,591.9515615519904
Phone_6453,Apple,6000,8,512,12,6.8,Mid-Range,6,7,6,4,570.7892517650318
Phone_6454,OnePlus,4500,12,256,12,6.1,Premium,5,9,8,7,1297.4864093098445
Phone_6455,Xiaomi,4500,6,1024,64,6.7,Mid-Range,5,5,6,4,686.4118251376126
Phone_6456,OnePlus,6000,12,64,48,6.7,Mid-Range,8,8,6,4,528.2777974119338
Phone_6457,Oppo,6000,6,1024,48,6.5,Mid-Range,5,6,7,7,600.9215754169593
Phone_6458,Samsung,5000,12,1024,108,6.4,Premium,4,7,10,8,996.3922338083388
Phone_6459,OnePlus,3000,16,256,12,6.7,Premium,6,10,8,10,1482.8036988127067
Phone_6460,Xiaomi,3000,4,512,48,6.4,Mid-Range,6,6,7,5,341.7485727930089
Phone_6461,OnePlus,4000,4,64,64,6.1,Budget,7,3,3,5,233.97407298966826
Phone_6462,Apple,6000,4,256,64,6.8,Mid-Range,6,6,5,7,408.2434783573619
Phone_6463,Oppo,6000,16,64,50,6.4,Mid-Range,8,7,7,4,331.94452501989554
Phone_6464,Oppo,6000,16,64,48,6.4,Mid-Range,6,6,6,8,339.2923580654532
Phone_6465,Oppo,6000,4,512,108,6.4,Mid-Range,6,8,5,4,588.9507786594029
Phone_6466,Oppo,3000,4,512,108,6.4,Mid-Range,8,8,6,6,391.57086680785693
Phone_6467,Oppo,4500,6,256,12,6.4,Mid-Range,6,7,8,6,607.9941211574419
Phone_6468,Oppo,5000,6,128,50,6.1,Budget,10,3,5,4,277.99345941466845
Phone_6469,Samsung,4500,8,256,64,6.7,Mid-Range,5,6,7,8,436.33951409644504
Phone_6470,Xiaomi,4500,12,256,64,6.8,Premium,6,7,7,6,951.4869871254325
Phone_6471,Oppo,3000,6,128,12,6.7,Budget,9,3,4,2,108.9648766661127
Phone_6472,Xiaomi,5000,6,64,108,6.1,Budget,9,5,5,3,199.48864137769783
Phone_6473,Oppo,6000,6,1024,108,6.1,Mid-Range,7,6,5,5,422.68922866923094
Phone_6474,OnePlus,3000,6,128,64,6.4,Budget,7,3,3,4,153.72883587020678
Phone_6475,Oppo,3000,16,1024,12,6.1,Premium,5,10,9,10,776.162506299006
Phone_6476,Apple,5000,8,64,48,6.1,Mid-Range,8,6,7,5,454.46117071169647
Phone_6477,Samsung,4000,6,128,50,6.4,Budget,7,5,4,2,268.40492959413757
Phone_6478,OnePlus,3000,12,512,108,6.1,Premium,6,10,9,10,1258.120417078208
Phone_6479,OnePlus,4500,6,256,108,6.1,Mid-Range,6,5,7,8,533.4377130950319
Phone_6480,Apple,4500,16,128,108,6.1,Mid-Range,7,5,6,4,696.5871444480715
Phone_6481,Oppo,6000,4,128,48,6.5,Budget,9,6,4,5,256.0963735157608
Phone_6482,Samsung,3000,4,64,48,6.7,Budget,9,4,5,5,230.7399831532789
Phone_6483,OnePlus,6000,8,512,50,6.5,Mid-Range,8,7,7,4,590.5921640129527
Phone_6484,Samsung,3000,4,128,108,6.7,Budget,10,5,6,4,194.8183817821132
Phone_6485,OnePlus,5000,6,512,64,6.4,Mid-Range,6,7,7,6,674.3369801017959
Phone_6486,Oppo,3000,16,1024,108,6.4,Premium,7,10,7,10,730.7058293548739
Phone_6487,OnePlus,4000,8,128,50,6.7,Mid-Range,6,6,5,7,459.777328779301
Phone_6488,OnePlus,4500,6,512,50,6.7,Mid-Range,6,5,8,8,377.69393760697557
Phone_6489,Xiaomi,5000,4,256,64,6.8,Mid-Range,6,6,7,8,421.58281298076434
Phone_6490,Oppo,4500,12,64,48,6.7,Mid-Range,5,5,6,7,300.90186959280095
Phone_6491,Apple,6000,6,512,64,6.7,Mid-Range,5,8,5,5,563.9618427643666
Phone_6492,Apple,5000,12,64,50,6.4,Mid-Range,8,5,8,8,542.1866336846465
Phone_6493,Oppo,4000,12,128,64,6.4,Mid-Range,7,7,7,4,461.2132726071252
Phone_6494,Apple,4500,8,128,108,6.1,Mid-Range,8,7,6,7,686.8428961587213
Phone_6495,Oppo,3000,16,1024,50,6.1,Premium,6,8,8,7,887.9492488239468
Phone_6496,Apple,3000,4,64,48,6.4,Budget,7,4,6,5,208.58742050867897
Phone_6497,Xiaomi,3000,4,256,48,6.1,Mid-Range,5,6,8,4,451.48069754592245
Phone_6498,Apple,5000,6,256,64,6.5,Mid-Range,6,8,6,8,506.3199028583977
Phone_6499,OnePlus,4000,4,512,64,6.5,Mid-Range,7,8,6,5,518.1412277623539
Phone_6500,Oppo,4000,8,256,64,6.1,Mid-Range,5,5,6,4,410.2541440160229
Phone_6501,Samsung,4000,4,64,108,6.1,Budget,10,5,6,3,253.46138590636744
Phone_6502,Samsung,4500,6,128,48,6.7,Budget,10,6,6,2,217.30015753178037
Phone_6503,Oppo,5000,4,64,50,6.7,Budget,10,5,6,5,120.85132382141887
Phone_6504,Xiaomi,3000,16,64,50,6.5,Mid-Range,8,6,6,6,443.8100332011873
Phone_6505,Apple,4500,12,128,48,6.5,Mid-Range,6,6,5,6,449.6569641974612
Phone_6506,Xiaomi,4000,12,64,64,6.7,Mid-Range,6,5,6,4,588.0976857376539
Phone_6507,Samsung,3000,12,256,12,6.7,Premium,5,8,8,7,752.9928134640865
Phone_6508,Oppo,5000,16,512,64,6.7,Premium,7,8,9,8,707.984513991009
Phone_6509,Oppo,6000,8,512,48,6.1,Mid-Range,8,8,7,4,566.4519756698115
Phone_6510,Xiaomi,4000,6,64,108,6.4,Budget,9,4,4,4,276.40242393882875
Phone_6511,Xiaomi,4000,16,128,64,6.5,Mid-Range,5,8,8,5,375.978079325062
Phone_6512,Apple,4000,6,1024,50,6.8,Mid-Range,5,8,8,8,486.596400689063
Phone_6513,OnePlus,4000,8,64,108,6.7,Mid-Range,8,5,5,5,634.1669730709732
Phone_6514,OnePlus,3000,16,64,48,6.1,Mid-Range,8,6,7,8,592.9373061781039
Phone_6515,Apple,5000,4,1024,12,6.5,Mid-Range,5,8,6,8,649.3804385441003
Phone_6516,OnePlus,4500,8,512,64,6.7,Mid-Range,8,5,6,5,640.4025544866296
Phone_6517,Samsung,3000,12,512,108,6.1,Premium,5,10,8,6,800.0690892372199
Phone_6518,OnePlus,5000,16,1024,108,6.5,Premium,5,9,7,8,1208.5220032418802
Phone_6519,Apple,4500,8,128,50,6.5,Mid-Range,6,6,5,4,668.3196378189609
Phone_6520,OnePlus,4000,8,64,64,6.8,Mid-Range,8,5,6,4,596.4290936440683
Phone_6521,Oppo,5000,16,256,12,6.8,Premium,4,7,8,6,766.6786231703651
Phone_6522,Xiaomi,4000,12,512,108,6.5,Premium,6,10,10,10,1133.3461244737675
Phone_6523,Samsung,5000,12,512,50,6.1,Premium,4,10,10,7,1371.1560207567625
Phone_6524,Oppo,6000,8,512,64,6.7,Mid-Range,5,6,5,7,498.0812738479292
Phone_6525,Oppo,4000,6,128,64,6.7,Budget,9,4,5,2,190.41821593334456
Phone_6526,Apple,4000,8,1024,12,6.5,Mid-Range,7,8,5,7,375.00360860256836
Phone_6527,Xiaomi,4000,16,128,50,6.7,Mid-Range,5,5,5,7,537.9676315148765
Phone_6528,Xiaomi,3000,16,512,12,6.8,Premium,4,7,8,6,810.5613292188339
Phone_6529,Samsung,4500,16,64,108,6.7,Mid-Range,5,5,7,4,497.0193850787055
Phone_6530,Apple,4000,12,512,48,6.4,Premium,7,7,10,7,787.059417767005
Phone_6531,Samsung,4000,4,64,48,6.8,Budget,10,4,4,5,237.1413523425151
Phone_6532,OnePlus,3000,16,64,12,6.8,Mid-Range,5,7,5,5,602.2976859793389
Phone_6533,Oppo,3000,16,512,12,6.5,Premium,4,7,7,8,868.1555896309169
Phone_6534,Samsung,6000,6,512,48,6.5,Mid-Range,5,8,5,5,569.8897645670223
Phone_6535,Oppo,5000,6,64,108,6.7,Budget,7,6,5,4,123.40666912736258
Phone_6536,Apple,4000,8,128,12,6.7,Mid-Range,5,7,8,8,632.1051780801737
Phone_6537,OnePlus,5000,8,128,108,6.5,Mid-Range,8,8,6,6,659.2811948133244
Phone_6538,Apple,3000,8,128,108,6.1,Mid-Range,8,6,5,5,543.9724788609903
Phone_6539,OnePlus,3000,16,256,50,6.7,Premium,5,10,8,10,1202.9077891146324
Phone_6540,OnePlus,6000,6,64,108,6.1,Budget,10,6,6,5,108.79514126447015
Phone_6541,Oppo,4500,8,256,64,6.8,Mid-Range,5,5,5,6,588.96656402292
Phone_6542,Apple,3000,6,256,48,6.4,Mid-Range,5,6,8,4,356.48303442889886
Phone_6543,Apple,4000,16,64,48,6.1,Mid-Range,7,7,8,4,647.4079312541937
Phone_6544,Samsung,6000,16,256,12,6.7,Premium,6,8,9,8,823.0937691570145
Phone_6545,Apple,4500,8,64,12,6.5,Mid-Range,5,6,8,7,650.4546316691321
Phone_6546,Samsung,6000,16,1024,50,6.5,Premium,6,8,9,7,718.2127069744298
Phone_6547,Xiaomi,3000,16,1024,50,6.4,Premium,6,10,10,6,1213.8215767026277
Phone_6548,Xiaomi,4500,6,64,64,6.4,Budget,9,5,5,3,159.7493310422695
Phone_6549,Xiaomi,5000,4,64,12,6.8,Budget,8,3,3,2,219.72112732547208
Phone_6550,Apple,4500,12,64,48,6.1,Mid-Range,8,8,5,7,304.6111818824998
Phone_6551,Apple,4000,8,128,64,6.4,Mid-Range,5,6,8,4,503.4757107577484
Phone_6552,Samsung,5000,4,64,12,6.8,Budget,9,3,6,5,150.19701995014296
Phone_6553,OnePlus,5000,8,512,64,6.8,Mid-Range,5,5,5,7,534.4440447845657
Phone_6554,Samsung,4000,4,1024,108,6.8,Mid-Range,8,8,6,8,644.9511511192259
Phone_6555,Xiaomi,5000,16,1024,108,6.7,Premium,5,7,8,10,705.5440759573481
Phone_6556,Samsung,3000,8,64,64,6.4,Mid-Range,7,6,8,5,371.44669650836846
Phone_6557,OnePlus,4500,4,1024,12,6.5,Mid-Range,5,6,8,7,563.8306167195817
Phone_6558,Apple,4500,12,64,108,6.8,Mid-Range,6,6,7,4,466.76311005075934
Phone_6559,Samsung,4000,16,64,108,6.5,Mid-Range,7,8,7,4,383.52205588871925
Phone_6560,Xiaomi,3000,8,1024,64,6.7,Mid-Range,7,8,7,8,396.36148426834774
Phone_6561,Xiaomi,5000,8,1024,108,6.1,Mid-Range,5,7,5,8,397.8614472920765
Phone_6562,Apple,4500,4,512,48,6.7,Mid-Range,6,7,6,5,591.860668734804
Phone_6563,Samsung,4500,8,256,108,6.7,Mid-Range,6,7,7,6,442.0007956610509
Phone_6564,OnePlus,4500,16,512,64,6.4,Premium,5,7,9,6,1338.9989828053353
Phone_6565,Apple,4500,6,512,108,6.8,Mid-Range,6,8,7,8,654.3842602124575
Phone_6566,Samsung,6000,4,1024,108,6.7,Mid-Range,7,6,7,5,313.7378479429384
Phone_6567,Oppo,4000,12,512,50,6.8,Premium,7,8,10,9,1121.2623712929599
Phone_6568,Xiaomi,5000,8,1024,64,6.5,Mid-Range,8,5,6,5,684.2226933038284
Phone_6569,OnePlus,5000,16,128,64,6.1,Mid-Range,6,6,6,8,550.2573110093175
Phone_6570,OnePlus,4000,8,64,50,6.1,Mid-Range,8,8,8,6,519.2651824364557
Phone_6571,OnePlus,3000,12,256,50,6.5,Premium,5,7,7,8,1400.6198081276625
Phone_6572,Xiaomi,4000,16,128,48,6.4,Mid-Range,7,7,7,7,501.18352437785046
Phone_6573,Samsung,4500,12,64,108,6.5,Mid-Range,8,8,7,7,444.5616596688982
Phone_6574,Apple,4500,16,64,12,6.5,Mid-Range,6,7,8,5,611.2402382617615
Phone_6575,Samsung,4000,6,256,12,6.4,Mid-Range,8,5,8,5,624.7104969395612
Phone_6576,Apple,4000,16,512,50,6.4,Premium,4,7,9,6,889.0795871088133
Phone_6577,OnePlus,5000,12,64,64,6.7,Mid-Range,7,5,5,6,508.89762627079546
Phone_6578,Samsung,5000,4,256,64,6.8,Mid-Range,6,7,5,7,643.975100692061
Phone_6579,OnePlus,6000,6,1024,48,6.1,Mid-Range,7,7,5,4,549.8106534934227
Phone_6580,Oppo,6000,8,64,12,6.4,Mid-Range,8,5,7,6,492.3884276914738
Phone_6581,OnePlus,4500,6,64,64,6.4,Budget,9,4,5,3,276.01865519189545
Phone_6582,OnePlus,6000,6,512,48,6.7,Mid-Range,5,6,7,4,686.595159983088
Phone_6583,Apple,6000,8,512,48,6.7,Mid-Range,6,5,5,4,394.1096416538744
Phone_6584,Oppo,3000,16,1024,50,6.8,Premium,4,9,10,9,1246.2964942842805
Phone_6585,OnePlus,4000,6,64,12,6.4,Budget,7,4,6,3,296.9093362121448
Phone_6586,OnePlus,5000,6,512,48,6.4,Mid-Range,8,7,7,5,397.1797986022542
Phone_6587,Oppo,6000,4,256,48,6.7,Mid-Range,6,7,6,8,639.1354356247948
Phone_6588,Oppo,5000,4,64,48,6.5,Budget,9,5,5,4,187.01823992571755
Phone_6589,Samsung,6000,12,256,12,6.8,Premium,4,9,9,7,874.3224740367228
Phone_6590,Apple,6000,8,128,50,6.4,Mid-Range,7,8,6,5,468.77566348673315
Phone_6591,Oppo,4500,16,1024,108,6.1,Premium,7,8,7,8,814.7516192651238
Phone_6592,Oppo,3000,16,512,64,6.1,Premium,6,8,9,10,712.3321392899186
Phone_6593,Xiaomi,4000,12,128,12,6.7,Mid-Range,6,5,5,7,491.74470542217455
Phone_6594,Oppo,4000,16,512,12,6.1,Premium,5,7,10,8,968.4126466127626
Phone_6595,Apple,4500,16,128,12,6.7,Mid-Range,5,5,5,7,313.2858972697284
Phone_6596,OnePlus,4500,4,512,108,6.5,Mid-Range,8,5,6,7,362.0589925000715
Phone_6597,OnePlus,4000,16,1024,64,6.7,Premium,7,9,9,6,1166.857554454385
Phone_6598,OnePlus,4000,16,64,64,6.4,Mid-Range,7,6,5,8,689.6067788625801
Phone_6599,OnePlus,3000,12,256,48,6.1,Premium,7,7,9,6,882.8915328805401
Phone_6600,Xiaomi,6000,12,128,48,6.4,Mid-Range,5,7,8,5,548.7841172427699
Phone_6601,Oppo,3000,6,256,50,6.1,Mid-Range,7,6,6,5,498.8292910286104
Phone_6602,OnePlus,4000,16,256,12,6.1,Premium,4,8,10,9,1001.5726693855663
Phone_6603,Samsung,6000,16,512,50,6.7,Premium,7,7,9,9,777.331779794261
Phone_6604,OnePlus,4000,16,64,12,6.8,Mid-Range,6,5,5,7,388.73444034963114
Phone_6605,Oppo,3000,4,512,64,6.1,Mid-Range,6,6,8,8,573.900310766395
Phone_6606,OnePlus,3000,16,256,50,6.1,Premium,4,10,8,8,1064.006350960357
Phone_6607,Xiaomi,3000,4,1024,64,6.8,Mid-Range,8,5,8,7,522.4310949012515
Phone_6608,Apple,6000,6,64,48,6.4,Budget,7,5,6,4,253.96978770262587
Phone_6609,Apple,5000,8,64,64,6.1,Mid-Range,7,5,8,7,403.19019830851926
Phone_6610,Oppo,5000,16,256,108,6.7,Premium,6,10,9,6,1188.4959036834898
Phone_6611,Apple,4000,12,512,50,6.8,Premium,4,7,9,6,1196.5853239263824
Phone_6612,Apple,6000,12,1024,12,6.8,Premium,7,9,9,9,1192.2664816936579
Phone_6613,Samsung,4500,16,128,64,6.1,Mid-Range,8,5,6,6,371.56716513277445
Phone_6614,Oppo,5000,4,512,50,6.4,Mid-Range,8,6,6,6,326.48444079112403
Phone_6615,Oppo,6000,12,64,12,6.4,Mid-Range,5,6,6,6,401.7744945981065
Phone_6616,Apple,6000,12,512,50,6.5,Premium,7,7,8,10,756.1069596136072
Phone_6617,Apple,5000,6,128,50,6.5,Budget,7,5,6,2,194.30892447769384
Phone_6618,Apple,6000,6,1024,108,6.7,Mid-Range,5,5,5,5,368.48801369684594
Phone_6619,Xiaomi,6000,6,1024,64,6.1,Mid-Range,7,7,7,4,326.2811883367033
Phone_6620,OnePlus,5000,12,128,108,6.4,Mid-Range,5,6,5,7,497.2584371650238
Phone_6621,Xiaomi,3000,12,128,48,6.5,Mid-Range,8,5,8,6,321.0644251852083
Phone_6622,Oppo,4000,16,256,50,6.1,Premium,4,9,10,8,1138.4493202848103
Phone_6623,Samsung,4500,16,64,64,6.1,Mid-Range,8,7,5,8,620.1005090358283
Phone_6624,OnePlus,4000,4,256,48,6.4,Mid-Range,6,8,7,5,500.2653979268926
Phone_6625,Samsung,3000,12,512,48,6.1,Premium,4,7,7,9,1192.3932058906014
Phone_6626,Oppo,3000,16,128,108,6.8,Mid-Range,8,5,5,4,616.502936874984
Phone_6627,Oppo,6000,16,256,48,6.5,Premium,5,8,7,8,909.9195552290618
Phone_6628,Samsung,4000,6,64,12,6.7,Budget,10,4,6,3,239.2037288188801
Phone_6629,Samsung,3000,6,64,12,6.5,Budget,9,4,6,4,142.907876614175
Phone_6630,Samsung,4000,6,128,12,6.1,Budget,9,5,5,5,108.78559535315371
Phone_6631,Oppo,3000,8,256,48,6.8,Mid-Range,7,8,6,4,580.1681897350023
Phone_6632,Apple,4500,16,1024,50,6.5,Premium,6,10,8,6,1245.307406267229
Phone_6633,Samsung,3000,6,128,64,6.4,Budget,7,4,3,2,190.14757567282754
Phone_6634,OnePlus,4000,6,512,12,6.8,Mid-Range,8,7,8,6,452.1365747431414
Phone_6635,Oppo,6000,12,256,12,6.5,Premium,7,8,9,10,798.8275561199276
Phone_6636,Xiaomi,4000,6,256,12,6.1,Mid-Range,5,8,7,5,692.3399521095129
Phone_6637,Xiaomi,5000,12,128,108,6.4,Mid-Range,8,6,5,6,559.9341308166435
Phone_6638,OnePlus,4000,4,256,108,6.1,Mid-Range,7,5,5,6,680.1102493841033
Phone_6639,Apple,4500,6,256,12,6.1,Mid-Range,5,6,8,8,639.0693771012586
Phone_6640,Samsung,4500,12,512,12,6.4,Premium,7,8,9,8,1153.4317611413499
Phone_6641,Oppo,4500,6,512,108,6.8,Mid-Range,7,7,7,4,461.58234110700266
Phone_6642,Samsung,3000,4,1024,64,6.5,Mid-Range,7,8,7,7,549.5086409233875
Phone_6643,Oppo,4500,6,512,50,6.8,Mid-Range,8,7,7,5,360.5249861949678
Phone_6644,Xiaomi,4000,12,1024,64,6.4,Premium,6,10,8,7,1167.4955798478404
Phone_6645,Samsung,6000,4,512,50,6.5,Mid-Range,8,7,6,6,602.5553137312136
Phone_6646,OnePlus,4500,4,1024,48,6.4,Mid-Range,6,5,7,6,437.8628606843372
Phone_6647,Apple,4000,4,512,48,6.7,Mid-Range,8,8,8,7,670.3733119119355
Phone_6648,OnePlus,3000,8,512,64,6.7,Mid-Range,6,5,7,5,462.7107352820884
Phone_6649,Apple,3000,12,128,108,6.8,Mid-Range,8,7,8,5,387.90397576433975
Phone_6650,Samsung,6000,8,512,12,6.4,Mid-Range,7,5,5,4,384.04748380108697
Phone_6651,Samsung,6000,4,1024,48,6.5,Mid-Range,5,8,6,5,574.8859156281173
Phone_6652,Apple,4000,8,128,108,6.8,Mid-Range,7,5,7,8,447.26073095664077
Phone_6653,Xiaomi,6000,6,1024,108,6.7,Mid-Range,7,6,6,5,394.9007776894149
Phone_6654,Oppo,6000,8,512,50,6.7,Mid-Range,7,8,6,8,577.5465644135525
Phone_6655,OnePlus,3000,16,512,48,6.7,Premium,6,9,8,9,1258.9025148939068
Phone_6656,OnePlus,4000,4,1024,64,6.8,Mid-Range,7,8,8,5,638.397054090718
Phone_6657,OnePlus,6000,4,256,108,6.5,Mid-Range,8,7,8,8,519.5912723791122
Phone_6658,Samsung,4000,12,128,64,6.7,Mid-Range,7,6,7,6,688.8706036369133
Phone_6659,OnePlus,4500,6,128,64,6.8,Budget,10,3,6,5,123.287736851971
Phone_6660,Oppo,3000,12,512,48,6.8,Premium,7,10,10,8,1210.5878886563596
Phone_6661,Oppo,3000,8,128,64,6.1,Mid-Range,5,5,5,4,557.8212283752962
Phone_6662,Apple,3000,16,1024,64,6.1,Premium,6,10,10,9,842.516860070896
Phone_6663,Samsung,5000,16,512,12,6.5,Premium,7,7,7,6,867.4811132965663
Phone_6664,Oppo,4000,16,128,64,6.7,Mid-Range,6,5,5,8,567.7532584405265
Phone_6665,Xiaomi,4500,16,64,12,6.1,Mid-Range,5,5,7,6,372.4084426476654
Phone_6666,Samsung,6000,6,128,48,6.5,Budget,9,6,6,3,116.4372026918125
Phone_6667,Samsung,4500,8,1024,64,6.1,Mid-Range,8,6,7,8,530.4027065945728
Phone_6668,Oppo,4000,16,128,108,6.7,Mid-Range,5,6,6,8,350.6559609347938
Phone_6669,Xiaomi,3000,4,256,64,6.8,Mid-Range,6,5,7,6,321.087339634684
Phone_6670,Apple,5000,8,256,12,6.7,Mid-Range,6,7,7,7,651.8413916954846
Phone_6671,Oppo,4000,6,512,108,6.1,Mid-Range,8,6,6,6,640.2496019390633
Phone_6672,Xiaomi,4000,16,256,48,6.7,Premium,4,10,9,7,1067.1136671780657
Phone_6673,Samsung,6000,6,1024,50,6.8,Mid-Range,5,8,5,6,334.99999331530364
Phone_6674,Xiaomi,4500,16,64,50,6.4,Mid-Range,5,6,6,4,455.9929671791324
Phone_6675,Samsung,4500,4,64,12,6.8,Budget,9,6,5,4,192.80852789178937
Phone_6676,Oppo,6000,8,512,48,6.1,Mid-Range,8,5,6,5,564.5976311584025
Phone_6677,Oppo,5000,4,512,48,6.8,Mid-Range,5,7,6,6,646.0660959182374
Phone_6678,OnePlus,3000,16,256,64,6.5,Premium,7,8,9,8,1449.922676938262
Phone_6679,OnePlus,3000,12,1024,50,6.7,Premium,6,8,9,10,925.1824547838373
Phone_6680,OnePlus,5000,8,256,64,6.4,Mid-Range,8,8,6,6,436.45328091672945
Phone_6681,Oppo,6000,6,1024,48,6.4,Mid-Range,6,7,5,8,559.1021189158816
Phone_6682,Apple,4000,16,1024,12,6.7,Premium,5,8,7,8,1424.9970957199776
Phone_6683,Oppo,4500,4,64,12,6.7,Budget,8,5,5,3,212.8041058975541
Phone_6684,Xiaomi,4000,12,1024,108,6.5,Premium,4,10,9,10,885.0111227471134
Phone_6685,Oppo,4500,16,128,12,6.8,Mid-Range,6,6,7,4,495.5732049270274
Phone_6686,Oppo,4000,6,1024,50,6.4,Mid-Range,7,5,6,4,317.2910344706589
Phone_6687,Samsung,6000,4,64,108,6.1,Budget,8,5,6,2,121.43355314236943
Phone_6688,Samsung,6000,8,256,50,6.7,Mid-Range,8,5,5,7,352.75837031858686
Phone_6689,Samsung,5000,12,1024,64,6.7,Premium,7,9,10,9,1347.5245635584627
Phone_6690,Oppo,4000,16,128,64,6.4,Mid-Range,7,8,8,6,346.65047366682165
Phone_6691,Apple,4000,16,512,12,6.7,Premium,7,7,7,9,1383.4738759594484
Phone_6692,Xiaomi,5000,16,256,108,6.4,Premium,7,8,10,10,924.9020590780376
Phone_6693,Xiaomi,5000,16,512,50,6.1,Premium,7,8,9,7,745.3250433054391
Phone_6694,Apple,6000,4,128,50,6.1,Budget,8,3,6,2,105.22250843980716
Phone_6695,Apple,6000,8,64,48,6.4,Mid-Range,6,6,8,6,641.5358603549424
Phone_6696,Xiaomi,4000,6,64,12,6.7,Budget,7,5,4,4,238.52919432006223
Phone_6697,OnePlus,6000,12,256,64,6.5,Premium,4,8,8,8,980.111714991966
Phone_6698,Samsung,6000,16,1024,48,6.5,Premium,7,10,7,7,793.7645412711092
Phone_6699,Samsung,4000,16,1024,64,6.8,Premium,5,9,8,10,1315.1924908437468
Phone_6700,Xiaomi,5000,8,512,64,6.5,Mid-Range,8,8,8,8,577.0032321153578
Phone_6701,Apple,4000,8,64,50,6.7,Mid-Range,8,7,8,5,347.9318197273341
Phone_6702,OnePlus,3000,4,1024,64,6.5,Mid-Range,5,7,5,6,674.7295608011632
Phone_6703,Xiaomi,4000,4,1024,108,6.8,Mid-Range,7,6,8,7,390.7383151234943
Phone_6704,Samsung,3000,4,64,64,6.1,Budget,9,5,6,2,143.23119388221662
Phone_6705,Oppo,4000,12,64,108,6.4,Mid-Range,7,7,5,8,691.6212656858306
Phone_6706,Apple,3000,4,128,64,6.5,Budget,10,6,3,2,288.1555955081656
Phone_6707,Oppo,3000,16,512,48,6.4,Premium,5,8,10,10,1093.225611037738
Phone_6708,Xiaomi,4000,4,64,50,6.4,Budget,10,4,5,3,267.8609687549771
Phone_6709,Samsung,6000,12,128,48,6.1,Mid-Range,6,6,7,5,627.536413823567
Phone_6710,OnePlus,4500,4,64,50,6.8,Budget,10,5,3,2,234.9202587522268
Phone_6711,Oppo,6000,4,256,48,6.7,Mid-Range,5,5,6,8,640.6937973289996
Phone_6712,OnePlus,3000,16,256,12,6.7,Premium,6,8,8,8,768.3653580115397
Phone_6713,Samsung,4000,16,256,64,6.7,Premium,6,10,9,10,1402.7291848863404
Phone_6714,Oppo,4000,16,64,64,6.8,Mid-Range,5,7,8,7,388.0027258935266
Phone_6715,OnePlus,4000,4,1024,12,6.8,Mid-Range,5,5,7,5,309.27597260493116
Phone_6716,OnePlus,4000,16,1024,12,6.8,Premium,7,7,9,8,710.5857348952626
Phone_6717,Oppo,4500,8,256,108,6.5,Mid-Range,7,8,6,6,513.6290751678639
Phone_6718,Samsung,5000,6,512,48,6.4,Mid-Range,7,6,7,8,592.0656010553367
Phone_6719,OnePlus,3000,6,128,64,6.8,Budget,10,4,4,5,182.64816168599378
Phone_6720,Xiaomi,4500,16,256,108,6.8,Premium,6,10,7,8,716.3084815436042
Phone_6721,Oppo,6000,12,128,64,6.5,Mid-Range,7,8,6,6,382.6879397218119
Phone_6722,Apple,5000,16,128,12,6.4,Mid-Range,8,6,5,7,394.630439835566
Phone_6723,Apple,5000,16,256,108,6.7,Premium,4,9,10,10,1185.1126774901043
Phone_6724,Samsung,4000,4,1024,108,6.1,Mid-Range,8,8,7,5,642.3057189482031
Phone_6725,Xiaomi,4500,12,512,108,6.8,Premium,5,10,9,8,1465.2145287761216
Phone_6726,OnePlus,6000,16,256,48,6.8,Premium,5,9,10,6,1412.3465511374818
Phone_6727,Apple,4000,8,128,108,6.1,Mid-Range,5,8,5,5,320.8475495871113
Phone_6728,Samsung,4000,6,64,64,6.8,Budget,8,4,6,4,171.870961892148
Phone_6729,Xiaomi,3000,8,64,48,6.8,Mid-Range,8,6,6,8,435.4722496733869
Phone_6730,Xiaomi,5000,8,128,64,6.8,Mid-Range,6,7,8,6,647.5069725306646
Phone_6731,Samsung,6000,8,256,108,6.1,Mid-Range,8,5,5,4,667.7666533877896
Phone_6732,Samsung,5000,12,1024,108,6.5,Premium,7,7,10,9,1491.3847597434997
Phone_6733,OnePlus,4500,12,256,64,6.5,Premium,6,10,7,9,1122.6376537863346
Phone_6734,Samsung,3000,12,512,50,6.1,Premium,7,10,9,9,870.9865822082162
Phone_6735,OnePlus,4000,6,64,108,6.5,Budget,9,3,5,3,261.9798534981649
Phone_6736,OnePlus,3000,4,128,108,6.7,Budget,8,6,6,3,136.4984147012567
Phone_6737,Oppo,4000,16,1024,48,6.7,Premium,4,9,8,6,1038.1631441569496
Phone_6738,Xiaomi,3000,16,256,64,6.1,Premium,4,8,10,10,1364.9250389488902
Phone_6739,Xiaomi,4000,4,512,108,6.4,Mid-Range,5,7,7,5,305.0621691906571
Phone_6740,Xiaomi,5000,16,256,64,6.8,Premium,5,9,7,7,1006.191659700859
Phone_6741,Oppo,5000,8,512,48,6.4,Mid-Range,7,5,8,7,445.4195316134345
Phone_6742,OnePlus,5000,6,256,64,6.8,Mid-Range,8,5,5,5,568.9699874856624
Phone_6743,OnePlus,5000,16,1024,64,6.5,Premium,5,9,9,8,1028.459655301149
Phone_6744,Samsung,3000,6,1024,48,6.5,Mid-Range,7,7,6,4,429.1157487224374
Phone_6745,Oppo,4000,4,128,108,6.7,Budget,10,3,4,5,195.9692618418335
Phone_6746,Samsung,5000,16,1024,64,6.4,Premium,7,7,10,6,1108.9870965939135
Phone_6747,Oppo,3000,6,512,50,6.1,Mid-Range,5,7,6,7,660.7185806422557
Phone_6748,Samsung,4000,8,128,108,6.8,Mid-Range,8,8,5,7,621.8530514038603
Phone_6749,Apple,3000,8,1024,48,6.5,Mid-Range,6,8,7,6,443.6869928576083
Phone_6750,Xiaomi,5000,4,64,12,6.8,Budget,9,3,6,2,290.28478247118574
Phone_6751,Xiaomi,4500,12,512,50,6.1,Premium,4,7,9,7,1415.6490537391883
Phone_6752,OnePlus,3000,16,128,108,6.8,Mid-Range,8,5,5,4,508.9349628198338
Phone_6753,Apple,5000,8,512,48,6.7,Mid-Range,6,5,8,5,418.41692360680975
Phone_6754,Xiaomi,6000,8,128,50,6.1,Mid-Range,5,8,8,8,677.2288208394044
Phone_6755,OnePlus,4000,4,512,108,6.1,Mid-Range,7,5,6,7,684.901024970473
Phone_6756,Apple,5000,8,64,12,6.8,Mid-Range,6,7,7,5,389.8364801836619
Phone_6757,Xiaomi,6000,16,1024,108,6.8,Premium,7,8,10,7,1168.7888513177368
Phone_6758,Samsung,3000,4,256,12,6.5,Mid-Range,5,6,5,7,316.70186344528724
Phone_6759,Oppo,3000,6,256,12,6.8,Mid-Range,7,8,8,5,300.95465759792773
Phone_6760,Apple,6000,4,256,64,6.1,Mid-Range,8,7,8,8,440.62930930544053
Phone_6761,OnePlus,6000,16,128,48,6.8,Mid-Range,5,6,6,5,485.01537850398205
Phone_6762,Apple,4000,16,1024,64,6.5,Premium,5,7,9,7,1076.6966871108743
Phone_6763,OnePlus,3000,6,128,12,6.4,Budget,8,3,3,3,100.44468668915825
Phone_6764,Apple,6000,4,128,48,6.7,Budget,9,3,4,4,282.7356181336119
Phone_6765,OnePlus,4500,16,128,48,6.1,Mid-Range,6,7,8,4,437.9166119185635
Phone_6766,Xiaomi,4500,16,128,48,6.5,Mid-Range,8,7,5,8,628.7303172633465
Phone_6767,Samsung,6000,6,1024,50,6.7,Mid-Range,8,7,5,6,434.28398221992177
Phone_6768,Xiaomi,4000,12,256,108,6.8,Premium,4,7,7,9,1295.9775766628932
Phone_6769,Samsung,3000,4,512,12,6.8,Mid-Range,5,5,6,7,572.3506678369727
Phone_6770,Xiaomi,4500,16,128,48,6.4,Mid-Range,6,8,6,6,592.9747581968352
Phone_6771,Xiaomi,6000,8,1024,50,6.8,Mid-Range,8,5,6,6,495.1948221201502
Phone_6772,Apple,6000,6,64,50,6.7,Budget,9,4,6,3,194.6506452735569
Phone_6773,Oppo,5000,12,512,12,6.5,Premium,7,8,8,10,737.4152766316497
Phone_6774,OnePlus,6000,12,128,64,6.4,Mid-Range,5,7,8,5,404.12354176241814
Phone_6775,OnePlus,4000,6,128,50,6.7,Budget,10,3,6,3,127.82907659205951
Phone_6776,OnePlus,4500,12,512,12,6.5,Premium,4,10,10,9,1020.4027908189634
Phone_6777,Samsung,5000,16,512,50,6.7,Premium,4,7,10,8,1168.602804731915
Phone_6778,OnePlus,4500,12,128,12,6.8,Mid-Range,6,5,5,8,658.5543573923835
Phone_6779,OnePlus,4500,4,1024,48,6.7,Mid-Range,6,5,7,4,313.49926742278114
Phone_6780,Apple,4000,8,64,64,6.4,Mid-Range,5,7,6,5,649.8042597160713
Phone_6781,Xiaomi,6000,16,1024,50,6.7,Premium,4,8,9,6,1213.6989861830557
Phone_6782,OnePlus,4000,6,256,50,6.1,Mid-Range,7,5,7,8,510.03791464394055
Phone_6783,Oppo,6000,8,256,50,6.8,Mid-Range,5,6,8,5,363.79434043441415
Phone_6784,OnePlus,5000,16,256,108,6.7,Premium,4,7,8,9,1027.1685899024399
Phone_6785,Samsung,4000,8,128,108,6.5,Mid-Range,8,5,8,5,377.5773459462285
Phone_6786,Samsung,4000,12,64,48,6.8,Mid-Range,7,8,7,8,685.9828308228766
Phone_6787,Samsung,3000,6,64,50,6.5,Budget,7,5,5,3,203.59178886667388
Phone_6788,OnePlus,4000,6,128,64,6.4,Budget,8,4,6,2,166.85072612776605
Phone_6789,Apple,3000,4,128,108,6.1,Budget,8,6,6,4,148.78148057046855
Phone_6790,Oppo,6000,12,128,12,6.7,Mid-Range,6,7,7,8,512.9788855830384
Phone_6791,OnePlus,6000,4,64,12,6.8,Budget,10,6,6,2,296.17688546476603
Phone_6792,Apple,6000,4,128,12,6.7,Budget,8,6,6,3,171.49529735414654
Phone_6793,Apple,3000,12,512,48,6.7,Premium,5,10,7,8,1151.1984125315494
Phone_6794,OnePlus,6000,16,512,50,6.8,Premium,7,7,8,6,1199.5302684189237
Phone_6795,OnePlus,4500,4,512,50,6.1,Mid-Range,7,5,8,4,670.9779309062794
Phone_6796,Apple,4000,8,128,108,6.1,Mid-Range,7,8,8,4,339.1324045403616
Phone_6797,Apple,3000,16,512,12,6.4,Premium,7,7,7,8,970.0661763588707
Phone_6798,Apple,6000,12,128,48,6.8,Mid-Range,6,7,7,6,325.2961782439384
Phone_6799,OnePlus,4500,6,512,64,6.8,Mid-Range,5,6,8,6,628.8657454974391
Phone_6800,Apple,4000,16,128,50,6.5,Mid-Range,6,6,6,7,369.56014606587667
Phone_6801,Samsung,4000,4,1024,50,6.5,Mid-Range,6,5,5,6,464.0210943323104
Phone_6802,OnePlus,6000,8,256,48,6.5,Mid-Range,7,5,7,7,407.80080234435013
Phone_6803,Samsung,4500,12,1024,108,6.1,Premium,4,10,8,7,1311.3200526019436
Phone_6804,Xiaomi,3000,6,256,48,6.4,Mid-Range,5,7,7,8,543.3520798202095
Phone_6805,OnePlus,6000,8,256,108,6.4,Mid-Range,8,5,6,8,619.8017194169695
Phone_6806,Xiaomi,4000,6,512,50,6.7,Mid-Range,7,6,7,6,540.856447907945
Phone_6807,Apple,4000,12,256,108,6.4,Premium,4,8,7,7,725.2093190272849
Phone_6808,Apple,4000,16,256,108,6.5,Premium,4,7,10,6,1006.112105887521
Phone_6809,Oppo,6000,4,1024,108,6.8,Mid-Range,8,6,8,8,395.60012431150403
Phone_6810,Apple,5000,12,256,108,6.7,Premium,6,7,9,7,716.909040945344
Phone_6811,Xiaomi,5000,8,128,12,6.1,Mid-Range,7,8,7,7,417.9440448920202
Phone_6812,Apple,5000,16,128,12,6.4,Mid-Range,7,7,6,5,576.4904999965461
Phone_6813,OnePlus,4500,6,512,12,6.8,Mid-Range,6,8,6,5,469.025686982125
Phone_6814,Apple,6000,16,1024,12,6.5,Premium,7,10,10,9,1469.3927383004816
Phone_6815,Oppo,4000,16,64,48,6.1,Mid-Range,6,5,7,4,608.376597051544
Phone_6816,Apple,4500,8,1024,64,6.1,Mid-Range,6,6,8,4,406.62203905981096
Phone_6817,Xiaomi,5000,4,64,108,6.4,Budget,8,5,6,4,111.59134727050142
Phone_6818,Xiaomi,3000,16,256,48,6.8,Premium,4,8,9,6,1482.384252327542
Phone_6819,Apple,4500,16,64,12,6.5,Mid-Range,8,7,5,4,321.5228687606428
Phone_6820,Xiaomi,4500,4,256,108,6.5,Mid-Range,7,6,5,6,360.8746620858175
Phone_6821,Xiaomi,6000,4,1024,64,6.5,Mid-Range,8,7,7,8,325.40424793893527
Phone_6822,Oppo,4500,6,1024,108,6.5,Mid-Range,8,6,7,7,600.9026972917037
Phone_6823,OnePlus,6000,6,512,50,6.4,Mid-Range,8,7,5,5,419.9633957982013
Phone_6824,Oppo,3000,4,512,50,6.4,Mid-Range,5,6,8,7,469.03738808455853
Phone_6825,Samsung,4000,12,256,48,6.8,Premium,4,8,9,6,1064.8009904015198
Phone_6826,Oppo,4000,4,256,64,6.7,Mid-Range,6,7,7,5,686.5878143447735
Phone_6827,Apple,5000,6,128,48,6.4,Budget,10,3,5,5,269.8762968118779
Phone_6828,OnePlus,5000,8,128,108,6.5,Mid-Range,6,5,7,5,323.1198381186247
Phone_6829,Apple,3000,8,128,64,6.8,Mid-Range,8,7,5,4,422.2935697834605
Phone_6830,Samsung,4000,16,1024,48,6.5,Premium,6,7,7,9,1253.5889823417033
Phone_6831,OnePlus,5000,8,64,108,6.4,Mid-Range,6,7,7,4,324.6673265364066
Phone_6832,Xiaomi,4500,6,256,12,6.8,Mid-Range,7,7,6,8,350.98241457839447
Phone_6833,Oppo,6000,8,512,108,6.5,Mid-Range,6,7,5,4,428.43272388901306
Phone_6834,Apple,5000,12,256,48,6.7,Premium,5,7,9,8,1404.0230378505087
Phone_6835,Samsung,3000,4,64,64,6.1,Budget,9,6,3,2,160.33124659792045
Phone_6836,Xiaomi,4000,4,256,64,6.1,Mid-Range,7,8,6,6,628.8040012326338
Phone_6837,Oppo,3000,6,512,12,6.5,Mid-Range,6,7,6,7,619.073786320291
Phone_6838,Xiaomi,6000,16,512,48,6.1,Premium,5,7,8,10,1474.5071055826688
Phone_6839,Oppo,6000,4,64,12,6.7,Budget,9,4,6,5,206.3091184991349
Phone_6840,OnePlus,3000,8,512,50,6.7,Mid-Range,6,8,7,6,449.06547128549664
Phone_6841,Xiaomi,5000,12,1024,108,6.5,Premium,5,10,8,6,1381.297950734488
Phone_6842,Xiaomi,5000,16,512,50,6.7,Premium,4,8,8,8,1466.9311320339148
Phone_6843,Xiaomi,4000,16,64,50,6.1,Mid-Range,7,5,8,8,453.72867422684567
Phone_6844,OnePlus,4000,16,64,12,6.5,Mid-Range,8,7,7,6,519.7039063173739
Phone_6845,Samsung,4500,4,256,12,6.1,Mid-Range,8,8,8,4,346.09038943861094
Phone_6846,Oppo,4500,16,512,108,6.7,Premium,6,10,8,7,930.038683669653
Phone_6847,Xiaomi,4000,6,512,12,6.7,Mid-Range,8,6,6,4,596.7997836099141
Phone_6848,OnePlus,4500,8,64,12,6.8,Mid-Range,6,5,8,7,655.3486264073533
Phone_6849,Samsung,3000,12,256,12,6.4,Premium,5,10,9,8,1459.9030185264755
Phone_6850,Oppo,5000,8,256,12,6.4,Mid-Range,8,7,5,7,464.28434855642405
Phone_6851,OnePlus,4500,6,1024,12,6.5,Mid-Range,7,8,7,4,494.47381031492256
Phone_6852,Oppo,4500,6,1024,50,6.1,Mid-Range,6,5,6,4,661.9248030681651
Phone_6853,Xiaomi,3000,8,64,50,6.4,Mid-Range,6,5,8,6,402.9633630274417
Phone_6854,Samsung,6000,4,256,108,6.5,Mid-Range,7,8,6,8,366.265200310703
Phone_6855,OnePlus,4000,6,256,64,6.7,Mid-Range,6,5,6,4,356.5963145186338
Phone_6856,Samsung,3000,16,1024,108,6.4,Premium,6,10,7,10,887.1625437083619
Phone_6857,Xiaomi,6000,12,1024,48,6.1,Premium,7,10,8,10,1361.9555964468668
Phone_6858,Samsung,3000,12,64,108,6.8,Mid-Range,5,6,7,6,547.9228904771003
Phone_6859,Samsung,5000,6,256,108,6.8,Mid-Range,7,7,6,5,468.29107859571457
Phone_6860,Apple,3000,16,64,12,6.4,Mid-Range,5,5,5,8,646.6951620135897
Phone_6861,Samsung,3000,8,1024,12,6.8,Mid-Range,7,7,7,4,419.21149204808853
Phone_6862,Oppo,5000,12,512,12,6.5,Premium,4,7,9,8,1110.6162164359666
Phone_6863,OnePlus,4000,16,1024,64,6.1,Premium,7,10,8,7,1369.1353326350552
Phone_6864,Apple,6000,16,256,12,6.7,Premium,6,8,10,9,1182.7094279785647
Phone_6865,OnePlus,4500,4,64,48,6.1,Budget,9,4,5,3,205.57783871038706
Phone_6866,OnePlus,4000,6,256,50,6.7,Mid-Range,7,8,5,5,636.9867782521787
Phone_6867,Xiaomi,3000,16,1024,48,6.8,Premium,6,10,10,9,732.3250738491935
Phone_6868,Xiaomi,4500,8,1024,64,6.5,Mid-Range,5,7,5,7,694.8574892821916
Phone_6869,Apple,5000,12,128,12,6.7,Mid-Range,7,8,7,8,638.6341914901711
Phone_6870,Xiaomi,4000,4,1024,108,6.8,Mid-Range,5,5,6,5,601.2204413123197
Phone_6871,Xiaomi,6000,8,256,50,6.7,Mid-Range,8,8,5,5,354.2030510050297
Phone_6872,Xiaomi,4000,12,64,64,6.4,Mid-Range,6,5,7,7,343.1465729451685
Phone_6873,OnePlus,4000,6,64,48,6.1,Budget,10,5,3,3,199.46113961085643
Phone_6874,Apple,4500,8,128,12,6.5,Mid-Range,8,6,5,4,564.5701188236593
Phone_6875,OnePlus,5000,12,256,64,6.8,Premium,7,7,7,8,1140.256379764261
Phone_6876,Oppo,5000,4,1024,64,6.5,Mid-Range,5,8,8,5,641.5861050313872
Phone_6877,OnePlus,4000,12,512,108,6.1,Premium,4,9,7,9,1362.1919474706506
Phone_6878,Oppo,5000,16,64,108,6.7,Mid-Range,6,5,7,5,466.63669044756705
Phone_6879,Samsung,4500,4,256,108,6.7,Mid-Range,6,8,8,7,543.0922817076545
Phone_6880,Samsung,4500,8,128,48,6.5,Mid-Range,5,5,6,6,504.29430243239835
Phone_6881,Oppo,6000,6,512,108,6.7,Mid-Range,8,6,6,6,314.2650403676508
Phone_6882,Oppo,5000,4,256,64,6.7,Mid-Range,8,7,7,7,336.1654210501814
Phone_6883,OnePlus,6000,4,1024,64,6.7,Mid-Range,5,6,6,4,611.9105627264646
Phone_6884,Oppo,3000,4,64,64,6.4,Budget,9,3,4,5,257.11081885791776
Phone_6885,Apple,4500,12,1024,50,6.8,Premium,7,7,8,10,850.1121039713397
Phone_6886,Samsung,4000,16,128,50,6.8,Mid-Range,5,6,8,8,545.1467982111434
Phone_6887,Samsung,4500,6,64,48,6.1,Budget,7,6,3,2,234.44425979727728
Phone_6888,Oppo,3000,6,512,108,6.7,Mid-Range,8,6,7,7,311.76504801547145
Phone_6889,Xiaomi,4000,16,64,64,6.5,Mid-Range,8,7,6,6,614.7638746649573
Phone_6890,Xiaomi,5000,12,1024,108,6.7,Premium,7,7,7,9,1211.4038539508801
Phone_6891,Oppo,5000,12,256,64,6.1,Premium,6,7,10,9,1001.5102587230452
Phone_6892,Apple,4500,16,256,50,6.7,Premium,6,9,7,10,957.357045580133
Phone_6893,Xiaomi,4000,16,256,64,6.4,Premium,5,10,9,8,844.0343181300352
Phone_6894,Oppo,4000,8,128,48,6.1,Mid-Range,7,6,5,5,313.3388709122616
Phone_6895,Apple,6000,12,128,12,6.8,Mid-Range,8,5,5,7,362.0094402209362
Phone_6896,Apple,3000,4,256,64,6.8,Mid-Range,7,6,8,5,392.58641877215496
Phone_6897,OnePlus,5000,6,512,48,6.4,Mid-Range,5,8,5,6,398.85737306130704
Phone_6898,Apple,4500,12,1024,50,6.8,Premium,6,10,10,6,1186.2747818298953
Phone_6899,Xiaomi,4000,16,512,50,6.4,Premium,7,9,10,9,1052.159027619634
Phone_6900,Xiaomi,5000,4,256,12,6.8,Mid-Range,5,6,7,8,569.582880183297
Phone_6901,Oppo,4500,8,1024,108,6.8,Mid-Range,8,8,7,7,629.3390011671527
Phone_6902,Oppo,5000,8,128,108,6.7,Mid-Range,5,6,7,7,453.91587033862936
Phone_6903,Apple,4500,4,64,64,6.1,Budget,10,4,4,5,143.49180239896867
Phone_6904,Samsung,5000,4,64,50,6.8,Budget,10,3,4,3,200.6716977152678
Phone_6905,OnePlus,6000,16,1024,48,6.1,Premium,5,7,8,6,1493.9890128248765
Phone_6906,Samsung,3000,16,512,12,6.1,Premium,6,9,7,7,1442.170381213315
Phone_6907,Apple,5000,6,1024,108,6.8,Mid-Range,5,8,6,7,672.7140163041122
Phone_6908,Apple,3000,6,512,64,6.1,Mid-Range,8,8,7,4,546.2211327229626
Phone_6909,Samsung,5000,8,512,64,6.4,Mid-Range,7,8,8,6,445.5346582296886
Phone_6910,OnePlus,4000,4,64,50,6.5,Budget,10,3,6,2,243.90138026750125
Phone_6911,Samsung,6000,8,128,48,6.4,Mid-Range,6,8,7,8,456.61986476190907
Phone_6912,Oppo,6000,16,256,48,6.8,Premium,6,8,9,10,1286.4237345739348
Phone_6913,Xiaomi,3000,12,128,108,6.4,Mid-Range,8,7,8,7,430.79632050351665
Phone_6914,Oppo,4000,16,256,64,6.5,Premium,5,8,10,6,1464.2991825267309
Phone_6915,Xiaomi,4500,12,64,50,6.4,Mid-Range,6,7,6,7,603.6002811482338
Phone_6916,Apple,6000,4,256,48,6.1,Mid-Range,6,5,6,8,395.11145287828924
Phone_6917,OnePlus,4000,4,512,64,6.8,Mid-Range,7,6,7,5,586.6040174131174
Phone_6918,Samsung,4000,4,1024,48,6.1,Mid-Range,6,5,6,7,604.5835944697205
Phone_6919,OnePlus,3000,6,256,12,6.1,Mid-Range,5,6,6,5,645.4698767272345
Phone_6920,Samsung,4000,6,128,48,6.8,Budget,8,6,4,2,190.25132340851889
Phone_6921,Oppo,4000,12,64,48,6.8,Mid-Range,6,5,5,5,345.5045526304923
Phone_6922,Oppo,4500,8,64,64,6.7,Mid-Range,6,5,7,6,681.9350209790159
Phone_6923,Samsung,3000,8,1024,48,6.5,Mid-Range,8,5,8,5,350.31255698314203
Phone_6924,OnePlus,3000,12,512,48,6.1,Premium,5,10,7,7,902.1766869719172
Phone_6925,Samsung,4000,6,512,12,6.1,Mid-Range,5,6,6,7,366.77980901680894
Phone_6926,Apple,4500,16,64,48,6.8,Mid-Range,8,5,7,7,624.7551753201617
Phone_6927,Oppo,5000,12,512,48,6.8,Premium,6,9,9,6,896.9300863942012
Phone_6928,Apple,6000,8,1024,64,6.4,Mid-Range,8,7,6,4,334.2467295857419
Phone_6929,Oppo,3000,12,64,50,6.1,Mid-Range,6,8,7,7,501.8812967544904
Phone_6930,Oppo,4500,12,512,12,6.1,Premium,6,9,8,9,1190.2022202180458
Phone_6931,Xiaomi,4500,4,256,48,6.8,Mid-Range,7,8,7,7,564.6224567086472
Phone_6932,Apple,4000,6,256,50,6.1,Mid-Range,8,7,8,6,573.9190302050501
Phone_6933,Apple,6000,4,512,64,6.5,Mid-Range,7,7,5,6,534.4194365341452
Phone_6934,Xiaomi,3000,6,256,12,6.7,Mid-Range,8,5,7,7,633.8537687454285
Phone_6935,OnePlus,5000,12,1024,64,6.8,Premium,7,10,7,7,1292.104468859493
Phone_6936,Apple,4000,6,128,50,6.8,Budget,7,5,4,3,182.24408899776904
Phone_6937,Samsung,3000,8,1024,12,6.1,Mid-Range,8,8,7,5,331.36296969893306
Phone_6938,Xiaomi,3000,4,1024,48,6.7,Mid-Range,8,5,7,7,599.1050669152476
Phone_6939,Apple,4500,12,512,50,6.7,Premium,7,7,7,9,1327.4692987048193
Phone_6940,OnePlus,6000,8,1024,64,6.8,Mid-Range,7,8,6,8,640.129146490985
Phone_6941,Apple,5000,6,512,12,6.8,Mid-Range,6,5,7,7,380.93829296708805
Phone_6942,Oppo,6000,6,64,50,6.8,Budget,9,4,3,5,139.39384364853274
Phone_6943,Samsung,4500,8,512,50,6.5,Mid-Range,7,5,5,6,530.6684951423224
Phone_6944,Xiaomi,5000,6,512,64,6.1,Mid-Range,8,5,8,8,362.24772759350884
Phone_6945,Oppo,5000,4,64,64,6.5,Budget,10,6,5,2,190.03638704345676
Phone_6946,OnePlus,4000,16,128,48,6.8,Mid-Range,7,6,8,4,624.9722744894959
Phone_6947,Oppo,5000,6,64,48,6.7,Budget,9,4,6,2,138.9524805976458
Phone_6948,Oppo,3000,12,512,50,6.1,Premium,6,7,10,7,1064.4066627276852
Phone_6949,OnePlus,6000,6,256,64,6.1,Mid-Range,8,5,8,4,560.3305299934224
Phone_6950,Oppo,6000,12,512,50,6.8,Premium,4,7,8,7,700.0234799743381
Phone_6951,Xiaomi,4000,6,64,108,6.8,Budget,7,4,4,4,280.91391484389715
Phone_6952,Apple,5000,6,512,64,6.8,Mid-Range,6,6,6,4,306.6118506654941
Phone_6953,Oppo,4500,12,64,108,6.8,Mid-Range,5,6,7,5,531.2128152955675
Phone_6954,Xiaomi,3000,4,1024,108,6.8,Mid-Range,7,8,7,6,524.7616525832229
Phone_6955,Apple,4000,16,128,64,6.8,Mid-Range,7,8,6,6,338.5743736149426
Phone_6956,Apple,5000,16,128,48,6.1,Mid-Range,6,8,5,5,320.17225553204435
Phone_6957,Oppo,4500,4,64,50,6.5,Budget,7,6,6,2,234.71782587445222
Phone_6958,Xiaomi,5000,6,128,12,6.7,Budget,8,3,6,5,216.0697506036746
Phone_6959,Oppo,4000,16,256,12,6.8,Premium,5,8,9,6,1280.6008009407717
Phone_6960,OnePlus,4500,4,256,64,6.7,Mid-Range,6,6,5,7,330.06160261733913
Phone_6961,Apple,4500,4,128,48,6.1,Budget,7,3,6,2,149.91292159330055
Phone_6962,Oppo,4500,16,64,48,6.7,Mid-Range,6,5,6,8,376.57878354990964
Phone_6963,Apple,4500,12,256,48,6.1,Premium,6,7,7,7,960.8516800817395
Phone_6964,Xiaomi,5000,8,128,12,6.4,Mid-Range,6,7,7,4,433.90855301145757
Phone_6965,Samsung,4500,12,512,108,6.5,Premium,5,7,8,9,1326.71041302582
Phone_6966,Oppo,5000,6,256,12,6.4,Mid-Range,6,6,8,7,540.5408058761828
Phone_6967,Oppo,4500,12,1024,48,6.1,Premium,5,9,8,9,1202.714183208018
Phone_6968,Apple,4500,8,256,12,6.4,Mid-Range,7,7,5,7,671.1188490261751
Phone_6969,Xiaomi,4000,8,128,12,6.1,Mid-Range,5,8,7,7,321.83538504077774
Phone_6970,OnePlus,5000,4,128,50,6.4,Budget,9,6,4,5,158.1282299719581
Phone_6971,Xiaomi,5000,6,128,64,6.1,Budget,10,4,5,4,245.27187971477943
Phone_6972,Oppo,6000,4,64,108,6.5,Budget,9,3,3,5,184.81334097579912
Phone_6973,OnePlus,4000,12,64,50,6.5,Mid-Range,8,8,6,5,696.4929865656436
Phone_6974,Xiaomi,5000,12,512,64,6.5,Premium,4,8,10,7,1372.193144484401
Phone_6975,Samsung,4000,16,512,48,6.1,Premium,7,9,9,10,1206.7881056880813
Phone_6976,Apple,4000,4,256,50,6.7,Mid-Range,8,7,8,6,500.54021453054327
Phone_6977,Xiaomi,4000,4,128,64,6.4,Budget,8,6,3,4,189.75796648511664
Phone_6978,Xiaomi,3000,4,512,50,6.4,Mid-Range,5,7,7,6,562.6985071933278
Phone_6979,Samsung,5000,4,128,12,6.4,Budget,7,5,4,5,181.57527108977098
Phone_6980,Oppo,4000,8,256,12,6.4,Mid-Range,7,7,6,4,379.0054437527408
Phone_6981,Apple,3000,16,64,50,6.5,Mid-Range,5,6,7,6,305.7095603898765
Phone_6982,Xiaomi,3000,6,512,50,6.7,Mid-Range,6,5,5,7,637.1439548256669
Phone_6983,OnePlus,4500,6,1024,108,6.4,Mid-Range,5,6,8,7,451.51880965925386
Phone_6984,Xiaomi,4500,6,1024,48,6.7,Mid-Range,5,8,8,6,645.7363168376071
Phone_6985,Apple,5000,8,1024,12,6.1,Mid-Range,8,5,6,8,429.4823790013483
Phone_6986,Xiaomi,4500,16,1024,50,6.1,Premium,5,9,10,10,867.1370860582242
Phone_6987,Samsung,5000,16,1024,64,6.4,Premium,4,8,8,6,883.6378684587371
Phone_6988,Xiaomi,3000,8,1024,48,6.8,Mid-Range,5,5,6,5,624.576300800632
Phone_6989,Xiaomi,3000,4,1024,64,6.5,Mid-Range,5,6,7,4,656.4049399926437
Phone_6990,OnePlus,5000,12,512,48,6.4,Premium,4,9,7,10,1253.9415381284416
Phone_6991,Samsung,4500,4,1024,64,6.5,Mid-Range,8,5,5,8,356.7459807041182
Phone_6992,Samsung,4500,6,1024,12,6.4,Mid-Range,6,5,6,5,378.4579404292898
Phone_6993,Xiaomi,5000,4,256,50,6.5,Mid-Range,7,6,8,8,647.1138511810592
Phone_6994,OnePlus,6000,8,512,50,6.8,Mid-Range,8,8,7,7,414.48229655821604
Phone_6995,Xiaomi,4500,6,256,108,6.8,Mid-Range,7,5,5,6,392.541799423014
Phone_6996,Xiaomi,4000,12,128,50,6.1,Mid-Range,6,7,7,7,691.5532246416342
Phone_6997,Apple,4500,6,1024,12,6.4,Mid-Range,5,5,5,6,568.0044455334744
Phone_6998,Apple,6000,4,64,48,6.8,Budget,9,3,5,2,293.70237914355016
Phone_6999,OnePlus,3000,16,1024,48,6.8,Premium,7,10,9,7,895.4352384870531
Phone_7000,Oppo,3000,16,1024,50,6.4,Premium,4,10,8,6,891.2751725949595
Phone_7001,Apple,3000,16,256,64,6.4,Premium,4,10,9,6,709.41386603575
Phone_7002,Oppo,4500,6,128,50,6.1,Budget,8,4,5,5,221.41644587367836
Phone_7003,Samsung,3000,16,256,48,6.8,Premium,4,7,9,10,769.2743736326831
Phone_7004,Apple,6000,8,512,108,6.5,Mid-Range,5,6,6,7,430.4312255620273
Phone_7005,Apple,6000,12,128,48,6.4,Mid-Range,6,8,6,7,692.4655529748566
Phone_7006,OnePlus,4500,16,128,64,6.4,Mid-Range,5,5,6,8,641.8407501601478
Phone_7007,Oppo,4000,8,128,64,6.4,Mid-Range,8,7,7,8,359.2457734527442
Phone_7008,Apple,4500,8,256,108,6.4,Mid-Range,5,6,6,7,381.55085579956426
Phone_7009,Apple,3000,6,1024,64,6.8,Mid-Range,8,7,8,4,599.4334811774211
Phone_7010,OnePlus,4500,6,1024,50,6.5,Mid-Range,5,6,5,7,310.30070626969035
Phone_7011,OnePlus,6000,12,1024,50,6.1,Premium,7,8,10,6,808.3868135377779
Phone_7012,Oppo,4500,12,1024,48,6.7,Premium,5,10,10,9,734.5140106590617
Phone_7013,Samsung,4500,4,1024,12,6.8,Mid-Range,7,5,5,8,381.9644381584995
Phone_7014,Samsung,4000,12,512,50,6.8,Premium,4,7,8,10,1149.1900934641526
Phone_7015,Xiaomi,6000,6,64,50,6.7,Budget,10,6,3,2,105.79759780728605
Phone_7016,Apple,5000,8,128,108,6.7,Mid-Range,7,6,8,7,682.7384588841394
Phone_7017,Oppo,5000,4,64,50,6.4,Budget,10,6,3,2,199.54785459567594
Phone_7018,Apple,6000,12,512,48,6.5,Premium,5,9,7,8,729.7349415024366
Phone_7019,Oppo,5000,8,1024,108,6.8,Mid-Range,8,6,5,8,522.4378033724831
Phone_7020,Oppo,3000,6,512,50,6.8,Mid-Range,5,5,5,8,616.973172463564
Phone_7021,Oppo,5000,16,512,48,6.1,Premium,6,7,10,7,1080.6544742477383
Phone_7022,Apple,3000,4,64,108,6.7,Budget,9,6,3,5,146.2987824102985
Phone_7023,OnePlus,6000,8,128,12,6.7,Mid-Range,6,6,5,6,507.0883077042889
Phone_7024,Apple,5000,6,256,48,6.8,Mid-Range,6,6,7,8,492.82237944713086
Phone_7025,Oppo,5000,6,256,50,6.7,Mid-Range,8,5,5,7,491.8200068514208
Phone_7026,Xiaomi,3000,4,128,108,6.4,Budget,7,5,6,3,197.1848777726662
Phone_7027,Samsung,3000,4,1024,12,6.1,Mid-Range,5,6,6,7,590.8230177595397
Phone_7028,Oppo,4500,12,512,48,6.8,Premium,6,8,7,10,813.1133576437958
Phone_7029,Xiaomi,4000,12,1024,12,6.1,Premium,4,7,8,8,969.7252817886897
Phone_7030,OnePlus,5000,4,512,48,6.4,Mid-Range,6,7,7,7,588.2801978665931
Phone_7031,Oppo,4000,4,256,50,6.1,Mid-Range,8,7,6,6,404.6784364305835
Phone_7032,Xiaomi,4000,8,128,48,6.7,Mid-Range,7,5,7,8,656.734710263984
Phone_7033,Oppo,5000,12,64,50,6.8,Mid-Range,7,6,8,8,453.6670673622584
Phone_7034,Apple,3000,6,64,48,6.1,Budget,9,4,3,3,168.27902855135017
Phone_7035,Xiaomi,4500,12,128,108,6.5,Mid-Range,7,8,7,6,516.9099813192759
Phone_7036,Apple,6000,12,256,48,6.8,Premium,7,10,7,10,1182.2040965772765
Phone_7037,Apple,5000,4,512,48,6.1,Mid-Range,5,8,8,6,407.496069739235
Phone_7038,Xiaomi,5000,4,64,64,6.8,Budget,9,4,4,2,156.5481622382798
Phone_7039,Samsung,6000,12,256,64,6.1,Premium,6,9,8,6,985.7455592709991
Phone_7040,Xiaomi,4000,16,128,48,6.1,Mid-Range,7,6,5,8,665.09214585923
Phone_7041,Samsung,4500,16,1024,64,6.7,Premium,4,8,9,7,1199.836963411035
Phone_7042,Oppo,4000,12,256,50,6.1,Premium,6,9,9,9,1145.29500600315
Phone_7043,Oppo,6000,16,256,64,6.5,Premium,7,7,9,6,1490.070555464929
Phone_7044,Xiaomi,6000,12,1024,48,6.7,Premium,5,9,10,7,740.9898785524058
Phone_7045,Oppo,4500,4,256,12,6.5,Mid-Range,8,6,7,4,434.5974968742023
Phone_7046,OnePlus,6000,4,64,12,6.5,Budget,10,6,5,2,117.54061930515086
Phone_7047,Apple,6000,4,64,48,6.4,Budget,7,6,5,5,206.2394277541819
Phone_7048,Apple,4500,6,64,48,6.5,Budget,9,6,5,2,122.66531937826157
Phone_7049,Samsung,5000,4,256,12,6.1,Mid-Range,5,8,5,7,438.9706193505873
Phone_7050,Oppo,4000,4,256,108,6.8,Mid-Range,5,8,5,4,328.6462218804995
Phone_7051,Samsung,5000,12,256,64,6.7,Premium,6,7,7,8,712.1238512996722
Phone_7052,Apple,5000,16,128,108,6.7,Mid-Range,6,8,6,4,586.2436775124553
Phone_7053,Apple,4000,16,1024,50,6.7,Premium,7,10,10,8,1243.4986745481767
Phone_7054,Oppo,5000,4,256,12,6.8,Mid-Range,6,6,7,5,431.1778640536802
Phone_7055,OnePlus,4500,4,1024,12,6.5,Mid-Range,5,8,5,8,527.8413095745576
Phone_7056,OnePlus,4000,4,512,108,6.4,Mid-Range,6,7,7,8,619.2127669735141
Phone_7057,Oppo,3000,12,64,50,6.1,Mid-Range,8,5,8,7,587.4829183757581
Phone_7058,Oppo,5000,12,128,108,6.7,Mid-Range,5,5,6,8,311.5272511490219
Phone_7059,Samsung,6000,12,1024,50,6.1,Premium,5,10,7,8,799.2560911082186
Phone_7060,Oppo,4000,16,64,48,6.5,Mid-Range,7,7,5,6,652.5335242935712
Phone_7061,OnePlus,3000,6,128,48,6.4,Budget,10,5,6,3,229.45557899347406
Phone_7062,Oppo,6000,16,64,12,6.7,Mid-Range,8,5,7,8,608.0238917450794
Phone_7063,Samsung,3000,12,256,48,6.5,Premium,5,7,10,10,1376.4445714333465
Phone_7064,Samsung,5000,8,256,108,6.4,Mid-Range,8,5,5,4,369.48335759360987
Phone_7065,Samsung,6000,6,64,50,6.7,Budget,7,4,5,5,133.34463870913444
Phone_7066,Samsung,5000,4,128,12,6.5,Budget,10,6,3,2,251.06032828425597
Phone_7067,Xiaomi,6000,16,64,48,6.1,Mid-Range,7,7,7,8,488.35074300600246
Phone_7068,Oppo,4000,6,512,12,6.8,Mid-Range,7,6,5,5,660.721269523013
Phone_7069,Apple,4500,8,128,12,6.7,Mid-Range,7,6,5,7,396.6462355393526
Phone_7070,Oppo,4500,6,128,50,6.4,Budget,7,3,3,3,175.6264960460511
Phone_7071,Xiaomi,3000,16,64,108,6.4,Mid-Range,5,5,5,4,463.9468851141026
Phone_7072,Samsung,6000,12,1024,108,6.8,Premium,6,10,7,10,836.8794585339423
Phone_7073,Xiaomi,5000,4,64,64,6.8,Budget,10,3,3,4,264.1488961923535
Phone_7074,OnePlus,4000,12,1024,108,6.5,Premium,4,10,10,8,930.2502497639756
Phone_7075,OnePlus,4000,12,128,48,6.8,Mid-Range,5,6,5,8,697.1040796725824
Phone_7076,Oppo,4000,16,256,64,6.7,Premium,7,10,7,6,1122.4984862073045
Phone_7077,Oppo,4500,12,256,64,6.8,Premium,7,7,7,8,704.5268879033966
Phone_7078,Apple,5000,12,64,64,6.7,Mid-Range,7,6,8,8,463.2868514425818
Phone_7079,Apple,4000,16,1024,64,6.1,Premium,7,7,7,9,1139.166754146952
Phone_7080,OnePlus,4000,16,64,108,6.8,Mid-Range,6,6,6,7,577.6359385326449
Phone_7081,Samsung,3000,8,512,64,6.1,Mid-Range,6,6,6,6,694.4451890084325
Phone_7082,Xiaomi,6000,12,64,48,6.4,Mid-Range,5,6,7,6,345.0954029074013
Phone_7083,Apple,6000,6,64,48,6.8,Budget,7,6,4,2,281.82843504808505
Phone_7084,Apple,6000,4,64,12,6.4,Budget,9,3,6,4,296.1505469716666
Phone_7085,Samsung,3000,4,64,48,6.1,Budget,10,6,5,3,255.1227858179419
Phone_7086,Samsung,4500,16,1024,12,6.4,Premium,7,9,7,6,1060.7812585910217
Phone_7087,Oppo,3000,16,1024,48,6.1,Premium,7,9,10,7,1164.3586829855199
Phone_7088,Xiaomi,4000,8,1024,64,6.5,Mid-Range,5,6,8,5,624.5743112269091
Phone_7089,Samsung,5000,12,512,50,6.1,Premium,5,10,10,9,1471.0256815828657
Phone_7090,Apple,4000,16,512,64,6.5,Premium,5,9,9,8,1136.1065742227902
Phone_7091,Apple,4000,16,64,108,6.4,Mid-Range,6,5,5,7,551.1505179791061
Phone_7092,OnePlus,5000,4,1024,12,6.1,Mid-Range,7,5,7,5,347.76790584528806
Phone_7093,Samsung,6000,12,512,50,6.5,Premium,7,10,10,9,784.6102681154548
Phone_7094,Oppo,3000,8,256,48,6.1,Mid-Range,8,8,8,6,658.7106409120424
Phone_7095,Xiaomi,4500,16,64,64,6.7,Mid-Range,5,7,7,8,415.9691746088949
Phone_7096,Oppo,4000,16,128,12,6.7,Mid-Range,7,8,7,7,563.6430065004126
Phone_7097,Apple,4000,16,1024,12,6.4,Premium,4,9,8,8,1216.0050062814407
Phone_7098,Oppo,4500,4,64,48,6.7,Budget,7,4,6,3,242.70779928397374
Phone_7099,Apple,3000,16,64,12,6.8,Mid-Range,8,5,8,8,382.3749426007761
Phone_7100,Apple,4000,16,128,48,6.5,Mid-Range,7,6,6,5,543.4500945175655
Phone_7101,Apple,4500,4,256,48,6.8,Mid-Range,8,5,7,4,509.6773767607017
Phone_7102,Apple,4000,16,512,64,6.7,Premium,5,10,9,9,1415.0203022322148
Phone_7103,Apple,6000,12,512,12,6.4,Premium,4,10,8,7,935.0817043682014
Phone_7104,OnePlus,6000,12,128,108,6.8,Mid-Range,6,7,6,8,523.6448020258515
Phone_7105,Oppo,4000,4,128,108,6.4,Budget,9,3,5,2,131.61606918875947
Phone_7106,OnePlus,4000,12,512,64,6.1,Premium,5,9,7,8,1414.9640084963107
Phone_7107,OnePlus,6000,8,256,64,6.8,Mid-Range,7,6,7,4,553.3012186738472
Phone_7108,Samsung,4000,16,256,48,6.1,Premium,7,9,7,9,1000.1216633577902
Phone_7109,Samsung,3000,8,64,108,6.8,Mid-Range,8,6,8,6,505.03810388970146
Phone_7110,Samsung,3000,12,128,12,6.5,Mid-Range,5,7,8,6,586.7206297059126
Phone_7111,Xiaomi,5000,4,128,108,6.4,Budget,10,4,5,4,184.34207778075353
Phone_7112,Samsung,3000,4,128,64,6.1,Budget,8,5,6,3,269.16951914010025
Phone_7113,Oppo,4000,8,512,64,6.7,Mid-Range,7,8,8,8,365.68159125562033
Phone_7114,OnePlus,4000,12,512,48,6.8,Premium,4,7,8,9,1298.4622392470883
Phone_7115,Oppo,4500,16,512,12,6.1,Premium,5,8,8,7,881.9967736086496
Phone_7116,Samsung,3000,12,256,64,6.8,Premium,5,9,7,7,808.7137820607087
Phone_7117,Xiaomi,6000,12,512,12,6.8,Premium,6,9,10,7,835.9487915616958
Phone_7118,Xiaomi,6000,4,64,108,6.8,Budget,7,6,4,5,244.21307782628818
Phone_7119,OnePlus,5000,6,512,48,6.1,Mid-Range,5,5,6,8,338.3318257376201
Phone_7120,Oppo,4500,16,256,108,6.1,Premium,4,7,8,9,1402.6531184792461
Phone_7121,Apple,6000,16,128,64,6.8,Mid-Range,8,8,8,7,646.9642508929539
Phone_7122,Oppo,5000,4,64,64,6.7,Budget,7,6,3,4,210.24994859606784
Phone_7123,Samsung,3000,12,256,12,6.4,Premium,5,7,8,7,1397.2725679026044
Phone_7124,Apple,4500,4,1024,64,6.8,Mid-Range,7,8,7,8,345.82830914829776
Phone_7125,Xiaomi,4500,12,128,12,6.7,Mid-Range,5,5,6,7,425.3257136162062
Phone_7126,OnePlus,4000,6,512,50,6.4,Mid-Range,8,7,7,8,455.44563837634666
Phone_7127,OnePlus,3000,6,256,64,6.8,Mid-Range,8,8,7,5,644.003640227398
Phone_7128,Xiaomi,4500,8,1024,108,6.4,Mid-Range,8,5,8,6,565.7593150311607
Phone_7129,Samsung,5000,12,256,108,6.8,Premium,7,7,8,7,741.9146637549469
Phone_7130,Xiaomi,6000,4,512,12,6.1,Mid-Range,5,5,8,7,420.19284471664696
Phone_7131,Samsung,3000,4,256,50,6.8,Mid-Range,7,6,6,8,603.9798472569918
Phone_7132,Apple,3000,4,1024,64,6.8,Mid-Range,7,8,5,8,655.3294585925646
Phone_7133,Xiaomi,4500,8,256,48,6.8,Mid-Range,5,6,8,7,514.7250070794387
Phone_7134,Samsung,4500,16,64,48,6.8,Mid-Range,5,5,7,4,317.3706143919167
Phone_7135,Apple,4500,4,64,108,6.7,Budget,9,3,4,2,286.84687720865463
Phone_7136,Xiaomi,5000,6,512,64,6.5,Mid-Range,6,8,5,7,598.3227258374257
Phone_7137,OnePlus,4000,4,1024,48,6.7,Mid-Range,8,6,8,7,455.0408850953249
Phone_7138,Xiaomi,4500,4,1024,12,6.7,Mid-Range,6,5,8,4,550.3669784404597
Phone_7139,Oppo,4000,4,1024,64,6.1,Mid-Range,7,6,5,7,509.80870079281794
Phone_7140,Xiaomi,4000,16,1024,108,6.8,Premium,7,8,7,9,775.4820255115243
Phone_7141,Oppo,3000,4,1024,50,6.7,Mid-Range,8,5,8,6,422.80068040030574
Phone_7142,Apple,6000,16,128,12,6.4,Mid-Range,5,8,7,7,478.4233664146766
Phone_7143,Xiaomi,6000,16,256,12,6.8,Premium,4,7,10,8,1293.8028111730582
Phone_7144,Apple,5000,8,1024,64,6.1,Mid-Range,8,6,7,5,621.9848976108212
Phone_7145,Apple,5000,6,64,50,6.1,Budget,10,6,5,3,206.84345812015914
Phone_7146,Samsung,6000,4,256,12,6.4,Mid-Range,5,6,7,4,588.7735806681511
Phone_7147,Apple,6000,4,512,50,6.1,Mid-Range,8,5,5,5,301.2126321561433
Phone_7148,Apple,3000,4,512,108,6.8,Mid-Range,8,6,5,8,646.9733098868462
Phone_7149,Xiaomi,3000,16,1024,12,6.5,Premium,6,9,8,9,826.7022217908481
Phone_7150,Xiaomi,6000,12,128,48,6.5,Mid-Range,7,8,8,5,487.9843018373046
Phone_7151,OnePlus,4500,6,128,108,6.7,Budget,7,5,5,3,122.06832360574616
Phone_7152,Samsung,4500,4,256,108,6.1,Mid-Range,6,5,8,4,546.5462346519226
Phone_7153,Apple,3000,12,128,12,6.8,Mid-Range,7,6,6,5,690.0446051934484
Phone_7154,Samsung,4000,12,512,48,6.4,Premium,5,8,8,8,778.0672067455715
Phone_7155,Oppo,6000,12,1024,50,6.4,Premium,7,7,7,9,1055.334885985935
Phone_7156,Apple,5000,6,64,48,6.8,Budget,10,5,3,5,190.5500413376417
Phone_7157,Samsung,4500,12,512,108,6.8,Premium,5,9,10,6,1078.3491943731235
Phone_7158,OnePlus,4000,4,512,12,6.4,Mid-Range,6,8,5,6,604.3437229981332
Phone_7159,OnePlus,4500,4,256,48,6.1,Mid-Range,5,5,5,6,421.3354245078839
Phone_7160,Apple,4000,8,128,48,6.7,Mid-Range,8,8,6,4,669.7859876448051
Phone_7161,Oppo,6000,16,64,108,6.7,Mid-Range,7,5,8,5,620.0303835830383
Phone_7162,OnePlus,6000,12,64,50,6.7,Mid-Range,6,8,5,7,430.6267896583851
Phone_7163,OnePlus,6000,16,128,48,6.8,Mid-Range,5,8,7,7,440.79613698190764
Phone_7164,Oppo,3000,16,1024,48,6.4,Premium,6,10,7,8,914.9914691088419
Phone_7165,Samsung,4000,16,128,64,6.4,Mid-Range,8,5,8,4,339.8372656750697
Phone_7166,OnePlus,5000,16,1024,108,6.4,Premium,4,10,10,9,1432.931362746974
Phone_7167,Xiaomi,5000,16,64,64,6.4,Mid-Range,6,7,6,8,543.6585337776582
Phone_7168,OnePlus,6000,4,256,108,6.4,Mid-Range,5,6,7,4,427.4823179724868
Phone_7169,Samsung,5000,6,512,108,6.5,Mid-Range,7,6,8,5,555.2184246789782
Phone_7170,Samsung,4500,12,64,64,6.8,Mid-Range,8,5,5,4,339.2975102495639
Phone_7171,Apple,4000,12,64,50,6.8,Mid-Range,5,6,6,8,680.8205395527195
Phone_7172,Xiaomi,4000,4,64,50,6.5,Budget,9,6,3,2,239.44447559029962
Phone_7173,Samsung,4000,4,512,108,6.7,Mid-Range,5,7,5,7,431.53568238024565
Phone_7174,Oppo,4500,16,1024,64,6.1,Premium,7,8,9,7,1372.8093528485654
Phone_7175,Xiaomi,3000,6,256,48,6.8,Mid-Range,7,7,8,8,459.34191221742583
Phone_7176,Xiaomi,4500,12,256,108,6.8,Premium,7,8,9,6,1161.837247305758
Phone_7177,Oppo,4000,8,256,108,6.5,Mid-Range,7,6,6,5,360.35973931162624
Phone_7178,OnePlus,4000,4,1024,12,6.8,Mid-Range,7,7,8,6,326.69480743658846
Phone_7179,Oppo,4000,8,128,50,6.8,Mid-Range,8,7,5,6,343.2689090653399
Phone_7180,Oppo,5000,12,128,64,6.7,Mid-Range,8,5,8,7,688.8210018129014
Phone_7181,OnePlus,3000,4,256,48,6.5,Mid-Range,7,8,8,4,335.5107571535837
Phone_7182,OnePlus,4500,12,64,48,6.8,Mid-Range,7,7,7,5,560.6947098124675
Phone_7183,OnePlus,4000,4,64,108,6.4,Budget,8,6,4,2,277.3169117142445
Phone_7184,OnePlus,6000,12,512,48,6.5,Premium,6,7,9,10,799.0521744208205
Phone_7185,OnePlus,3000,8,128,48,6.7,Mid-Range,6,7,6,4,417.72505283961345
Phone_7186,Oppo,6000,6,64,108,6.1,Budget,10,4,4,4,153.99711646548815
Phone_7187,Apple,3000,4,256,50,6.8,Mid-Range,7,5,6,7,599.4400551648969
Phone_7188,Apple,4000,8,512,12,6.4,Mid-Range,6,5,8,6,535.5033571048473
Phone_7189,Samsung,3000,12,128,50,6.4,Mid-Range,7,7,5,6,473.8012312253377
Phone_7190,Apple,3000,8,512,50,6.1,Mid-Range,8,7,5,5,429.20639912505555
Phone_7191,Apple,4000,4,64,12,6.5,Budget,8,6,3,4,122.3792152661563
Phone_7192,Oppo,6000,8,256,108,6.7,Mid-Range,7,6,7,5,348.71984945721437
Phone_7193,OnePlus,6000,12,256,50,6.8,Premium,5,9,8,10,1462.724204846374
Phone_7194,OnePlus,5000,16,256,64,6.8,Premium,6,7,9,8,937.4392607336727
Phone_7195,Oppo,6000,6,64,64,6.8,Budget,9,5,6,5,199.67768848175268
Phone_7196,Apple,6000,6,1024,12,6.4,Mid-Range,6,5,5,5,642.9128206457933
Phone_7197,Oppo,3000,16,256,64,6.5,Premium,4,10,7,8,717.9592445692713
Phone_7198,Samsung,5000,4,1024,108,6.1,Mid-Range,6,6,8,7,340.96866793694886
Phone_7199,OnePlus,4000,8,256,48,6.5,Mid-Range,8,6,5,6,611.9261339372395
Phone_7200,Xiaomi,4000,8,1024,108,6.7,Mid-Range,5,7,8,6,556.4197575384801
Phone_7201,Samsung,4500,16,128,12,6.7,Mid-Range,5,5,8,8,454.9940379975168
Phone_7202,Samsung,5000,16,128,48,6.1,Mid-Range,8,6,8,4,333.6818473256709
Phone_7203,Oppo,3000,12,256,64,6.4,Premium,5,7,8,10,926.7606608909477
Phone_7204,Apple,4500,12,512,50,6.1,Premium,5,7,9,9,908.4845507011578
Phone_7205,OnePlus,4500,6,512,64,6.7,Mid-Range,5,5,7,5,468.28379813449794
Phone_7206,Xiaomi,4000,4,64,108,6.4,Budget,9,4,3,4,256.7944421128948
Phone_7207,Samsung,6000,4,128,108,6.5,Budget,8,3,4,2,164.0943133997879
Phone_7208,Xiaomi,3000,16,128,12,6.7,Mid-Range,6,8,5,4,384.23731612253096
Phone_7209,Apple,5000,6,512,50,6.4,Mid-Range,6,5,6,4,368.98743930671446
Phone_7210,Apple,4500,6,256,50,6.4,Mid-Range,7,7,6,7,578.2320560237056
Phone_7211,Xiaomi,3000,12,64,48,6.8,Mid-Range,7,7,5,7,562.5859805345053
Phone_7212,OnePlus,4000,8,128,48,6.5,Mid-Range,8,8,8,6,664.8505469055074
Phone_7213,Apple,4500,4,64,108,6.4,Budget,8,4,6,2,159.24700006002433
Phone_7214,Xiaomi,4500,6,128,12,6.1,Budget,9,3,5,4,110.57117703595152
Phone_7215,Samsung,4000,12,1024,108,6.5,Premium,6,7,7,9,1112.2508192011724
Phone_7216,Xiaomi,4000,12,1024,50,6.5,Premium,6,8,9,7,1202.2402286920965
Phone_7217,Xiaomi,4000,12,64,50,6.7,Mid-Range,8,8,8,8,675.2379589391842
Phone_7218,Oppo,3000,8,512,108,6.5,Mid-Range,6,8,7,8,667.0425479711813
Phone_7219,Apple,3000,6,512,50,6.5,Mid-Range,7,8,8,7,471.2598501343332
Phone_7220,OnePlus,3000,16,128,48,6.8,Mid-Range,5,7,6,6,464.9980619484802
Phone_7221,OnePlus,6000,16,1024,50,6.5,Premium,4,8,8,8,1426.7299557736417
Phone_7222,Oppo,4500,12,1024,48,6.4,Premium,4,10,7,9,791.453958016125
Phone_7223,OnePlus,3000,12,64,64,6.1,Mid-Range,8,6,8,5,520.024036495568
Phone_7224,Xiaomi,6000,8,64,12,6.8,Mid-Range,5,8,8,7,415.16975104720717
Phone_7225,Oppo,4500,12,512,12,6.8,Premium,4,9,9,10,1451.4914487370916
Phone_7226,Samsung,3000,6,512,50,6.8,Mid-Range,5,5,7,5,661.5316055319643
Phone_7227,Apple,4000,12,512,12,6.8,Premium,4,9,8,6,814.3144177555275
Phone_7228,Apple,5000,12,256,64,6.7,Premium,5,9,10,9,1018.3404204878636
Phone_7229,Apple,3000,6,1024,50,6.8,Mid-Range,7,8,8,4,616.7094395809615
Phone_7230,Xiaomi,5000,4,1024,48,6.7,Mid-Range,6,6,6,6,695.5804577717852
Phone_7231,Samsung,3000,16,64,64,6.7,Mid-Range,6,5,7,8,574.0620535489986
Phone_7232,Oppo,4000,12,1024,64,6.5,Premium,7,8,8,8,1101.6258339713545
Phone_7233,Oppo,5000,6,64,12,6.1,Budget,8,3,5,3,286.96729403221025
Phone_7234,Apple,6000,16,256,48,6.5,Premium,4,10,8,7,1227.9884957068741
Phone_7235,Samsung,4000,8,512,108,6.7,Mid-Range,6,8,6,7,488.10003721486396
Phone_7236,Samsung,5000,4,256,64,6.5,Mid-Range,5,7,5,8,663.861786467437
Phone_7237,Samsung,5000,12,512,12,6.4,Premium,6,9,8,9,970.8461350496334
Phone_7238,OnePlus,4000,4,512,64,6.8,Mid-Range,6,5,8,5,412.6478851219167
Phone_7239,OnePlus,4000,12,64,48,6.8,Mid-Range,7,7,6,7,576.6921476559451
Phone_7240,Apple,4000,12,512,48,6.7,Premium,4,10,8,8,1069.012428414158
Phone_7241,Samsung,4500,12,256,50,6.5,Premium,6,7,9,10,1170.3958544523443
Phone_7242,Samsung,6000,4,128,108,6.4,Budget,7,6,6,3,262.22655738951846
Phone_7243,Oppo,3000,8,64,108,6.4,Mid-Range,6,5,6,4,418.8919358711964
Phone_7244,Oppo,5000,6,512,12,6.4,Mid-Range,5,6,8,8,312.4565941143578
Phone_7245,Apple,3000,6,512,108,6.7,Mid-Range,5,8,8,4,498.7072142706621
Phone_7246,Samsung,4000,8,1024,48,6.5,Mid-Range,6,5,5,8,563.2200140043722
Phone_7247,Apple,6000,8,64,108,6.4,Mid-Range,6,8,5,4,615.6081148359415
Phone_7248,Oppo,6000,12,64,12,6.4,Mid-Range,6,5,5,4,422.4127623921902
Phone_7249,Oppo,4500,12,256,64,6.5,Premium,4,7,10,8,1259.0193722532213
Phone_7250,OnePlus,4000,6,128,108,6.5,Budget,10,3,5,5,294.22525409357604
Phone_7251,Apple,5000,12,256,108,6.8,Premium,7,9,9,7,1357.8303356455026
Phone_7252,Apple,4500,12,256,48,6.1,Premium,5,8,9,10,991.1405490978818
Phone_7253,Samsung,4000,8,256,48,6.1,Mid-Range,5,5,8,8,447.7016471741714
Phone_7254,Samsung,4500,4,128,64,6.4,Budget,8,5,6,3,149.41107231589288
Phone_7255,OnePlus,3000,16,256,50,6.5,Premium,4,9,7,7,819.6933422705049
Phone_7256,Xiaomi,4000,16,64,108,6.8,Mid-Range,6,6,5,6,560.2932691739763
Phone_7257,Xiaomi,5000,12,128,48,6.7,Mid-Range,7,8,8,5,515.8743618290175
Phone_7258,Xiaomi,5000,12,512,50,6.1,Premium,6,7,9,10,1095.0584296615575
Phone_7259,Apple,4000,16,1024,108,6.1,Premium,7,8,8,9,829.5983945753801
Phone_7260,Apple,4500,8,1024,108,6.5,Mid-Range,6,8,7,8,416.76481189670255
Phone_7261,Oppo,6000,16,64,50,6.7,Mid-Range,6,8,5,5,347.9876348228333
Phone_7262,Apple,4000,16,1024,48,6.1,Premium,4,8,7,6,1145.921972641805
Phone_7263,Apple,5000,16,1024,64,6.8,Premium,7,7,9,7,762.4880537566873
Phone_7264,Apple,3000,12,1024,108,6.1,Premium,7,7,9,6,1414.3246598117462
Phone_7265,OnePlus,5000,12,512,12,6.5,Premium,4,9,10,7,1014.0567258687367
Phone_7266,Apple,6000,16,1024,12,6.5,Premium,4,7,8,6,1040.8797337236203
Phone_7267,Samsung,5000,12,256,12,6.7,Premium,5,8,7,10,1095.9049901285825
Phone_7268,Samsung,6000,16,64,64,6.1,Mid-Range,7,5,8,5,337.9297860289995
Phone_7269,Oppo,4000,8,64,108,6.7,Mid-Range,7,7,5,7,466.6157959381847
Phone_7270,OnePlus,5000,12,64,48,6.1,Mid-Range,6,8,7,7,692.1108347375554
Phone_7271,Samsung,4500,4,512,48,6.4,Mid-Range,8,7,8,4,681.753128391462
Phone_7272,OnePlus,4500,12,512,64,6.1,Premium,5,9,10,9,1360.9270656157573
Phone_7273,OnePlus,5000,8,1024,108,6.5,Mid-Range,5,6,7,7,538.0646129359296
Phone_7274,Oppo,5000,8,256,50,6.5,Mid-Range,7,8,8,7,417.87735802362704
Phone_7275,OnePlus,3000,12,1024,50,6.4,Premium,6,8,9,9,1494.2971963194354
Phone_7276,Apple,5000,6,64,108,6.1,Budget,7,6,6,3,163.01672369161045
Phone_7277,OnePlus,3000,16,256,108,6.1,Premium,7,10,8,7,750.3163690790731
Phone_7278,Oppo,3000,16,64,48,6.5,Mid-Range,8,8,8,6,367.5407185218817
Phone_7279,Oppo,3000,8,256,64,6.4,Mid-Range,8,5,8,5,486.90455198294524
Phone_7280,Oppo,3000,12,128,64,6.5,Mid-Range,8,7,6,6,310.8121405116615
Phone_7281,Samsung,4000,6,512,48,6.4,Mid-Range,5,7,8,5,675.6784887401761
Phone_7282,Apple,4500,4,512,12,6.5,Mid-Range,8,8,5,6,524.6492078099328
Phone_7283,Samsung,3000,16,64,50,6.8,Mid-Range,5,7,5,6,369.408106372017
Phone_7284,Xiaomi,4500,6,64,108,6.1,Budget,8,6,5,3,273.1835959252504
Phone_7285,Apple,3000,16,128,50,6.7,Mid-Range,7,7,8,7,450.5147252677908
Phone_7286,OnePlus,4500,12,1024,50,6.8,Premium,7,8,10,9,1026.0075644019844
Phone_7287,Oppo,5000,16,256,64,6.5,Premium,6,10,10,9,1047.3801353752206
Phone_7288,Xiaomi,5000,4,128,48,6.4,Budget,9,4,5,4,191.2667420920596
Phone_7289,Apple,4500,12,128,12,6.7,Mid-Range,5,5,6,4,584.524030992086
Phone_7290,Samsung,3000,8,64,12,6.4,Mid-Range,7,7,6,6,449.27557209336135
Phone_7291,Oppo,4000,6,64,48,6.4,Budget,9,3,3,3,222.85460743643486
Phone_7292,Samsung,4500,16,1024,50,6.1,Premium,7,8,7,10,1090.176994370891
Phone_7293,Apple,6000,12,1024,48,6.5,Premium,4,10,10,7,1254.2688790484963
Phone_7294,Apple,4000,12,64,48,6.1,Mid-Range,8,8,7,5,347.7215043179509
Phone_7295,Xiaomi,6000,16,512,108,6.4,Premium,7,8,10,6,813.8338223312098
Phone_7296,OnePlus,4500,8,1024,108,6.1,Mid-Range,5,6,5,4,328.3539685089715
Phone_7297,Samsung,3000,16,128,50,6.8,Mid-Range,8,7,8,5,427.6016466434275
Phone_7298,Xiaomi,6000,8,64,64,6.4,Mid-Range,7,6,7,4,455.6184540823159
Phone_7299,Oppo,4500,16,256,12,6.4,Premium,4,8,9,10,912.2696877745731
Phone_7300,OnePlus,4000,12,256,108,6.8,Premium,5,9,7,8,1197.848621890444
Phone_7301,Xiaomi,3000,4,512,50,6.4,Mid-Range,6,8,8,5,541.2635375139628
Phone_7302,Samsung,6000,4,64,48,6.7,Budget,7,4,6,5,133.3223586927838
Phone_7303,Apple,4500,12,128,108,6.7,Mid-Range,7,8,5,5,527.029279785457
Phone_7304,Oppo,3000,4,512,48,6.5,Mid-Range,6,8,5,5,545.9659211304681
Phone_7305,Samsung,3000,8,128,48,6.5,Mid-Range,7,5,7,8,376.5344657761167
Phone_7306,OnePlus,5000,12,256,108,6.1,Premium,7,8,9,7,787.4436806028834
Phone_7307,OnePlus,3000,8,128,50,6.1,Mid-Range,6,7,6,7,632.0377624574073
Phone_7308,Apple,4500,12,256,12,6.8,Premium,6,7,9,6,894.388239945717
Phone_7309,Apple,4000,8,1024,50,6.8,Mid-Range,7,7,6,8,512.6615150466355
Phone_7310,Oppo,5000,8,256,64,6.4,Mid-Range,8,8,7,7,628.0215417040215
Phone_7311,Oppo,4500,4,256,64,6.5,Mid-Range,6,5,6,5,550.9939926678588
Phone_7312,Apple,4500,12,512,12,6.5,Premium,6,10,7,9,1022.441995904504
Phone_7313,Apple,4500,16,512,64,6.5,Premium,4,7,10,10,1485.2388197941298
Phone_7314,OnePlus,6000,4,64,48,6.5,Budget,10,4,3,5,140.28540355723533
Phone_7315,Apple,6000,8,64,64,6.1,Mid-Range,6,6,6,5,300.80545513654357
Phone_7316,Xiaomi,4000,8,256,108,6.7,Mid-Range,5,8,8,6,698.8011180618032
Phone_7317,Samsung,4500,16,1024,48,6.8,Premium,6,9,9,8,1402.887353307617
Phone_7318,Apple,6000,16,64,50,6.8,Mid-Range,6,8,8,8,528.691189973057
Phone_7319,Oppo,6000,8,256,12,6.5,Mid-Range,8,5,5,4,462.37435681122156
Phone_7320,Xiaomi,6000,16,512,108,6.5,Premium,7,8,8,9,771.4922105490624
Phone_7321,Oppo,4000,6,64,108,6.1,Budget,7,5,4,4,241.3870328828825
Phone_7322,Xiaomi,4000,4,64,12,6.1,Budget,9,5,6,2,140.56715137280784
Phone_7323,Apple,4500,12,256,64,6.8,Premium,7,7,7,8,1475.2845518953677
Phone_7324,Samsung,5000,16,256,12,6.5,Premium,6,8,10,7,706.8408115040675
Phone_7325,Oppo,4500,16,128,12,6.5,Mid-Range,5,8,8,6,616.6828639380442
Phone_7326,Xiaomi,6000,6,128,64,6.8,Budget,9,5,3,3,257.37619371964075
Phone_7327,OnePlus,6000,12,1024,50,6.1,Premium,6,7,7,8,800.1247952996223
Phone_7328,Apple,3000,6,64,12,6.8,Budget,10,3,6,2,290.80260123595616
Phone_7329,Samsung,4500,12,128,64,6.1,Mid-Range,7,5,5,5,643.9149727659528
Phone_7330,Apple,6000,4,256,108,6.1,Mid-Range,8,6,6,7,373.85329722992526
Phone_7331,OnePlus,6000,16,64,12,6.1,Mid-Range,8,6,7,8,647.4852924499303
Phone_7332,Samsung,5000,4,128,12,6.5,Budget,9,5,4,4,111.60495927921488
Phone_7333,OnePlus,3000,12,1024,50,6.8,Premium,4,9,10,8,819.1209426823326
Phone_7334,Apple,4500,16,1024,50,6.1,Premium,5,9,9,9,1438.9617908224982
Phone_7335,Xiaomi,4000,6,1024,108,6.7,Mid-Range,6,5,6,5,461.0432388832957
Phone_7336,Apple,4500,8,1024,50,6.1,Mid-Range,7,6,6,8,424.8367678629302
Phone_7337,Apple,4500,6,256,108,6.1,Mid-Range,7,5,5,4,376.1393939294218
Phone_7338,Apple,5000,8,1024,12,6.1,Mid-Range,8,5,6,5,589.8025205555876
Phone_7339,Oppo,4500,6,512,64,6.4,Mid-Range,7,6,6,7,338.33734791690796
Phone_7340,OnePlus,5000,12,1024,50,6.7,Premium,5,9,7,7,1223.60332866643
Phone_7341,OnePlus,5000,4,128,108,6.5,Budget,9,4,3,2,125.62672033269678
Phone_7342,OnePlus,6000,8,64,50,6.8,Mid-Range,6,6,7,8,682.1545894167966
Phone_7343,Oppo,4000,12,128,50,6.8,Mid-Range,6,6,6,5,647.7568374979367
Phone_7344,Xiaomi,5000,4,64,48,6.8,Budget,9,6,5,2,250.6266486616538
Phone_7345,Apple,3000,4,256,12,6.5,Mid-Range,5,8,7,7,637.6729897885375
Phone_7346,Xiaomi,3000,16,64,50,6.1,Mid-Range,5,7,6,6,616.2310800172727
Phone_7347,Oppo,4000,16,512,64,6.7,Premium,5,8,9,7,1178.1017929743232
Phone_7348,OnePlus,5000,16,1024,48,6.8,Premium,4,8,7,8,1494.6339030174145
Phone_7349,Apple,4000,8,128,108,6.4,Mid-Range,5,6,5,5,575.1619060304738
Phone_7350,Samsung,6000,8,64,108,6.4,Mid-Range,6,5,6,4,568.7809402031414
Phone_7351,Samsung,3000,4,128,64,6.7,Budget,10,6,6,5,187.8232782827233
Phone_7352,Xiaomi,4500,8,1024,64,6.8,Mid-Range,6,7,7,4,389.9047495671214
Phone_7353,OnePlus,3000,4,256,12,6.1,Mid-Range,8,8,5,6,311.66896000020006
Phone_7354,Samsung,5000,12,1024,64,6.8,Premium,6,10,10,9,774.2773898829031
Phone_7355,Xiaomi,4000,6,256,108,6.1,Mid-Range,7,8,8,8,617.8311769760144
Phone_7356,Oppo,3000,4,128,12,6.8,Budget,7,6,5,2,140.70202739446896
Phone_7357,Xiaomi,4500,4,256,64,6.4,Mid-Range,8,8,5,4,444.5114409805074
Phone_7358,Xiaomi,4500,12,256,64,6.5,Premium,7,8,9,6,1267.5630501458616
Phone_7359,Xiaomi,4000,16,256,108,6.7,Premium,5,8,7,9,706.6872583474242
Phone_7360,Apple,4000,16,256,12,6.1,Premium,4,9,10,10,738.2564075360063
Phone_7361,Xiaomi,3000,16,256,48,6.5,Premium,7,8,8,6,968.0837650729304
Phone_7362,Xiaomi,5000,4,64,48,6.1,Budget,7,5,3,3,132.55087608685426
Phone_7363,Apple,6000,4,256,12,6.7,Mid-Range,7,8,5,4,471.9728042640132
Phone_7364,Apple,4500,8,256,64,6.5,Mid-Range,7,5,5,8,306.17378609906297
Phone_7365,Oppo,4000,8,1024,64,6.5,Mid-Range,6,7,7,6,614.9713350408649
Phone_7366,OnePlus,6000,6,1024,12,6.7,Mid-Range,8,5,6,5,399.70059797129335
Phone_7367,Samsung,6000,6,1024,48,6.7,Mid-Range,6,7,8,7,366.8489536332469
Phone_7368,Samsung,6000,8,256,50,6.1,Mid-Range,6,6,8,6,670.5576473643197
Phone_7369,Xiaomi,5000,4,1024,108,6.5,Mid-Range,7,7,6,8,307.20306129114755
Phone_7370,Oppo,4000,12,64,12,6.7,Mid-Range,8,7,5,4,379.12839892952206
Phone_7371,Xiaomi,4500,8,128,50,6.1,Mid-Range,7,7,5,4,396.19379570101034
Phone_7372,Samsung,4000,4,1024,108,6.8,Mid-Range,5,6,5,5,629.1215761986025
Phone_7373,Apple,3000,8,1024,50,6.7,Mid-Range,6,7,8,4,584.0335501969208
Phone_7374,OnePlus,4500,16,64,50,6.5,Mid-Range,7,7,7,6,686.9633886356735
Phone_7375,Oppo,4000,8,512,108,6.8,Mid-Range,5,8,8,5,577.9428901901183
Phone_7376,Apple,4500,16,512,50,6.7,Premium,6,10,9,9,1047.2450118876443
Phone_7377,OnePlus,3000,4,64,48,6.4,Budget,7,6,4,2,138.40835394077965
Phone_7378,Oppo,4500,16,1024,12,6.5,Premium,7,8,7,6,1460.0374188901387
Phone_7379,Oppo,6000,8,128,48,6.5,Mid-Range,5,6,7,5,660.3613467395766
Phone_7380,Samsung,5000,16,1024,48,6.1,Premium,7,9,7,7,1313.5725910142687
Phone_7381,Apple,3000,12,64,108,6.4,Mid-Range,7,6,6,7,608.4386644387689
Phone_7382,Oppo,4500,16,64,108,6.7,Mid-Range,6,5,7,8,617.7464385654343
Phone_7383,Oppo,3000,16,256,108,6.4,Premium,7,10,10,8,1396.5601437819034
Phone_7384,OnePlus,6000,6,64,50,6.7,Budget,10,3,4,2,125.83997060008633
Phone_7385,Samsung,5000,12,256,50,6.1,Premium,5,9,9,9,1108.1107171560943
Phone_7386,Xiaomi,3000,4,64,12,6.8,Budget,8,4,6,2,168.06555390305329
Phone_7387,Samsung,6000,16,256,50,6.4,Premium,4,7,9,8,1023.6179267541816
Phone_7388,Xiaomi,6000,12,256,12,6.5,Premium,5,8,10,10,1254.2826756037489
Phone_7389,Apple,6000,4,1024,48,6.7,Mid-Range,5,7,8,6,467.07267759070294
Phone_7390,Apple,4500,12,256,12,6.4,Premium,4,10,8,9,1331.2439996022608
Phone_7391,Oppo,4000,6,512,12,6.7,Mid-Range,7,5,6,7,525.4387914156121
Phone_7392,Apple,3000,4,64,108,6.4,Budget,9,5,3,4,255.09116407995322
Phone_7393,Oppo,4000,4,128,50,6.5,Budget,10,5,5,5,165.11156741687154
Phone_7394,Samsung,6000,16,64,64,6.7,Mid-Range,7,5,6,5,687.7667339274349
Phone_7395,Apple,4000,8,1024,64,6.7,Mid-Range,7,5,7,6,670.4648225330936
Phone_7396,Samsung,6000,4,1024,108,6.8,Mid-Range,7,7,6,6,315.6035077782076
Phone_7397,Samsung,6000,4,256,48,6.1,Mid-Range,7,7,6,8,511.6746995947761
Phone_7398,Apple,5000,6,1024,48,6.4,Mid-Range,5,5,5,4,585.1095875238427
Phone_7399,Samsung,5000,6,1024,48,6.5,Mid-Range,8,7,7,8,543.9451329786029
Phone_7400,Apple,4000,6,64,12,6.8,Budget,10,4,6,4,262.72078738208984
Phone_7401,Apple,3000,16,512,50,6.8,Premium,4,10,8,6,1030.5954048867907
Phone_7402,Apple,4000,4,512,48,6.1,Mid-Range,6,5,7,4,545.8988661062433
Phone_7403,Xiaomi,3000,6,256,64,6.5,Mid-Range,5,5,5,7,395.5721219959972
Phone_7404,Samsung,4000,6,1024,12,6.4,Mid-Range,8,8,5,5,544.4930869893454
Phone_7405,OnePlus,4500,12,1024,48,6.7,Premium,7,9,10,8,1136.0395957358505
Phone_7406,Apple,4500,12,512,48,6.1,Premium,6,8,7,8,1235.4096685861546
Phone_7407,Samsung,3000,6,256,50,6.7,Mid-Range,6,5,7,5,605.7273646945896
Phone_7408,Oppo,5000,16,1024,50,6.8,Premium,7,9,7,10,946.871517801098
Phone_7409,Apple,3000,8,256,12,6.7,Mid-Range,6,8,5,6,413.0087036077107
Phone_7410,Apple,4000,12,64,64,6.4,Mid-Range,8,5,6,8,590.6809860463588
Phone_7411,OnePlus,6000,12,1024,108,6.4,Premium,4,10,7,10,734.2405052056561
Phone_7412,Xiaomi,4500,4,1024,64,6.7,Mid-Range,6,7,7,7,355.52023214589576
Phone_7413,Xiaomi,6000,4,1024,50,6.7,Mid-Range,8,5,7,5,518.2781687827576
Phone_7414,Apple,4500,6,512,50,6.1,Mid-Range,7,8,7,7,565.2836220756005
Phone_7415,Samsung,4000,4,512,108,6.4,Mid-Range,6,5,5,6,496.5262911338033
Phone_7416,Oppo,4500,4,1024,64,6.7,Mid-Range,7,7,7,7,549.6644989337314
Phone_7417,Oppo,3000,8,1024,64,6.5,Mid-Range,7,7,7,4,445.94173967849343
Phone_7418,Samsung,6000,16,64,108,6.1,Mid-Range,5,7,7,8,651.125579498166
Phone_7419,Apple,6000,6,64,50,6.1,Budget,8,3,5,2,124.0279264653592
Phone_7420,Oppo,4000,8,256,12,6.1,Mid-Range,7,5,5,4,412.5381118167662
Phone_7421,Xiaomi,6000,6,256,64,6.1,Mid-Range,7,6,7,5,609.4639336869506
Phone_7422,Samsung,4000,16,512,48,6.7,Premium,5,8,8,7,1281.097818932365
Phone_7423,OnePlus,5000,6,128,64,6.8,Budget,10,4,6,4,168.4923967419083
Phone_7424,Apple,3000,4,64,64,6.5,Budget,9,6,3,3,233.88208667795075
Phone_7425,Samsung,4500,16,256,64,6.8,Premium,7,9,9,9,972.886926429154
Phone_7426,Oppo,4500,8,64,50,6.8,Mid-Range,5,7,5,5,533.5775424576414
Phone_7427,Apple,4500,8,64,48,6.7,Mid-Range,5,7,8,5,614.5319845116433
Phone_7428,Xiaomi,5000,12,128,64,6.1,Mid-Range,8,8,5,8,473.6798448786302
Phone_7429,Apple,3000,8,64,12,6.1,Mid-Range,5,7,6,4,530.696993044948
Phone_7430,Apple,6000,12,128,48,6.7,Mid-Range,7,8,6,7,564.7697831620806
Phone_7431,Xiaomi,6000,4,128,108,6.7,Budget,7,4,5,3,223.02903628188508
Phone_7432,Xiaomi,3000,8,64,12,6.4,Mid-Range,6,6,5,7,313.90903026886525
Phone_7433,Apple,3000,16,64,108,6.1,Mid-Range,5,5,8,8,343.5640399208936
Phone_7434,Xiaomi,4500,12,256,64,6.5,Premium,4,7,7,9,710.8417394910457
Phone_7435,Samsung,6000,8,64,50,6.4,Mid-Range,7,7,8,5,437.74497295098513
Phone_7436,Xiaomi,3000,4,64,64,6.8,Budget,8,5,6,4,118.0996439389818
Phone_7437,Xiaomi,6000,16,64,64,6.1,Mid-Range,6,7,7,6,391.0949904014543
Phone_7438,Apple,3000,16,256,108,6.7,Premium,5,8,10,6,854.3179486637483
Phone_7439,Samsung,4000,4,128,64,6.7,Budget,8,3,5,2,262.88279978854615
Phone_7440,OnePlus,4500,8,256,12,6.7,Mid-Range,8,7,8,8,349.1673961093241
Phone_7441,OnePlus,3000,6,64,50,6.1,Budget,9,4,3,2,296.95515144222304
Phone_7442,Oppo,5000,8,1024,108,6.5,Mid-Range,7,7,8,4,616.8792135696125
Phone_7443,Xiaomi,3000,12,64,48,6.7,Mid-Range,6,6,6,6,612.4299701088214
Phone_7444,Xiaomi,4000,12,256,64,6.1,Premium,5,10,8,8,1257.1358852371786
Phone_7445,Samsung,5000,8,256,108,6.8,Mid-Range,7,6,8,8,308.5393002335507
Phone_7446,OnePlus,5000,12,512,64,6.4,Premium,4,10,9,10,1115.1127103402296
Phone_7447,Oppo,3000,6,1024,64,6.1,Mid-Range,5,6,5,4,600.3842540591647
Phone_7448,Samsung,4000,6,256,108,6.1,Mid-Range,7,5,5,8,386.6996067286276
Phone_7449,Xiaomi,5000,16,128,12,6.7,Mid-Range,7,6,5,8,546.1051371551865
Phone_7450,OnePlus,4500,12,64,48,6.4,Mid-Range,8,8,8,8,671.7931470788997
Phone_7451,Oppo,4500,8,128,64,6.4,Mid-Range,5,8,7,4,601.1727234685534
Phone_7452,Apple,6000,16,256,12,6.7,Premium,6,10,7,7,800.3327500273354
Phone_7453,OnePlus,6000,6,256,64,6.5,Mid-Range,7,6,6,5,423.96972181476576
Phone_7454,Oppo,4000,16,128,64,6.1,Mid-Range,8,5,7,7,554.6153690775398
Phone_7455,Samsung,5000,4,128,12,6.7,Budget,7,4,5,3,130.90310782382645
Phone_7456,Apple,4500,12,512,64,6.5,Premium,4,9,10,7,1491.0240386845962
Phone_7457,Oppo,4500,8,64,48,6.7,Mid-Range,8,8,8,4,602.1674847390636
Phone_7458,Oppo,4000,6,128,108,6.8,Budget,9,6,6,3,267.22173761786877
Phone_7459,Xiaomi,5000,16,64,12,6.5,Mid-Range,8,8,8,5,503.1244487573829
Phone_7460,OnePlus,4000,8,1024,50,6.5,Mid-Range,8,5,7,7,519.4686372767924
Phone_7461,Xiaomi,3000,12,256,64,6.4,Premium,5,7,9,7,1158.407040835081
Phone_7462,Apple,4500,8,128,108,6.1,Mid-Range,6,7,7,5,370.61777388521926
Phone_7463,Oppo,4000,12,1024,48,6.7,Premium,4,7,7,9,1053.41161753788
Phone_7464,Xiaomi,4000,12,256,48,6.7,Premium,5,7,10,8,1204.0821069160013
Phone_7465,OnePlus,3000,12,512,50,6.1,Premium,5,10,8,6,1397.1635393593758
Phone_7466,Apple,6000,16,256,48,6.1,Premium,5,8,10,7,1461.8659974578197
Phone_7467,Samsung,4500,12,128,108,6.4,Mid-Range,6,8,5,5,516.697971930892
Phone_7468,Xiaomi,4000,8,1024,50,6.1,Mid-Range,8,7,5,5,399.7708673826065
Phone_7469,Apple,4500,4,1024,12,6.8,Mid-Range,5,5,5,6,678.5952878082874
Phone_7470,Samsung,6000,8,1024,50,6.4,Mid-Range,8,5,6,5,486.8666217601143
Phone_7471,Xiaomi,4000,16,256,12,6.5,Premium,5,7,8,6,1069.4898245667946
Phone_7472,Apple,3000,12,64,48,6.1,Mid-Range,8,5,5,7,312.1449549658805
Phone_7473,Apple,4500,4,64,108,6.5,Budget,8,3,6,4,252.96920357224943
Phone_7474,Xiaomi,3000,16,256,64,6.4,Premium,7,9,10,10,1407.176490477685
Phone_7475,Apple,6000,6,128,50,6.8,Budget,8,3,3,4,278.6020701880772
Phone_7476,Oppo,6000,6,256,48,6.8,Mid-Range,6,6,5,5,368.5487959680973
Phone_7477,Xiaomi,4500,6,64,108,6.1,Budget,7,3,5,3,181.80457817413844
Phone_7478,Apple,6000,4,256,64,6.8,Mid-Range,8,8,6,7,486.62003885218695
Phone_7479,Samsung,5000,8,1024,50,6.7,Mid-Range,6,5,6,5,328.40640870013453
Phone_7480,Samsung,4500,4,128,108,6.4,Budget,7,4,3,5,102.10204108720578
Phone_7481,Oppo,5000,4,128,48,6.8,Budget,9,3,5,4,240.97260396279407
Phone_7482,Xiaomi,6000,4,512,50,6.4,Mid-Range,8,5,8,8,385.8960598107556
Phone_7483,Apple,4500,6,256,50,6.4,Mid-Range,7,7,6,8,346.77396598922354
Phone_7484,Apple,5000,8,1024,12,6.7,Mid-Range,7,5,8,4,333.5044602733714
Phone_7485,Samsung,6000,4,256,12,6.1,Mid-Range,7,8,7,4,695.4912983547434
Phone_7486,Oppo,4000,8,512,50,6.4,Mid-Range,6,7,8,4,334.7451105954807
Phone_7487,Samsung,4000,12,512,108,6.7,Premium,5,10,7,10,1118.1424386770548
Phone_7488,Samsung,3000,4,256,48,6.8,Mid-Range,7,6,5,5,504.42887215695356
Phone_7489,Oppo,4000,4,256,64,6.5,Mid-Range,6,7,5,8,685.8303759276698
Phone_7490,Xiaomi,5000,4,256,12,6.1,Mid-Range,7,7,5,6,656.4396976725188
Phone_7491,Apple,4000,12,64,48,6.5,Mid-Range,5,8,6,6,395.07150757897426
Phone_7492,Xiaomi,4500,12,512,50,6.7,Premium,7,8,7,7,1052.8542471843168
Phone_7493,OnePlus,4500,6,128,48,6.4,Budget,8,3,5,2,190.54236238798774
Phone_7494,OnePlus,4500,16,64,48,6.7,Mid-Range,7,6,6,7,340.36579904993005
Phone_7495,OnePlus,4000,8,1024,48,6.1,Mid-Range,6,5,6,4,648.4421997541872
Phone_7496,Oppo,4000,16,128,50,6.1,Mid-Range,8,8,5,6,581.5099721528838
Phone_7497,Samsung,3000,4,128,12,6.8,Budget,9,5,5,5,299.43468451312174
Phone_7498,Xiaomi,6000,4,128,64,6.7,Budget,10,3,3,4,238.1199095565259
Phone_7499,Apple,3000,6,512,108,6.1,Mid-Range,7,7,7,6,445.7699778804021
Phone_7500,OnePlus,5000,16,1024,12,6.7,Premium,7,10,10,9,1030.489801874982
Phone_7501,Xiaomi,4500,4,64,64,6.8,Budget,9,6,5,5,221.97254040290164
Phone_7502,OnePlus,4000,16,1024,50,6.8,Premium,7,8,9,8,905.8126829037517
Phone_7503,OnePlus,6000,6,64,64,6.7,Budget,10,3,5,5,256.72083131777225
Phone_7504,Apple,6000,16,512,50,6.1,Premium,6,9,7,10,995.6215022717162
Phone_7505,Oppo,4000,8,1024,64,6.4,Mid-Range,6,5,8,4,324.9426218622583
Phone_7506,Samsung,3000,6,128,12,6.4,Budget,8,6,3,3,195.34655683568013
Phone_7507,Oppo,6000,16,1024,50,6.8,Premium,5,7,7,7,1411.5449424944532
Phone_7508,Xiaomi,3000,4,512,48,6.1,Mid-Range,8,8,8,5,456.25783023309737
Phone_7509,Oppo,4000,12,512,50,6.8,Premium,5,10,8,10,1379.3005937226376
Phone_7510,Xiaomi,3000,12,512,50,6.8,Premium,6,8,7,7,1043.8862215658203
Phone_7511,Xiaomi,4500,6,64,64,6.8,Budget,9,3,3,5,147.45268968610938
Phone_7512,Samsung,4000,12,1024,50,6.8,Premium,6,10,9,6,1174.9220752672356
Phone_7513,Apple,4000,8,128,64,6.7,Mid-Range,8,8,8,4,648.0383239944168
Phone_7514,Samsung,6000,6,128,12,6.7,Budget,9,6,4,3,266.1408267645384
Phone_7515,Oppo,6000,4,256,50,6.1,Mid-Range,5,5,5,5,514.314092677176
Phone_7516,Xiaomi,6000,4,512,48,6.1,Mid-Range,6,8,5,4,410.1259561514938
Phone_7517,OnePlus,4500,6,128,48,6.5,Budget,7,6,6,2,274.44309304030105
Phone_7518,OnePlus,4500,12,512,12,6.4,Premium,7,9,8,8,1286.8894467843259
Phone_7519,Xiaomi,5000,12,128,48,6.7,Mid-Range,6,8,6,6,603.0305846929862
Phone_7520,Samsung,4000,4,1024,64,6.1,Mid-Range,6,7,6,4,557.2445751484598
Phone_7521,Apple,6000,8,256,50,6.8,Mid-Range,6,7,8,8,317.37049677424005
Phone_7522,Samsung,4000,12,512,108,6.7,Premium,6,7,10,6,1395.0601389813583
Phone_7523,Xiaomi,3000,8,64,50,6.4,Mid-Range,8,5,7,5,657.189433041178
Phone_7524,Xiaomi,4500,12,64,50,6.7,Mid-Range,5,7,6,7,419.11108282209653
Phone_7525,Apple,5000,6,128,108,6.4,Budget,8,6,5,4,106.49675866549792
Phone_7526,Oppo,3000,16,1024,48,6.5,Premium,5,8,10,6,983.1120328879235
Phone_7527,Oppo,4000,4,512,48,6.1,Mid-Range,6,5,8,4,547.647640020336
Phone_7528,Apple,4500,6,256,50,6.4,Mid-Range,6,7,6,4,416.41437415112966
Phone_7529,Oppo,6000,12,1024,48,6.5,Premium,5,8,9,6,1209.844035777206
Phone_7530,OnePlus,3000,4,128,64,6.7,Budget,7,3,3,4,210.47301000224002
Phone_7531,Oppo,4500,16,1024,64,6.1,Premium,7,10,9,10,1429.9048868063728
Phone_7532,Oppo,4000,16,256,108,6.4,Premium,5,7,10,9,986.039981749162
Phone_7533,Oppo,4000,12,1024,50,6.4,Premium,4,10,9,10,1352.1766461801299
Phone_7534,OnePlus,3000,4,512,64,6.1,Mid-Range,6,6,6,5,648.7269175399267
Phone_7535,Oppo,3000,12,128,12,6.7,Mid-Range,8,8,6,4,397.76281171789
Phone_7536,OnePlus,3000,16,256,48,6.7,Premium,6,9,7,10,1191.5357626772231
Phone_7537,Apple,5000,6,128,50,6.8,Budget,8,6,6,3,206.96657517003547
Phone_7538,Samsung,6000,6,512,64,6.7,Mid-Range,5,6,8,4,471.0222303253678
Phone_7539,Apple,4500,8,256,108,6.1,Mid-Range,8,8,6,6,639.3612886115341
Phone_7540,Samsung,4000,16,256,64,6.5,Premium,5,10,7,10,1285.1633310767138
Phone_7541,Apple,4000,16,128,12,6.1,Mid-Range,7,6,8,8,573.9840275081019
Phone_7542,Samsung,6000,12,1024,64,6.4,Premium,5,7,10,7,1025.4094847141782
Phone_7543,Samsung,3000,8,1024,50,6.8,Mid-Range,8,7,8,5,652.9608064924848
Phone_7544,Xiaomi,3000,8,64,108,6.8,Mid-Range,8,8,6,4,426.93902900717524
Phone_7545,Samsung,4000,4,64,108,6.5,Budget,8,3,3,3,251.80578108330545
Phone_7546,Samsung,6000,12,256,12,6.4,Premium,4,9,8,9,1404.8954054710139
Phone_7547,Xiaomi,4000,6,128,50,6.7,Budget,7,5,5,5,208.15876613960546
Phone_7548,Oppo,3000,4,256,12,6.7,Mid-Range,5,6,6,5,508.8923741676342
Phone_7549,Oppo,4500,8,128,12,6.7,Mid-Range,6,7,5,7,599.0149471474429
Phone_7550,Xiaomi,3000,6,512,12,6.1,Mid-Range,8,5,7,4,348.30263154781795
Phone_7551,OnePlus,4500,16,64,64,6.7,Mid-Range,5,5,8,6,440.89078510437264
Phone_7552,Samsung,5000,12,256,48,6.4,Premium,6,7,9,8,1301.8111707033363
Phone_7553,Samsung,6000,8,512,64,6.8,Mid-Range,7,6,8,6,535.5200167830222
Phone_7554,Xiaomi,5000,16,1024,50,6.1,Premium,7,8,7,10,1094.4093429914392
Phone_7555,Xiaomi,3000,8,64,12,6.7,Mid-Range,5,8,7,5,655.6297341649515
Phone_7556,OnePlus,6000,6,128,12,6.4,Budget,9,6,3,3,243.7130061697991
Phone_7557,Oppo,3000,4,1024,48,6.5,Mid-Range,7,7,5,8,585.5366615527092
Phone_7558,Apple,6000,6,1024,108,6.4,Mid-Range,8,8,6,4,413.6024593422957
Phone_7559,Oppo,6000,12,512,12,6.8,Premium,7,9,8,7,919.5494785114145
Phone_7560,Samsung,3000,12,256,64,6.4,Premium,7,7,7,8,1206.3677356494277
Phone_7561,Xiaomi,3000,8,256,12,6.4,Mid-Range,8,5,5,4,360.24408800810284
Phone_7562,OnePlus,6000,6,512,50,6.1,Mid-Range,8,7,5,5,438.63584560009167
Phone_7563,Oppo,6000,4,1024,48,6.8,Mid-Range,8,8,8,8,690.432949693933
Phone_7564,OnePlus,3000,12,64,108,6.7,Mid-Range,7,7,6,5,354.51882178550204
Phone_7565,Oppo,3000,4,1024,50,6.8,Mid-Range,7,7,7,7,333.33311389001767
Phone_7566,Samsung,4000,16,512,64,6.5,Premium,6,8,9,9,1199.3428795574155
Phone_7567,Apple,4000,8,1024,50,6.8,Mid-Range,7,6,7,8,472.2540980914366
Phone_7568,OnePlus,4000,4,1024,12,6.1,Mid-Range,8,7,6,4,569.9166345800479
Phone_7569,OnePlus,5000,8,1024,48,6.7,Mid-Range,7,5,7,8,422.2937690733962
Phone_7570,Apple,6000,16,1024,12,6.8,Premium,7,7,7,8,1334.280869390066
Phone_7571,OnePlus,4500,4,64,48,6.7,Budget,10,3,5,3,180.43562001554582
Phone_7572,OnePlus,5000,4,128,64,6.1,Budget,9,5,4,2,142.69778131824253
Phone_7573,Oppo,6000,16,128,50,6.4,Mid-Range,7,7,7,4,398.78871954943463
Phone_7574,Oppo,4500,6,256,48,6.5,Mid-Range,8,5,6,6,388.4881628738052
Phone_7575,Apple,4000,4,128,50,6.8,Budget,10,4,3,2,299.9685306638054
Phone_7576,Samsung,4500,4,128,48,6.7,Budget,8,3,5,2,277.70099508642323
Phone_7577,OnePlus,3000,12,128,12,6.8,Mid-Range,5,6,5,8,418.60088686703403
Phone_7578,Samsung,3000,6,1024,48,6.1,Mid-Range,6,7,6,7,438.02242014462337
Phone_7579,Apple,6000,4,1024,48,6.4,Mid-Range,6,6,6,4,683.119263028185
Phone_7580,Apple,5000,16,64,108,6.1,Mid-Range,7,7,7,5,373.5479276884189
Phone_7581,Oppo,4000,8,1024,64,6.7,Mid-Range,7,7,7,6,654.7016593666197
Phone_7582,OnePlus,6000,16,1024,12,6.8,Premium,7,10,8,10,740.6756284352227
Phone_7583,Xiaomi,4000,6,128,12,6.7,Budget,10,3,4,2,207.59677393697098
Phone_7584,Apple,3000,12,64,50,6.1,Mid-Range,7,5,8,4,549.6370039835383
Phone_7585,OnePlus,5000,12,64,48,6.8,Mid-Range,7,7,7,7,469.17596313790966
Phone_7586,Samsung,5000,12,128,48,6.7,Mid-Range,6,5,6,5,475.5402699344303
Phone_7587,Oppo,3000,16,128,48,6.8,Mid-Range,7,5,6,7,618.4325714243175
Phone_7588,Samsung,4500,8,64,12,6.5,Mid-Range,8,8,7,5,624.3451718947233
Phone_7589,Apple,5000,8,512,108,6.1,Mid-Range,5,7,6,8,528.4630661581687
Phone_7590,Apple,4500,4,128,50,6.1,Budget,10,6,3,3,257.14740427267384
Phone_7591,Samsung,4000,8,128,48,6.5,Mid-Range,5,7,8,6,624.021702893552
Phone_7592,Apple,5000,8,64,108,6.4,Mid-Range,7,8,8,5,432.8444206001609
Phone_7593,OnePlus,3000,4,512,64,6.7,Mid-Range,5,5,8,8,549.3434750750902
Phone_7594,Apple,4500,16,512,12,6.4,Premium,6,8,10,7,702.4408658625917
Phone_7595,Oppo,4000,16,256,64,6.8,Premium,4,8,8,6,1299.5819355009971
Phone_7596,OnePlus,4000,6,512,12,6.7,Mid-Range,6,8,7,5,559.386260671497
Phone_7597,Xiaomi,5000,16,128,50,6.7,Mid-Range,8,7,8,7,534.9936131933142
Phone_7598,Apple,5000,12,1024,64,6.7,Premium,6,7,10,10,922.4705132760915
Phone_7599,Apple,6000,12,64,50,6.5,Mid-Range,5,6,5,6,328.325144116353
Phone_7600,Oppo,6000,6,128,50,6.1,Budget,7,5,6,4,242.91536774994805
Phone_7601,Oppo,5000,8,64,50,6.5,Mid-Range,6,7,6,5,633.3661732874239
Phone_7602,Samsung,6000,6,512,64,6.5,Mid-Range,5,8,6,6,325.47072241611767
Phone_7603,Samsung,3000,4,64,64,6.5,Budget,9,5,5,4,232.78572371550538
Phone_7604,Samsung,3000,6,128,64,6.4,Budget,7,3,4,5,258.59851614221446
Phone_7605,Oppo,6000,6,1024,48,6.5,Mid-Range,7,8,7,5,401.4212303073323
Phone_7606,Samsung,5000,12,128,50,6.1,Mid-Range,5,6,8,6,607.9695593642922
Phone_7607,Samsung,3000,4,256,48,6.7,Mid-Range,5,8,6,4,640.2417989001126
Phone_7608,Xiaomi,4000,4,64,12,6.4,Budget,9,4,5,3,282.6598228911505
Phone_7609,Samsung,5000,6,128,64,6.5,Budget,10,5,3,2,236.70094635463443
Phone_7610,Apple,4500,4,512,108,6.5,Mid-Range,5,7,8,4,642.7492769162361
Phone_7611,Oppo,4500,4,512,12,6.7,Mid-Range,8,6,7,7,388.60762415367304
Phone_7612,OnePlus,5000,16,128,50,6.7,Mid-Range,8,5,7,7,558.0070276274653
Phone_7613,Xiaomi,6000,4,256,50,6.4,Mid-Range,7,8,6,6,611.3313867022024
Phone_7614,Oppo,3000,8,64,48,6.1,Mid-Range,6,5,8,8,524.4217032929686
Phone_7615,Oppo,3000,4,256,64,6.4,Mid-Range,7,5,7,4,622.3114005314669
Phone_7616,Apple,5000,12,1024,64,6.7,Premium,7,10,7,7,905.1518744710274
Phone_7617,Samsung,4000,16,128,12,6.1,Mid-Range,6,6,5,8,413.7827967055678
Phone_7618,Apple,6000,12,256,12,6.5,Premium,4,7,8,6,1336.8391413622994
Phone_7619,Samsung,4000,12,1024,12,6.5,Premium,7,10,10,10,998.4397684274697
Phone_7620,Samsung,5000,8,256,108,6.8,Mid-Range,6,5,7,5,549.9802187560346
Phone_7621,Oppo,5000,16,1024,108,6.7,Premium,5,10,10,9,1112.8616074825554
Phone_7622,Samsung,4000,6,512,50,6.8,Mid-Range,5,7,8,4,350.29419316476657
Phone_7623,Xiaomi,4500,4,512,50,6.4,Mid-Range,7,5,6,5,625.8613405974673
Phone_7624,Xiaomi,5000,8,128,50,6.4,Mid-Range,7,8,7,4,472.5083188481637
Phone_7625,Xiaomi,6000,8,256,64,6.1,Mid-Range,6,8,5,4,386.110910908689
Phone_7626,Oppo,4000,6,512,50,6.7,Mid-Range,6,8,7,5,337.0703224908583
Phone_7627,Apple,4500,8,64,48,6.1,Mid-Range,6,8,7,5,405.161511747835
Phone_7628,OnePlus,4000,6,512,12,6.1,Mid-Range,7,6,7,8,418.07858894161296
Phone_7629,Samsung,4500,6,512,64,6.4,Mid-Range,6,5,6,8,693.185662134609
Phone_7630,OnePlus,4500,6,256,108,6.4,Mid-Range,5,5,5,4,633.8020130065001
Phone_7631,Apple,6000,8,1024,12,6.7,Mid-Range,6,8,5,7,331.3828242148632
Phone_7632,Apple,5000,6,64,50,6.4,Budget,7,4,5,5,139.97598109707792
Phone_7633,Oppo,4500,8,64,108,6.7,Mid-Range,8,6,7,8,525.5720820098506
Phone_7634,Xiaomi,5000,16,1024,108,6.8,Premium,7,9,10,10,927.8056208671226
Phone_7635,Xiaomi,6000,6,256,108,6.5,Mid-Range,7,5,7,4,598.6308619944
Phone_7636,Apple,5000,8,512,12,6.8,Mid-Range,7,7,5,7,312.0714740099303
Phone_7637,Oppo,3000,8,1024,64,6.4,Mid-Range,6,8,6,4,592.612277980606
Phone_7638,Oppo,4500,8,64,12,6.5,Mid-Range,8,5,6,8,658.1151878746127
Phone_7639,Samsung,6000,4,64,48,6.5,Budget,10,3,3,2,289.47689591788765
Phone_7640,Xiaomi,4000,4,512,50,6.1,Mid-Range,6,8,8,8,608.9362679601453
Phone_7641,Apple,6000,6,512,64,6.5,Mid-Range,6,6,6,6,673.8923034367283
Phone_7642,OnePlus,4500,16,128,64,6.7,Mid-Range,8,5,5,4,582.9310309852627
Phone_7643,Xiaomi,6000,6,1024,50,6.4,Mid-Range,5,8,6,8,574.69122300203
Phone_7644,Samsung,4000,12,512,48,6.4,Premium,6,10,9,9,773.4452512637248
Phone_7645,Oppo,3000,12,128,108,6.1,Mid-Range,7,8,8,6,369.67518492089476
Phone_7646,Apple,4500,16,256,50,6.1,Premium,5,9,8,7,874.3886655450318
Phone_7647,Xiaomi,4500,16,64,108,6.4,Mid-Range,7,5,6,8,699.0010938589373
Phone_7648,OnePlus,6000,16,1024,50,6.1,Premium,7,10,10,7,1266.3293110040013
Phone_7649,Samsung,5000,4,256,12,6.5,Mid-Range,6,8,7,4,531.9318634599206
Phone_7650,Samsung,5000,4,1024,48,6.5,Mid-Range,8,6,5,8,373.3677088474342
Phone_7651,Xiaomi,4000,12,1024,48,6.7,Premium,4,8,10,6,1231.9195502530322
Phone_7652,OnePlus,3000,16,512,50,6.1,Premium,4,9,9,6,1059.6959285202884
Phone_7653,Samsung,3000,8,128,48,6.4,Mid-Range,7,8,7,6,495.6153251834137
Phone_7654,Apple,6000,12,1024,108,6.8,Premium,5,8,7,9,1112.6314979045007
Phone_7655,Samsung,6000,16,256,48,6.4,Premium,5,10,7,7,1194.900457224496
Phone_7656,OnePlus,5000,8,1024,48,6.8,Mid-Range,8,8,5,8,448.4739225569798
Phone_7657,Oppo,3000,16,128,48,6.8,Mid-Range,5,7,7,7,506.3140815545478
Phone_7658,Oppo,3000,6,64,64,6.7,Budget,7,5,4,3,138.90974818817455
Phone_7659,Xiaomi,3000,8,1024,50,6.8,Mid-Range,8,6,8,6,683.9420060786551
Phone_7660,OnePlus,4000,6,256,12,6.5,Mid-Range,8,8,6,8,348.270355462526
Phone_7661,Samsung,4000,4,64,12,6.5,Budget,8,4,6,2,116.8825194754728
Phone_7662,Samsung,6000,12,64,64,6.7,Mid-Range,5,8,7,7,376.4142965991586
Phone_7663,Oppo,5000,16,512,64,6.4,Premium,7,10,7,9,1072.6455195136268
Phone_7664,Oppo,4500,12,512,12,6.4,Premium,4,10,9,7,947.9801396714868
Phone_7665,Apple,5000,16,1024,108,6.4,Premium,4,9,7,9,883.5268017781157
Phone_7666,Oppo,4000,6,256,12,6.4,Mid-Range,5,6,5,8,314.2480557642786
Phone_7667,Apple,4000,8,512,12,6.5,Mid-Range,6,8,6,6,457.7546952234177
Phone_7668,Samsung,6000,8,128,50,6.5,Mid-Range,6,7,7,5,497.3573588824899
Phone_7669,Apple,4500,16,128,12,6.7,Mid-Range,6,6,5,6,303.7714449203286
Phone_7670,Apple,3000,6,64,12,6.7,Budget,9,5,4,5,104.20245841711957
Phone_7671,Xiaomi,4500,16,64,48,6.7,Mid-Range,8,7,7,8,635.5581504116985
Phone_7672,Oppo,4500,16,64,64,6.4,Mid-Range,6,6,7,8,309.91200318716534
Phone_7673,Apple,4500,16,128,12,6.4,Mid-Range,7,5,7,6,497.01424174722854
Phone_7674,Samsung,6000,8,512,12,6.5,Mid-Range,6,5,8,4,313.4925451908756
Phone_7675,OnePlus,4000,16,512,108,6.5,Premium,4,8,10,9,1438.1340753820841
Phone_7676,Apple,3000,8,1024,12,6.1,Mid-Range,6,7,5,8,364.3262701673508
Phone_7677,Oppo,4500,4,256,50,6.1,Mid-Range,7,8,7,7,323.40989874925805
Phone_7678,Xiaomi,3000,6,128,108,6.4,Budget,9,5,6,2,299.05258671421467
Phone_7679,Samsung,4500,4,64,12,6.5,Budget,9,6,3,2,172.93458214495436
Phone_7680,Xiaomi,4000,16,256,50,6.4,Premium,4,10,10,8,1408.2263448828135
Phone_7681,OnePlus,3000,8,64,64,6.8,Mid-Range,7,7,7,7,559.1675824386439
Phone_7682,Apple,5000,6,256,12,6.1,Mid-Range,8,6,7,7,582.2398398631215
Phone_7683,Apple,4000,12,256,64,6.7,Premium,5,9,8,8,1229.8903181731253
Phone_7684,Oppo,3000,6,512,12,6.4,Mid-Range,7,5,8,5,432.85144355580735
Phone_7685,Apple,4500,6,1024,108,6.8,Mid-Range,7,8,6,4,469.79437881207025
Phone_7686,Samsung,4500,16,1024,108,6.7,Premium,7,8,9,10,1383.940616401393
Phone_7687,OnePlus,4000,4,64,50,6.8,Budget,10,5,3,2,244.7375770105358
Phone_7688,Xiaomi,4000,4,128,48,6.5,Budget,8,5,5,5,194.94275958464596
Phone_7689,OnePlus,4500,12,1024,50,6.5,Premium,7,10,10,10,923.9181268206637
Phone_7690,Apple,3000,16,128,12,6.5,Mid-Range,8,7,5,8,330.46293390457026
Phone_7691,Xiaomi,5000,6,64,64,6.7,Budget,9,6,3,4,169.27166757606335
Phone_7692,Oppo,6000,4,128,64,6.7,Budget,10,6,4,3,150.15656995031924
Phone_7693,OnePlus,4000,4,256,12,6.5,Mid-Range,5,6,6,4,572.0414177138274
Phone_7694,Xiaomi,4500,8,256,48,6.7,Mid-Range,8,7,5,8,541.5651104439962
Phone_7695,Xiaomi,3000,6,64,48,6.5,Budget,9,4,3,5,298.3949799760665
Phone_7696,Xiaomi,4000,16,128,48,6.4,Mid-Range,5,7,8,8,470.7089618991922
Phone_7697,Samsung,3000,4,128,12,6.5,Budget,10,5,3,2,204.9199790756459
Phone_7698,OnePlus,4000,16,64,108,6.1,Mid-Range,7,8,8,8,373.1310593136509
Phone_7699,Xiaomi,4500,6,1024,108,6.4,Mid-Range,8,7,8,4,656.9020421711426
Phone_7700,OnePlus,3000,6,512,12,6.5,Mid-Range,8,7,6,5,329.95767728620217
Phone_7701,Xiaomi,4500,4,1024,108,6.1,Mid-Range,6,6,5,8,537.6479483338169
Phone_7702,Oppo,3000,12,512,48,6.5,Premium,5,10,8,7,1353.6904078185594
Phone_7703,Oppo,4000,16,128,108,6.4,Mid-Range,7,5,6,8,385.7111138084948
Phone_7704,Oppo,6000,16,512,12,6.5,Premium,5,8,10,10,918.5344106527667
Phone_7705,Apple,6000,8,512,108,6.7,Mid-Range,5,7,8,8,691.7124745003679
Phone_7706,Xiaomi,5000,6,128,108,6.5,Budget,8,3,3,3,255.87180959309458
Phone_7707,Apple,5000,6,256,108,6.4,Mid-Range,8,5,7,4,359.1005951086664
Phone_7708,OnePlus,4500,4,512,108,6.8,Mid-Range,5,6,8,6,446.06717269574284
Phone_7709,Apple,3000,4,64,12,6.5,Budget,10,3,5,3,209.7544978186806
Phone_7710,OnePlus,5000,4,1024,50,6.7,Mid-Range,5,7,6,7,680.3197156291862
Phone_7711,OnePlus,4000,8,128,108,6.4,Mid-Range,6,6,5,7,396.715250001328
Phone_7712,OnePlus,6000,12,128,50,6.1,Mid-Range,6,8,6,8,588.3912458978907
Phone_7713,Apple,3000,4,512,12,6.8,Mid-Range,8,5,6,8,562.5554547402724
Phone_7714,Xiaomi,6000,4,256,64,6.5,Mid-Range,7,5,6,4,506.99791471051344
Phone_7715,Apple,3000,4,256,50,6.4,Mid-Range,5,6,6,8,406.424266820124
Phone_7716,Xiaomi,5000,8,1024,12,6.7,Mid-Range,8,7,7,5,362.65471295527334
Phone_7717,Xiaomi,5000,16,1024,64,6.7,Premium,7,9,7,6,1351.782754119743
Phone_7718,OnePlus,4500,12,256,108,6.4,Premium,7,10,9,9,969.8549501165697
Phone_7719,Apple,3000,16,256,12,6.7,Premium,6,9,8,7,1218.2177426905982
Phone_7720,Xiaomi,4000,6,256,48,6.8,Mid-Range,8,6,6,5,699.4322488417432
Phone_7721,Oppo,5000,6,512,64,6.1,Mid-Range,6,6,7,7,478.3264678598948
Phone_7722,Xiaomi,4500,4,64,48,6.7,Budget,8,3,3,2,134.45223559002892
Phone_7723,Oppo,5000,16,1024,108,6.7,Premium,7,10,9,8,1052.4150040894147
Phone_7724,Apple,6000,8,128,108,6.1,Mid-Range,7,6,7,5,378.3136208341443
Phone_7725,Apple,5000,12,256,50,6.8,Premium,5,8,7,6,1396.62321152509
Phone_7726,Apple,3000,16,256,108,6.8,Premium,6,9,7,6,927.4041825521582
Phone_7727,Xiaomi,4500,16,64,50,6.8,Mid-Range,5,5,7,7,687.6668233442396
Phone_7728,Samsung,3000,12,256,64,6.7,Premium,6,10,7,6,969.8834775905447
Phone_7729,Xiaomi,4000,16,1024,48,6.7,Premium,6,7,10,10,1496.3710027826787
Phone_7730,Xiaomi,4000,16,256,64,6.8,Premium,7,9,10,6,977.3191198058109
Phone_7731,OnePlus,5000,12,64,48,6.7,Mid-Range,5,8,6,4,340.04572507919966
Phone_7732,OnePlus,4500,8,512,12,6.5,Mid-Range,5,6,8,8,615.9922151569319
Phone_7733,Xiaomi,4500,12,1024,64,6.7,Premium,4,8,9,9,825.9038765662311
Phone_7734,Oppo,4500,4,512,12,6.8,Mid-Range,5,7,5,4,666.6240158501678
Phone_7735,OnePlus,4500,4,128,48,6.4,Budget,9,4,6,3,103.37291947950729
Phone_7736,Xiaomi,5000,4,64,50,6.8,Budget,7,4,3,2,293.0640430485189
Phone_7737,Samsung,3000,4,128,64,6.4,Budget,9,5,4,4,236.6010386167026
Phone_7738,Oppo,5000,6,128,64,6.7,Budget,7,4,5,3,122.8332915397965
Phone_7739,Apple,3000,8,128,50,6.7,Mid-Range,8,6,8,4,628.4203409373267
Phone_7740,Xiaomi,6000,6,128,50,6.4,Budget,8,3,3,3,249.7604167301111
Phone_7741,Xiaomi,6000,16,64,108,6.8,Mid-Range,7,7,6,7,662.8243711397951
Phone_7742,Oppo,3000,16,512,108,6.1,Premium,4,10,7,7,1346.60141625021
Phone_7743,OnePlus,5000,12,256,48,6.1,Premium,5,9,7,10,799.9603803790563
Phone_7744,OnePlus,4000,4,128,64,6.8,Budget,10,4,3,3,261.4622193879708
Phone_7745,OnePlus,5000,12,256,50,6.7,Premium,4,10,9,6,1051.2110018592766
Phone_7746,Apple,4000,16,256,50,6.4,Premium,5,10,8,10,1403.3669572562244
Phone_7747,Oppo,5000,4,128,12,6.4,Budget,9,6,5,4,227.62666953592307
Phone_7748,Oppo,4500,8,1024,108,6.8,Mid-Range,6,6,8,6,513.8445593760913
Phone_7749,OnePlus,4500,16,256,12,6.8,Premium,4,7,7,6,781.6426786404327
Phone_7750,OnePlus,6000,12,1024,50,6.5,Premium,5,9,9,9,838.8663557980858
Phone_7751,Samsung,6000,12,512,64,6.4,Premium,4,9,8,9,826.3656952669451
Phone_7752,Samsung,3000,16,256,64,6.5,Premium,4,10,9,7,1190.3867941285444
Phone_7753,Xiaomi,4000,6,64,12,6.7,Budget,9,6,4,4,154.9962463682761
Phone_7754,Xiaomi,4500,8,512,108,6.4,Mid-Range,7,6,7,8,491.5657118114849
Phone_7755,Oppo,5000,16,512,48,6.8,Premium,6,10,9,7,1088.6737776543898
Phone_7756,Oppo,3000,16,1024,64,6.8,Premium,4,9,9,9,1370.3687395166771
Phone_7757,Apple,5000,12,128,48,6.7,Mid-Range,7,8,7,5,587.7134272279029
Phone_7758,Apple,4500,4,64,108,6.1,Budget,7,4,3,2,216.79080320409392
Phone_7759,Samsung,4500,4,64,12,6.5,Budget,7,6,5,3,155.79337675848691
Phone_7760,Xiaomi,4500,4,1024,108,6.8,Mid-Range,5,6,5,7,433.76455145879333
Phone_7761,Samsung,4500,12,1024,50,6.4,Premium,4,7,9,7,1187.0696215716357
Phone_7762,Samsung,5000,4,512,108,6.4,Mid-Range,7,8,6,8,688.2522692900773
Phone_7763,Xiaomi,3000,16,1024,12,6.4,Premium,7,8,8,6,974.037982138329
Phone_7764,Apple,4500,6,128,12,6.7,Budget,8,6,6,5,231.72878825338813
Phone_7765,Xiaomi,6000,6,512,108,6.1,Mid-Range,6,6,8,8,665.6405572686676
Phone_7766,OnePlus,3000,6,512,12,6.5,Mid-Range,6,8,6,8,376.24425386973076
Phone_7767,OnePlus,6000,4,512,50,6.4,Mid-Range,7,6,6,8,511.50237161857194
Phone_7768,OnePlus,5000,6,64,48,6.4,Budget,8,6,3,4,226.95833289675124
Phone_7769,Oppo,4500,4,64,108,6.8,Budget,7,6,4,2,229.3467364172185
Phone_7770,Apple,3000,16,512,12,6.1,Premium,7,10,10,6,1044.4954998598248
Phone_7771,Apple,4500,16,128,48,6.8,Mid-Range,5,5,7,4,380.97488487589237
Phone_7772,Oppo,4500,12,256,50,6.7,Premium,4,8,8,6,1470.8107796924055
Phone_7773,Samsung,3000,12,512,108,6.7,Premium,4,9,8,6,1241.8395691497471
Phone_7774,OnePlus,4500,8,1024,12,6.5,Mid-Range,7,8,7,5,574.8883620099664
Phone_7775,OnePlus,4500,16,256,48,6.7,Premium,5,8,8,6,1308.1143727655003
Phone_7776,Samsung,4000,4,64,50,6.5,Budget,8,3,6,3,141.01420223089076
Phone_7777,Xiaomi,4000,8,64,64,6.8,Mid-Range,8,8,5,6,415.6381009997093
Phone_7778,Xiaomi,3000,16,256,12,6.4,Premium,5,8,9,10,1196.361291868389
Phone_7779,Apple,3000,4,1024,50,6.4,Mid-Range,7,6,6,8,698.8448298132255
Phone_7780,Oppo,4500,16,64,48,6.1,Mid-Range,6,5,8,8,363.06070166390674
Phone_7781,Apple,6000,16,64,108,6.7,Mid-Range,5,6,5,7,692.5440170822976
Phone_7782,Xiaomi,3000,4,512,48,6.1,Mid-Range,5,8,7,4,670.6040003140561
Phone_7783,Samsung,4500,16,128,108,6.1,Mid-Range,7,8,5,6,585.8702975648797
Phone_7784,Apple,6000,16,1024,50,6.4,Premium,6,9,10,9,922.0592512981716
Phone_7785,OnePlus,4000,16,512,50,6.7,Premium,6,10,9,6,1284.7089744902264
Phone_7786,OnePlus,3000,12,128,48,6.4,Mid-Range,6,8,5,7,554.1143531562343
Phone_7787,Samsung,4500,6,64,48,6.1,Budget,7,6,6,5,245.48311006290666
Phone_7788,Xiaomi,4000,16,128,108,6.7,Mid-Range,7,8,5,5,593.150253860088
Phone_7789,OnePlus,5000,4,64,12,6.4,Budget,7,3,4,5,144.10328364013185
Phone_7790,OnePlus,4000,16,512,48,6.5,Premium,5,8,9,8,899.7304471140417
Phone_7791,Oppo,4500,12,64,12,6.5,Mid-Range,5,5,7,5,520.0791957804762
Phone_7792,Apple,6000,12,128,12,6.8,Mid-Range,8,7,8,4,561.1529662725867
Phone_7793,Xiaomi,5000,16,512,12,6.8,Premium,6,8,7,10,812.3899852845059
Phone_7794,Apple,5000,8,128,50,6.7,Mid-Range,6,7,7,4,579.2923390942176
Phone_7795,Xiaomi,5000,6,128,50,6.8,Budget,8,6,5,5,270.9516462185884
Phone_7796,OnePlus,3000,4,256,12,6.7,Mid-Range,7,7,6,5,307.61238723235215
Phone_7797,Oppo,4500,4,64,12,6.1,Budget,7,6,6,3,291.27523657919414
Phone_7798,Apple,5000,4,64,50,6.5,Budget,8,6,6,4,102.63236486731735
Phone_7799,OnePlus,4000,4,128,108,6.7,Budget,9,4,6,4,105.70514856723317
Phone_7800,Xiaomi,6000,12,64,64,6.1,Mid-Range,7,8,8,8,413.5012793492762
Phone_7801,Apple,4500,6,1024,48,6.5,Mid-Range,5,8,6,8,302.92389701056277
Phone_7802,Apple,4000,16,64,12,6.4,Mid-Range,7,7,6,4,332.1112702723956
Phone_7803,OnePlus,3000,16,512,50,6.1,Premium,6,9,10,6,1250.88489016619
Phone_7804,Apple,5000,8,64,12,6.4,Mid-Range,8,7,7,8,675.9047128608004
Phone_7805,Oppo,4000,16,1024,12,6.8,Premium,4,8,7,7,1266.0145369200973
Phone_7806,Oppo,4500,6,128,12,6.7,Budget,10,3,6,5,275.4020738654416
Phone_7807,OnePlus,4000,16,64,12,6.5,Mid-Range,6,7,6,5,632.2320389402155
Phone_7808,Xiaomi,3000,12,512,108,6.8,Premium,7,9,7,10,1439.1581483054233
Phone_7809,OnePlus,6000,16,1024,48,6.1,Premium,7,8,7,7,807.8597885183466
Phone_7810,Oppo,5000,4,256,48,6.8,Mid-Range,7,5,5,8,502.38768118762255
Phone_7811,Samsung,4500,4,128,50,6.4,Budget,10,5,4,3,223.51504604886765
Phone_7812,Samsung,5000,4,128,108,6.4,Budget,9,4,6,3,187.1360992270724
Phone_7813,Apple,5000,4,128,108,6.7,Budget,10,6,5,5,198.2706397236122
Phone_7814,Apple,5000,12,1024,48,6.8,Premium,4,10,8,8,1459.8598793165258
Phone_7815,Samsung,4000,12,64,50,6.5,Mid-Range,6,5,8,4,505.5098134617176
Phone_7816,Oppo,4000,12,64,108,6.4,Mid-Range,8,5,5,4,346.82757321205065
Phone_7817,Apple,6000,16,64,50,6.1,Mid-Range,5,5,5,6,484.6369084923184
Phone_7818,OnePlus,3000,4,64,48,6.8,Budget,9,3,4,2,195.8077903324853
Phone_7819,OnePlus,4500,8,128,12,6.5,Mid-Range,5,5,6,5,418.33517171924615
Phone_7820,Oppo,4000,8,256,108,6.5,Mid-Range,6,5,8,4,664.789347819634
Phone_7821,Apple,5000,4,128,50,6.5,Budget,10,5,3,4,160.4466638868536
Phone_7822,OnePlus,3000,6,256,12,6.5,Mid-Range,7,6,5,5,527.1579728019419
Phone_7823,Apple,4500,16,256,48,6.4,Premium,6,9,7,8,822.3643791069624
Phone_7824,Apple,4500,8,64,64,6.7,Mid-Range,5,5,6,5,533.305764284237
Phone_7825,OnePlus,4500,12,512,108,6.8,Premium,6,9,10,7,1213.85671357283
Phone_7826,Samsung,4500,6,1024,108,6.4,Mid-Range,5,6,8,6,589.6274686927629
Phone_7827,OnePlus,6000,12,512,50,6.7,Premium,5,8,10,6,1187.0616850151082
Phone_7828,Oppo,4500,6,256,48,6.5,Mid-Range,7,7,7,6,542.3054093524235
Phone_7829,Xiaomi,3000,6,512,48,6.1,Mid-Range,7,5,7,5,521.7748671923355
Phone_7830,OnePlus,4000,16,256,108,6.5,Premium,5,9,8,6,1103.765302115058
Phone_7831,Apple,3000,12,128,108,6.7,Mid-Range,6,5,5,5,346.36455269070876
Phone_7832,Apple,5000,12,128,50,6.7,Mid-Range,6,7,7,5,495.9541833652611
Phone_7833,OnePlus,6000,8,64,50,6.1,Mid-Range,5,8,5,6,520.2489410798743
Phone_7834,Xiaomi,6000,4,1024,64,6.4,Mid-Range,5,8,6,4,671.0630875137979
Phone_7835,OnePlus,5000,4,128,12,6.1,Budget,10,4,3,4,205.77235355054827
Phone_7836,Xiaomi,3000,8,1024,50,6.5,Mid-Range,6,8,6,8,555.9459662293859
Phone_7837,Xiaomi,3000,6,64,12,6.8,Budget,10,4,4,5,172.86044359412688
Phone_7838,Oppo,5000,8,1024,108,6.4,Mid-Range,5,7,8,5,378.0981070985034
Phone_7839,Apple,4500,8,128,64,6.8,Mid-Range,7,5,8,4,373.7637045300229
Phone_7840,Apple,4500,12,128,64,6.8,Mid-Range,7,5,7,5,595.7592513111136
Phone_7841,Xiaomi,4000,8,512,64,6.4,Mid-Range,7,8,7,6,509.2255754273329
Phone_7842,Apple,3000,6,512,48,6.5,Mid-Range,6,5,6,5,658.4131742419129
Phone_7843,Samsung,3000,4,512,108,6.7,Mid-Range,8,5,6,6,663.2620932214279
Phone_7844,Xiaomi,5000,16,1024,48,6.5,Premium,5,8,9,9,1009.5490560173198
Phone_7845,Apple,5000,8,128,48,6.7,Mid-Range,7,5,6,4,340.6107539490342
Phone_7846,Samsung,4500,8,64,64,6.7,Mid-Range,7,8,8,6,437.6322290192819
Phone_7847,Oppo,3000,12,256,48,6.4,Premium,7,7,10,10,876.48942862889
Phone_7848,Apple,3000,12,128,108,6.4,Mid-Range,8,6,8,8,612.5019017226349
Phone_7849,Samsung,6000,8,512,108,6.1,Mid-Range,6,7,7,7,358.472651753827
Phone_7850,OnePlus,4000,8,512,48,6.8,Mid-Range,6,8,8,8,646.543798325197
Phone_7851,OnePlus,4000,6,1024,108,6.8,Mid-Range,6,7,6,4,466.1308814125772
Phone_7852,Samsung,4500,4,512,12,6.8,Mid-Range,6,8,6,6,411.44151388796104
Phone_7853,Xiaomi,3000,4,1024,48,6.8,Mid-Range,8,8,8,5,500.6075036976629
Phone_7854,Xiaomi,6000,16,64,64,6.1,Mid-Range,5,7,6,6,542.1880302237591
Phone_7855,Apple,3000,4,512,64,6.7,Mid-Range,8,6,5,6,580.6173679007461
Phone_7856,OnePlus,5000,16,1024,108,6.1,Premium,7,8,10,7,1330.8754711851125
Phone_7857,Xiaomi,4500,12,512,108,6.4,Premium,7,10,8,7,747.3603608389445
Phone_7858,Xiaomi,4000,16,1024,64,6.5,Premium,5,10,8,9,832.146972150521
Phone_7859,OnePlus,3000,16,128,12,6.7,Mid-Range,7,5,5,5,633.7873013496701
Phone_7860,Oppo,4500,4,1024,64,6.7,Mid-Range,7,5,8,4,313.94706809216535
Phone_7861,Xiaomi,4000,8,256,48,6.1,Mid-Range,7,8,8,4,611.1852522898307
Phone_7862,Samsung,3000,12,64,64,6.4,Mid-Range,8,7,7,8,520.5352588922896
Phone_7863,Apple,6000,6,128,50,6.4,Budget,7,6,4,3,114.30982537544014
Phone_7864,Xiaomi,4500,16,64,12,6.7,Mid-Range,5,6,6,6,449.15150939050045
Phone_7865,Xiaomi,3000,16,128,12,6.1,Mid-Range,6,7,6,4,517.9362420112359
Phone_7866,Oppo,4000,16,512,64,6.8,Premium,6,8,10,10,1028.344500237215
Phone_7867,Samsung,4000,8,1024,50,6.7,Mid-Range,7,6,5,7,454.41470811895806
Phone_7868,Apple,6000,6,512,48,6.8,Mid-Range,7,6,6,6,342.3064148256499
Phone_7869,Xiaomi,4500,4,64,64,6.5,Budget,7,5,3,5,166.30087373483894
Phone_7870,Apple,4500,12,64,48,6.4,Mid-Range,8,5,7,4,502.06560176814673
Phone_7871,OnePlus,3000,8,128,50,6.7,Mid-Range,8,6,7,8,469.97653578840925
Phone_7872,Xiaomi,4000,6,64,64,6.5,Budget,10,4,3,4,183.77094503994812
Phone_7873,Xiaomi,4000,12,1024,64,6.8,Premium,5,7,10,8,838.018690084493
Phone_7874,OnePlus,6000,4,64,48,6.7,Budget,7,6,5,3,157.26606836870823
Phone_7875,Oppo,6000,12,512,64,6.5,Premium,6,8,7,9,1451.0302343127446
Phone_7876,Xiaomi,4500,16,1024,50,6.7,Premium,4,8,7,7,870.8960148171595
Phone_7877,Apple,4000,16,64,64,6.5,Mid-Range,5,8,5,7,404.9528376843166
Phone_7878,Samsung,3000,8,256,108,6.5,Mid-Range,7,7,8,6,659.2885837205422
Phone_7879,Apple,5000,12,256,50,6.8,Premium,4,8,9,8,1228.2115019757657
Phone_7880,Oppo,3000,16,512,12,6.4,Premium,6,7,8,8,895.6150933208891
Phone_7881,Samsung,6000,8,128,48,6.1,Mid-Range,7,7,5,8,367.647283925174
Phone_7882,Apple,3000,8,128,50,6.5,Mid-Range,8,7,5,7,630.0546704061721
Phone_7883,Apple,4000,8,64,12,6.4,Mid-Range,8,6,8,4,521.1455384741398
Phone_7884,OnePlus,4500,4,1024,12,6.1,Mid-Range,5,6,5,8,644.1359022230631
Phone_7885,Oppo,5000,16,128,50,6.8,Mid-Range,7,8,7,6,667.0736519757418
Phone_7886,OnePlus,4500,16,256,12,6.7,Premium,6,8,7,8,1420.2821115463726
Phone_7887,Samsung,5000,6,128,12,6.4,Budget,10,5,3,5,120.84363403449566
Phone_7888,OnePlus,5000,4,256,108,6.7,Mid-Range,8,5,5,6,586.5894355048042
Phone_7889,Oppo,4000,16,128,64,6.7,Mid-Range,5,8,5,6,633.7862641225355
Phone_7890,Xiaomi,4000,16,512,108,6.1,Premium,5,8,9,9,1122.437937914669
Phone_7891,Xiaomi,6000,6,1024,64,6.4,Mid-Range,6,7,6,7,422.0647025735031
Phone_7892,Samsung,6000,12,64,12,6.5,Mid-Range,8,8,5,7,539.7723237029925
Phone_7893,Xiaomi,5000,12,256,64,6.1,Premium,7,10,8,6,1362.6993752726962
Phone_7894,OnePlus,6000,4,128,108,6.4,Budget,10,4,4,2,135.82957511849415
Phone_7895,Samsung,4000,8,64,48,6.5,Mid-Range,7,6,8,8,522.0121468503277
Phone_7896,Oppo,6000,6,256,48,6.7,Mid-Range,8,7,8,4,311.15786328111767
Phone_7897,Samsung,5000,6,256,64,6.8,Mid-Range,5,6,8,6,574.4380799192363
Phone_7898,Samsung,4500,16,512,48,6.8,Premium,5,9,9,6,833.9064262868911
Phone_7899,Apple,3000,16,128,50,6.1,Mid-Range,5,6,7,7,677.6003149805586
Phone_7900,Apple,6000,6,64,48,6.5,Budget,10,3,5,2,140.6606357026202
Phone_7901,Samsung,4000,8,128,64,6.5,Mid-Range,5,6,7,4,687.2030798651979
Phone_7902,Xiaomi,4500,12,128,12,6.8,Mid-Range,7,7,7,8,310.3458710072372
Phone_7903,Apple,4000,4,1024,108,6.5,Mid-Range,7,6,6,4,513.1399665623001
Phone_7904,Oppo,6000,12,256,48,6.4,Premium,5,10,8,6,880.771597207475
Phone_7905,OnePlus,5000,4,256,64,6.4,Mid-Range,7,8,5,8,556.2965490301833
Phone_7906,Apple,3000,8,1024,108,6.8,Mid-Range,6,5,7,8,499.28412611244494
Phone_7907,Samsung,3000,6,1024,50,6.7,Mid-Range,5,7,5,6,526.4499225060642
Phone_7908,Xiaomi,4500,8,128,12,6.7,Mid-Range,6,5,8,8,443.8562378031984
Phone_7909,OnePlus,3000,6,256,108,6.7,Mid-Range,6,6,6,6,320.61777902270296
Phone_7910,Apple,5000,16,64,108,6.8,Mid-Range,6,8,5,4,342.4386435105934
Phone_7911,Xiaomi,4000,4,512,64,6.1,Mid-Range,8,7,5,6,643.4242245046369
Phone_7912,Xiaomi,5000,16,1024,50,6.5,Premium,7,9,7,10,753.9836980362287
Phone_7913,Xiaomi,4500,6,64,48,6.4,Budget,8,3,6,5,258.12920051416063
Phone_7914,Samsung,4500,4,64,50,6.4,Budget,7,3,3,2,193.7630890643252
Phone_7915,Oppo,3000,4,128,12,6.1,Budget,8,4,4,3,241.03875563851602
Phone_7916,Xiaomi,5000,16,1024,48,6.5,Premium,5,7,9,7,824.8495545192538
Phone_7917,OnePlus,4000,4,64,50,6.7,Budget,9,4,5,2,293.38248989617045
Phone_7918,Apple,5000,6,512,12,6.4,Mid-Range,5,8,5,7,500.35885455805135
Phone_7919,OnePlus,4000,6,64,108,6.7,Budget,9,4,3,5,278.65747257092636
Phone_7920,Samsung,4000,16,512,108,6.7,Premium,6,8,7,7,989.2372034348834
Phone_7921,Samsung,5000,8,512,108,6.8,Mid-Range,6,5,8,8,512.0859436669857
Phone_7922,OnePlus,6000,6,512,108,6.8,Mid-Range,8,8,6,7,570.3259355469647
Phone_7923,Oppo,5000,6,1024,48,6.5,Mid-Range,8,5,8,8,623.9994123166559
Phone_7924,Samsung,4000,4,512,108,6.4,Mid-Range,5,7,8,4,556.5555149448119
Phone_7925,Samsung,4500,4,1024,48,6.8,Mid-Range,5,6,8,5,312.0025863066897
Phone_7926,OnePlus,4500,6,64,48,6.5,Budget,7,4,5,2,208.35523378285234
Phone_7927,Samsung,3000,16,512,50,6.1,Premium,7,8,8,6,1425.3266515736639
Phone_7928,Oppo,4500,8,256,108,6.7,Mid-Range,6,6,8,4,525.9640490772924
Phone_7929,Oppo,6000,4,64,64,6.4,Budget,7,4,4,5,142.77998193621346
Phone_7930,Oppo,4000,4,256,108,6.4,Mid-Range,6,5,6,5,414.53502455094224
Phone_7931,Apple,5000,8,256,64,6.5,Mid-Range,6,7,7,5,492.6864410782905
Phone_7932,Oppo,5000,4,128,108,6.8,Budget,8,5,6,3,176.28346292542938
Phone_7933,Oppo,6000,16,1024,48,6.7,Premium,5,10,7,8,796.6284869537222
Phone_7934,Apple,4500,4,128,108,6.7,Budget,9,6,5,2,236.96286206398537
Phone_7935,Xiaomi,4000,4,1024,108,6.4,Mid-Range,5,7,5,8,354.68358839340453
Phone_7936,Samsung,4500,6,128,108,6.4,Budget,7,4,6,4,289.03272531193966
Phone_7937,Oppo,3000,16,64,108,6.7,Mid-Range,6,7,8,4,397.36356990254103
Phone_7938,Samsung,4500,16,256,50,6.1,Premium,6,9,8,7,1209.4733219318732
Phone_7939,OnePlus,3000,6,64,50,6.5,Budget,7,6,3,3,171.90821985626343
Phone_7940,Samsung,5000,12,1024,48,6.1,Premium,6,9,10,6,995.3277652525837
Phone_7941,Apple,4000,8,256,48,6.8,Mid-Range,5,5,7,7,472.74805587191787
Phone_7942,Samsung,3000,16,256,64,6.1,Premium,7,7,9,8,1064.637447493994
Phone_7943,Samsung,4500,12,1024,48,6.1,Premium,7,9,9,8,1439.6693001734052
Phone_7944,Samsung,4500,8,64,50,6.8,Mid-Range,5,5,6,7,584.4200592226828
Phone_7945,Xiaomi,5000,16,256,48,6.5,Premium,4,8,10,10,843.4468532247263
Phone_7946,Xiaomi,6000,4,64,64,6.7,Budget,9,6,3,2,218.417116766538
Phone_7947,OnePlus,6000,16,64,64,6.1,Mid-Range,5,7,5,5,464.38832041361445
Phone_7948,Apple,4500,8,64,50,6.5,Mid-Range,6,8,7,4,510.75714262875385
Phone_7949,Samsung,6000,12,256,48,6.8,Premium,5,9,8,7,1341.1922814874574
Phone_7950,Samsung,4000,4,512,64,6.5,Mid-Range,6,5,5,8,378.7562681650742
Phone_7951,Samsung,6000,8,128,48,6.1,Mid-Range,6,6,6,7,417.60576009688475
Phone_7952,Samsung,4000,8,1024,48,6.7,Mid-Range,8,8,7,7,534.2275328434366
Phone_7953,Xiaomi,4500,16,64,50,6.8,Mid-Range,5,7,8,7,629.1762289618675
Phone_7954,OnePlus,4500,6,256,50,6.8,Mid-Range,8,5,6,5,684.5773474867525
Phone_7955,Oppo,4500,6,1024,48,6.1,Mid-Range,5,6,7,8,509.6679917374612
Phone_7956,Apple,5000,4,512,108,6.5,Mid-Range,7,7,7,5,329.56500128252134
Phone_7957,Samsung,6000,8,512,108,6.7,Mid-Range,5,8,7,5,682.4053640454424
Phone_7958,OnePlus,3000,12,256,12,6.8,Premium,6,7,9,9,722.7409162205553
Phone_7959,Oppo,3000,4,64,12,6.1,Budget,9,3,5,2,190.36727663576244
Phone_7960,OnePlus,4500,4,512,12,6.1,Mid-Range,5,7,8,5,688.8808005450619
Phone_7961,Xiaomi,6000,16,512,50,6.4,Premium,7,10,7,10,1004.0126401161071
Phone_7962,Oppo,4000,12,512,48,6.4,Premium,6,9,8,10,751.6563644338198
Phone_7963,OnePlus,3000,8,256,64,6.5,Mid-Range,6,5,5,6,357.6477310746735
Phone_7964,Xiaomi,4500,8,1024,48,6.1,Mid-Range,6,7,5,4,587.8251778272479
Phone_7965,OnePlus,3000,8,128,48,6.5,Mid-Range,7,5,5,8,690.5255290907029
Phone_7966,OnePlus,3000,4,256,12,6.5,Mid-Range,6,5,5,6,694.0226751518028
Phone_7967,Oppo,3000,16,64,48,6.7,Mid-Range,6,6,5,6,350.4836786129563
Phone_7968,Xiaomi,4500,4,256,12,6.4,Mid-Range,8,6,8,5,607.4827059662518
Phone_7969,Samsung,4500,6,256,48,6.5,Mid-Range,5,6,6,8,565.716062082274
Phone_7970,Apple,5000,6,128,64,6.7,Budget,9,4,3,2,118.22564474875622
Phone_7971,Oppo,5000,8,128,108,6.7,Mid-Range,7,8,7,4,433.2834901712295
Phone_7972,Xiaomi,5000,16,128,108,6.4,Mid-Range,5,5,6,5,460.698676214256
Phone_7973,OnePlus,3000,8,1024,50,6.4,Mid-Range,8,8,6,5,436.72488865697034
Phone_7974,Xiaomi,6000,8,256,64,6.1,Mid-Range,7,6,8,4,606.6066698000568
Phone_7975,Apple,4500,4,64,48,6.5,Budget,8,5,3,3,182.8962517318309
Phone_7976,Apple,5000,8,128,64,6.7,Mid-Range,6,5,5,8,399.72050814140084
Phone_7977,Samsung,6000,8,128,48,6.1,Mid-Range,7,7,7,8,529.1154268117622
Phone_7978,Samsung,5000,16,256,64,6.5,Premium,5,7,10,7,1222.4295579480172
Phone_7979,Apple,5000,16,64,64,6.5,Mid-Range,5,8,7,8,305.26521512425904
Phone_7980,Oppo,6000,16,128,108,6.1,Mid-Range,6,5,8,8,544.0295838267855
Phone_7981,Oppo,5000,8,256,64,6.7,Mid-Range,8,6,8,4,636.0810499393974
Phone_7982,OnePlus,3000,16,512,50,6.1,Premium,6,9,9,9,808.9176909656106
Phone_7983,Samsung,3000,16,1024,48,6.5,Premium,7,10,8,6,1393.749284631609
Phone_7984,OnePlus,3000,12,256,12,6.1,Premium,4,9,8,8,802.2588401315325
Phone_7985,Samsung,4000,12,128,64,6.1,Mid-Range,8,8,8,7,461.6954317606773
Phone_7986,Apple,5000,6,64,12,6.5,Budget,9,6,5,4,277.99099776748153
Phone_7987,Oppo,4000,4,512,108,6.4,Mid-Range,6,6,7,7,609.8870325707082
Phone_7988,Oppo,4500,4,64,12,6.7,Budget,10,5,5,5,142.79010635099615
Phone_7989,Apple,6000,16,64,50,6.5,Mid-Range,7,7,5,8,538.8866734778102
Phone_7990,OnePlus,4500,6,64,50,6.4,Budget,9,5,5,2,281.009575942864
Phone_7991,OnePlus,4000,6,256,108,6.1,Mid-Range,5,8,7,8,358.6348519284374
Phone_7992,Xiaomi,3000,12,256,50,6.4,Premium,7,7,10,9,957.2956354606436
Phone_7993,Samsung,5000,6,1024,48,6.5,Mid-Range,5,6,8,6,303.9016852617222
Phone_7994,OnePlus,5000,8,512,50,6.5,Mid-Range,5,5,6,5,381.2938232886069
Phone_7995,Apple,3000,16,64,64,6.1,Mid-Range,8,6,8,8,355.52340336648854
Phone_7996,OnePlus,5000,8,128,50,6.5,Mid-Range,5,5,5,7,579.5074644187723
Phone_7997,Oppo,6000,4,64,48,6.8,Budget,8,5,5,3,191.6577849915004
Phone_7998,Samsung,6000,12,512,108,6.4,Premium,7,9,8,10,950.7518869111132
Phone_7999,Xiaomi,6000,8,64,50,6.8,Mid-Range,8,6,7,7,672.1957146345836
Phone_8000,Samsung,4500,16,256,48,6.8,Premium,6,8,8,9,1043.2296498854762
Phone_8001,Oppo,3000,8,256,64,6.4,Mid-Range,6,7,8,6,443.3795092801726
Phone_8002,Oppo,6000,8,512,12,6.5,Mid-Range,5,6,6,6,340.2095580217041
Phone_8003,Oppo,4000,6,1024,12,6.4,Mid-Range,7,5,7,6,571.2808637850278
Phone_8004,Oppo,6000,12,64,108,6.1,Mid-Range,7,8,8,7,653.246421235501
Phone_8005,Apple,4500,4,512,108,6.8,Mid-Range,8,6,8,7,689.8607412943801
Phone_8006,Xiaomi,4000,16,128,12,6.8,Mid-Range,8,6,7,4,352.04957302914687
Phone_8007,Oppo,3000,16,128,12,6.5,Mid-Range,5,8,5,8,540.0842729132154
Phone_8008,Oppo,3000,4,1024,108,6.4,Mid-Range,6,8,6,7,472.2204110366556
Phone_8009,OnePlus,6000,16,256,12,6.7,Premium,6,10,10,6,1252.650250316312
Phone_8010,Xiaomi,4000,6,512,50,6.5,Mid-Range,5,8,8,8,623.1583182497143
Phone_8011,Samsung,4000,8,64,48,6.5,Mid-Range,8,6,6,4,612.8763468830145
Phone_8012,Xiaomi,6000,6,512,108,6.5,Mid-Range,7,8,6,8,685.8593714685261
Phone_8013,Xiaomi,6000,6,1024,48,6.4,Mid-Range,6,8,7,4,334.2135284164231
Phone_8014,Xiaomi,5000,6,512,64,6.5,Mid-Range,6,5,8,6,395.5500110955018
Phone_8015,Oppo,5000,4,1024,64,6.1,Mid-Range,8,5,7,7,631.0302180321414
Phone_8016,Oppo,6000,12,1024,50,6.1,Premium,4,9,7,9,788.4754286276964
Phone_8017,Apple,4500,4,1024,64,6.8,Mid-Range,5,6,5,5,490.3737904815026
Phone_8018,Samsung,5000,4,512,108,6.8,Mid-Range,7,7,8,8,544.6100886456077
Phone_8019,OnePlus,6000,6,128,50,6.4,Budget,8,4,6,2,298.8471322613305
Phone_8020,Xiaomi,4000,12,64,50,6.7,Mid-Range,6,8,8,8,314.1588558137852
Phone_8021,Samsung,5000,4,1024,108,6.8,Mid-Range,5,5,6,4,541.5939687945515
Phone_8022,Samsung,4500,12,256,12,6.8,Premium,6,7,8,6,779.2306991541114
Phone_8023,Apple,3000,6,1024,48,6.8,Mid-Range,5,7,7,4,687.5484183148387
Phone_8024,OnePlus,4000,4,512,108,6.8,Mid-Range,5,7,5,7,576.1302582301777
Phone_8025,Xiaomi,4500,12,1024,12,6.5,Premium,7,10,9,7,1062.495105263232
Phone_8026,OnePlus,4500,16,256,12,6.8,Premium,7,10,7,9,1397.1331073150973
Phone_8027,Apple,4500,4,128,64,6.4,Budget,9,5,4,5,137.8737122432114
Phone_8028,Oppo,4000,4,512,50,6.5,Mid-Range,7,5,7,5,359.47700337200115
Phone_8029,Samsung,4500,4,512,50,6.5,Mid-Range,8,6,7,7,623.2093330190262
Phone_8030,Xiaomi,3000,12,512,64,6.4,Premium,5,8,10,6,946.2998674476855
Phone_8031,Oppo,5000,8,256,64,6.7,Mid-Range,7,5,6,4,301.9514949652038
Phone_8032,Apple,4000,4,512,50,6.8,Mid-Range,7,6,8,6,678.0898860126811
Phone_8033,OnePlus,4500,16,128,108,6.1,Mid-Range,8,5,5,6,481.75133686517097
Phone_8034,Samsung,6000,16,64,108,6.7,Mid-Range,6,6,7,4,485.05067724981393
Phone_8035,Xiaomi,5000,6,64,108,6.8,Budget,7,4,6,4,258.40427856850573
Phone_8036,Oppo,4000,8,1024,108,6.1,Mid-Range,8,7,6,7,415.81311732957266
Phone_8037,Oppo,6000,8,64,64,6.5,Mid-Range,6,6,7,5,533.3964394812291
Phone_8038,Samsung,6000,12,256,48,6.5,Premium,7,9,9,10,1401.4974791379977
Phone_8039,OnePlus,4500,6,64,48,6.5,Budget,8,3,5,2,204.29792928941157
Phone_8040,Apple,4000,12,256,50,6.8,Premium,7,10,7,9,852.0354313950315
Phone_8041,OnePlus,4500,6,256,48,6.4,Mid-Range,6,5,6,4,369.2129925654685
Phone_8042,OnePlus,3000,8,1024,108,6.5,Mid-Range,5,7,6,7,508.39178175809775
Phone_8043,OnePlus,6000,12,64,64,6.5,Mid-Range,6,6,8,5,511.9176730326358
Phone_8044,Samsung,3000,6,1024,108,6.5,Mid-Range,8,6,8,6,474.9229030519051
Phone_8045,Samsung,4500,8,512,12,6.8,Mid-Range,8,5,8,8,369.5253484369349
Phone_8046,Apple,5000,8,128,64,6.1,Mid-Range,6,7,8,5,347.49287707016083
Phone_8047,OnePlus,6000,4,64,12,6.7,Budget,7,5,4,3,200.6409170967046
Phone_8048,Samsung,5000,12,512,12,6.5,Premium,5,8,10,7,1242.3137436650163
Phone_8049,Apple,4000,4,512,50,6.7,Mid-Range,6,8,5,6,417.95130308140165
Phone_8050,Apple,6000,8,1024,12,6.4,Mid-Range,7,8,8,4,300.74576502940903
Phone_8051,OnePlus,3000,12,1024,48,6.4,Premium,6,10,8,10,1057.3230185624843
Phone_8052,Xiaomi,5000,12,128,48,6.4,Mid-Range,5,6,6,5,488.17775485364984
Phone_8053,OnePlus,4000,16,128,12,6.5,Mid-Range,8,8,7,6,373.07626998801896
Phone_8054,Xiaomi,6000,6,128,50,6.7,Budget,9,6,3,2,204.96466761279322
Phone_8055,Apple,4000,16,128,12,6.1,Mid-Range,5,7,6,4,441.32902361122325
Phone_8056,Samsung,3000,16,1024,64,6.8,Premium,7,10,9,9,1033.0245887950912
Phone_8057,Oppo,6000,8,256,64,6.7,Mid-Range,8,5,5,8,388.0086813761832
Phone_8058,Apple,4000,6,1024,64,6.8,Mid-Range,8,8,5,6,610.675010042112
Phone_8059,Samsung,4500,16,256,64,6.7,Premium,4,9,8,7,1012.243785972779
Phone_8060,Apple,6000,16,1024,12,6.5,Premium,7,7,8,7,1138.8831585182725
Phone_8061,OnePlus,6000,12,1024,108,6.1,Premium,7,10,9,8,748.462692740996
Phone_8062,Xiaomi,6000,8,128,108,6.5,Mid-Range,5,6,6,6,693.89316612126
Phone_8063,Apple,6000,16,256,64,6.4,Premium,4,8,10,9,1126.0787171591437
Phone_8064,Samsung,4500,6,512,50,6.1,Mid-Range,6,5,7,6,662.1672872849435
Phone_8065,OnePlus,3000,4,512,50,6.7,Mid-Range,7,8,6,5,332.2179265974316
Phone_8066,Oppo,4500,4,512,12,6.5,Mid-Range,7,7,6,6,649.7721759553177
Phone_8067,OnePlus,4500,8,128,108,6.8,Mid-Range,6,8,7,4,502.7665208954846
Phone_8068,Xiaomi,4000,4,512,12,6.5,Mid-Range,7,5,5,4,543.4821488149187
Phone_8069,OnePlus,5000,12,1024,48,6.5,Premium,4,9,8,9,776.2057045277669
Phone_8070,Oppo,5000,12,128,64,6.7,Mid-Range,8,6,5,4,659.4434699812393
Phone_8071,Samsung,4000,6,512,48,6.7,Mid-Range,5,8,7,4,534.8581740483661
Phone_8072,Apple,4500,8,128,48,6.4,Mid-Range,7,6,8,6,570.280022535146
Phone_8073,Xiaomi,4000,8,1024,50,6.1,Mid-Range,7,6,6,4,522.7044030763085
Phone_8074,Oppo,6000,4,128,108,6.5,Budget,8,6,3,4,124.62847871396437
Phone_8075,Xiaomi,4000,16,512,64,6.8,Premium,4,9,8,10,1197.7123814116949
Phone_8076,OnePlus,4000,16,128,12,6.7,Mid-Range,8,5,8,4,373.4340559780204
Phone_8077,Xiaomi,6000,16,64,64,6.7,Mid-Range,6,7,5,6,416.7792107397328
Phone_8078,Oppo,5000,6,512,12,6.4,Mid-Range,7,7,5,6,567.8074503790247
Phone_8079,Apple,6000,8,1024,12,6.1,Mid-Range,5,8,7,7,337.33171601638537
Phone_8080,Apple,3000,4,256,108,6.4,Mid-Range,7,5,5,7,673.36168610816
Phone_8081,Xiaomi,4000,6,128,48,6.7,Budget,8,4,4,4,154.92875180119088
Phone_8082,Samsung,4000,12,128,12,6.8,Mid-Range,8,6,8,5,566.8623781766012
Phone_8083,Xiaomi,5000,12,512,108,6.4,Premium,7,10,8,8,1102.0465824367016
Phone_8084,OnePlus,4500,12,512,48,6.5,Premium,5,10,7,8,898.1768782364974
Phone_8085,Apple,6000,8,64,48,6.7,Mid-Range,7,5,6,5,473.3387219459362
Phone_8086,Apple,4500,12,1024,64,6.7,Premium,7,7,10,7,1027.491474299773
Phone_8087,Apple,3000,16,128,64,6.4,Mid-Range,6,7,5,5,691.0631942557303
Phone_8088,Samsung,6000,12,128,64,6.8,Mid-Range,5,7,6,4,626.8633934989359
Phone_8089,Samsung,3000,6,256,50,6.4,Mid-Range,7,7,8,4,494.1774569761169
Phone_8090,Oppo,3000,12,128,48,6.8,Mid-Range,6,8,6,7,372.9070352502945
Phone_8091,Xiaomi,3000,16,128,50,6.7,Mid-Range,5,8,7,7,656.2214343845499
Phone_8092,Xiaomi,6000,12,64,64,6.4,Mid-Range,5,5,7,4,559.4997745582156
Phone_8093,OnePlus,6000,4,256,108,6.1,Mid-Range,8,7,8,6,354.3093597501187
Phone_8094,Apple,5000,16,128,64,6.4,Mid-Range,5,5,8,8,373.24175292083515
Phone_8095,Samsung,4000,8,128,12,6.4,Mid-Range,6,7,7,7,516.3279439728586
Phone_8096,OnePlus,4500,12,1024,108,6.1,Premium,7,9,10,8,1372.3006470571927
Phone_8097,OnePlus,4500,6,128,108,6.1,Budget,8,5,4,5,242.09928741440686
Phone_8098,Samsung,3000,12,64,48,6.5,Mid-Range,5,5,6,6,470.7495981112724
Phone_8099,Xiaomi,6000,6,128,50,6.1,Budget,9,6,4,5,244.05432487196222
Phone_8100,Apple,6000,4,128,12,6.8,Budget,8,4,6,2,200.36497139856218
Phone_8101,Xiaomi,3000,8,512,108,6.5,Mid-Range,8,5,6,7,497.08337147866985
Phone_8102,OnePlus,4000,16,128,50,6.8,Mid-Range,6,5,6,8,325.48185616076347
Phone_8103,Apple,4500,16,256,50,6.5,Premium,4,8,8,6,1357.1756207454127
Phone_8104,Oppo,5000,8,512,12,6.5,Mid-Range,6,7,5,8,384.1495348831615
Phone_8105,OnePlus,4000,4,256,12,6.8,Mid-Range,7,8,8,7,369.8592778883684
Phone_8106,Xiaomi,6000,4,256,64,6.7,Mid-Range,8,7,7,6,358.63720699023776
Phone_8107,Xiaomi,3000,12,64,64,6.7,Mid-Range,7,8,8,5,356.07577303117716
Phone_8108,Xiaomi,4500,4,128,108,6.4,Budget,9,3,6,5,245.69760835317103
Phone_8109,Samsung,3000,12,256,108,6.7,Premium,6,9,8,7,1179.7590625881005
Phone_8110,OnePlus,6000,6,128,108,6.4,Budget,9,5,3,3,245.75131175646678
Phone_8111,Apple,3000,8,128,64,6.7,Mid-Range,5,5,7,6,658.8165736061483
Phone_8112,Xiaomi,4500,6,64,108,6.4,Budget,9,3,3,3,191.82875855840817
Phone_8113,Xiaomi,3000,6,64,108,6.4,Budget,8,6,4,5,182.52538567522967
Phone_8114,Samsung,4500,6,256,64,6.1,Mid-Range,6,8,6,4,384.4369147139245
Phone_8115,Apple,3000,6,256,64,6.4,Mid-Range,7,6,5,8,646.8620819149182
Phone_8116,OnePlus,3000,16,512,108,6.8,Premium,6,8,10,9,1288.7459666186844
Phone_8117,Oppo,4500,4,128,108,6.8,Budget,9,5,5,3,285.66476994326405
Phone_8118,Samsung,3000,8,128,50,6.4,Mid-Range,6,6,5,8,592.9617395393623
Phone_8119,OnePlus,4000,8,64,48,6.8,Mid-Range,5,6,7,4,373.70766143194845
Phone_8120,Oppo,5000,6,64,64,6.7,Budget,9,3,5,3,298.10684842675636
Phone_8121,Xiaomi,4000,8,256,48,6.8,Mid-Range,5,8,5,5,648.2073077184841
Phone_8122,Xiaomi,5000,12,512,64,6.1,Premium,5,10,8,7,1155.0008965077905
Phone_8123,Apple,4000,8,512,50,6.8,Mid-Range,5,6,7,7,373.78093500202226
Phone_8124,Oppo,5000,6,64,48,6.7,Budget,7,5,4,2,134.07664904792182
Phone_8125,Xiaomi,3000,8,64,50,6.7,Mid-Range,7,6,5,7,327.8330937124191
Phone_8126,Xiaomi,4500,4,512,12,6.4,Mid-Range,6,8,6,7,663.7306176325114
Phone_8127,Apple,4500,6,512,48,6.5,Mid-Range,6,7,6,8,608.930399617408
Phone_8128,OnePlus,6000,16,256,48,6.7,Premium,6,8,7,6,1496.6143443647088
Phone_8129,Xiaomi,5000,4,512,48,6.4,Mid-Range,7,7,7,7,446.45849053434904
Phone_8130,Samsung,6000,8,128,12,6.4,Mid-Range,8,7,6,7,676.3117167441997
Phone_8131,Samsung,6000,16,512,12,6.8,Premium,6,9,7,9,737.1124619610162
Phone_8132,OnePlus,5000,4,1024,50,6.8,Mid-Range,7,5,6,8,431.32900838632224
Phone_8133,Oppo,4500,12,512,12,6.4,Premium,7,10,8,6,955.566126531934
Phone_8134,Apple,5000,4,64,64,6.1,Budget,7,5,3,5,175.70238434904843
Phone_8135,Samsung,3000,16,64,108,6.4,Mid-Range,8,6,8,4,535.5146965371678
Phone_8136,Samsung,6000,12,1024,48,6.8,Premium,7,9,9,9,1106.6338616390508
Phone_8137,OnePlus,6000,8,128,50,6.7,Mid-Range,6,7,8,7,473.39995409240095
Phone_8138,Oppo,5000,6,512,50,6.1,Mid-Range,5,6,7,4,327.0642096138895
Phone_8139,Oppo,6000,8,512,50,6.5,Mid-Range,7,8,7,8,443.32619063391473
Phone_8140,OnePlus,4500,6,1024,50,6.7,Mid-Range,7,6,5,4,566.6932191569416
Phone_8141,Samsung,6000,6,256,48,6.8,Mid-Range,5,7,6,8,535.7877260285222
Phone_8142,Apple,5000,16,256,50,6.7,Premium,6,8,10,6,797.1585294081813
Phone_8143,Samsung,4500,12,128,48,6.7,Mid-Range,7,6,6,5,402.8816183820884
Phone_8144,Oppo,4500,12,512,50,6.8,Premium,5,7,7,8,781.3950476809454
Phone_8145,Samsung,6000,4,512,50,6.7,Mid-Range,6,6,5,7,327.8190178448152
Phone_8146,Apple,5000,8,512,108,6.4,Mid-Range,7,7,5,8,403.030988909823
Phone_8147,Xiaomi,6000,16,64,64,6.1,Mid-Range,5,8,5,7,583.2204041405482
Phone_8148,Samsung,3000,8,256,12,6.8,Mid-Range,5,5,8,6,371.4994738897135
Phone_8149,OnePlus,3000,4,1024,12,6.1,Mid-Range,5,5,8,5,355.2922188259335
Phone_8150,Xiaomi,4500,4,64,12,6.4,Budget,9,3,5,2,250.678560006591
Phone_8151,OnePlus,6000,16,64,64,6.8,Mid-Range,5,5,7,8,394.62099163357743
Phone_8152,OnePlus,3000,4,256,48,6.4,Mid-Range,7,5,5,6,400.4416815876261
Phone_8153,OnePlus,4000,16,512,12,6.5,Premium,6,10,7,9,1123.6897884919476
Phone_8154,Samsung,3000,4,128,12,6.5,Budget,7,6,6,3,218.76863597283403
Phone_8155,Oppo,6000,12,1024,12,6.5,Premium,6,8,10,10,1194.2292269751083
Phone_8156,Xiaomi,6000,16,256,48,6.1,Premium,4,10,9,7,1469.221325418297
Phone_8157,Apple,3000,12,128,64,6.5,Mid-Range,7,5,7,6,578.2965222234759
Phone_8158,Oppo,6000,12,256,64,6.5,Premium,4,7,10,9,1057.6757343368981
Phone_8159,Samsung,6000,16,256,48,6.4,Premium,4,8,7,10,1186.1067941677534
Phone_8160,OnePlus,4000,8,256,108,6.7,Mid-Range,7,8,7,5,696.6369035745051
Phone_8161,Apple,4500,6,256,50,6.7,Mid-Range,6,7,5,4,511.4442006010655
Phone_8162,Xiaomi,6000,4,512,48,6.5,Mid-Range,8,8,8,6,689.0782128204876
Phone_8163,Oppo,5000,4,64,50,6.7,Budget,9,3,6,2,168.18830889565302
Phone_8164,Oppo,4500,8,256,64,6.5,Mid-Range,6,6,7,5,511.522358627058
Phone_8165,Apple,4500,6,128,50,6.5,Budget,7,3,4,2,125.69504846255506
Phone_8166,Samsung,5000,8,128,12,6.1,Mid-Range,5,7,5,6,686.5980315310264
Phone_8167,Xiaomi,3000,6,128,50,6.8,Budget,7,5,4,4,239.18296476774776
Phone_8168,Apple,4000,16,64,50,6.7,Mid-Range,5,8,8,6,603.6705188073126
Phone_8169,OnePlus,6000,16,64,64,6.5,Mid-Range,7,7,6,4,494.1201477791152
Phone_8170,Xiaomi,3000,12,128,108,6.7,Mid-Range,7,8,6,4,418.41458834233435
Phone_8171,Oppo,5000,12,512,50,6.1,Premium,5,9,7,8,1069.5295252727567
Phone_8172,Apple,4000,16,64,64,6.1,Mid-Range,8,5,6,7,611.0117827728234
Phone_8173,Oppo,4000,12,64,12,6.5,Mid-Range,8,6,6,6,310.72983089793473
Phone_8174,Oppo,4000,16,512,50,6.7,Premium,5,8,7,7,1124.0066004133782
Phone_8175,Oppo,5000,8,256,50,6.7,Mid-Range,5,6,7,6,441.84139842213887
Phone_8176,Samsung,3000,4,64,12,6.7,Budget,8,3,5,4,111.2648937454564
Phone_8177,Oppo,6000,16,128,48,6.1,Mid-Range,8,8,7,7,545.4208349940152
Phone_8178,OnePlus,4000,16,128,108,6.4,Mid-Range,5,6,7,6,470.28262162430553
Phone_8179,OnePlus,4000,16,512,12,6.4,Premium,7,9,9,8,963.0453384987563
Phone_8180,Xiaomi,3000,12,128,12,6.7,Mid-Range,7,6,8,6,515.2584976267626
Phone_8181,Oppo,4000,12,1024,12,6.7,Premium,6,8,7,6,981.2108029071208
Phone_8182,Oppo,4000,12,128,48,6.8,Mid-Range,7,6,6,8,562.1889070639354
Phone_8183,Apple,5000,12,512,12,6.5,Premium,4,8,9,9,1292.0963072750162
Phone_8184,Samsung,4500,8,512,48,6.1,Mid-Range,6,8,5,5,624.9514485937109
Phone_8185,Xiaomi,3000,16,512,108,6.8,Premium,7,9,10,10,1462.7205045429087
Phone_8186,Oppo,3000,8,1024,48,6.7,Mid-Range,6,6,7,5,451.67647874222155
Phone_8187,Apple,3000,12,64,108,6.4,Mid-Range,7,7,6,7,365.9488550798052
Phone_8188,Samsung,5000,8,256,108,6.4,Mid-Range,5,6,6,4,603.9270391327577
Phone_8189,Xiaomi,5000,16,128,108,6.8,Mid-Range,6,7,8,6,649.8856161953158
Phone_8190,Xiaomi,6000,16,64,64,6.4,Mid-Range,5,6,6,4,321.74878844444356
Phone_8191,Oppo,5000,12,512,108,6.4,Premium,4,10,9,6,758.8260807683139
Phone_8192,Xiaomi,3000,16,64,48,6.5,Mid-Range,7,5,7,8,622.8776248153213
Phone_8193,Apple,6000,8,64,64,6.7,Mid-Range,7,7,6,4,573.3745639165315
Phone_8194,Xiaomi,4500,6,1024,12,6.8,Mid-Range,6,7,8,8,602.120568277707
Phone_8195,OnePlus,4000,16,512,12,6.1,Premium,6,8,8,9,922.0971913548498
Phone_8196,Apple,4000,8,512,50,6.1,Mid-Range,6,6,7,8,452.7356396270037
Phone_8197,Samsung,6000,8,128,108,6.7,Mid-Range,5,7,7,7,624.5564640679386
Phone_8198,Samsung,4500,8,128,50,6.1,Mid-Range,8,6,6,8,521.8160306505622
Phone_8199,Oppo,4000,16,128,108,6.4,Mid-Range,5,5,8,7,506.006495816947
Phone_8200,Oppo,6000,6,128,108,6.5,Budget,9,3,6,4,194.5699152624813
Phone_8201,OnePlus,5000,12,64,48,6.8,Mid-Range,7,8,5,6,376.3468328205829
Phone_8202,Samsung,3000,12,64,48,6.8,Mid-Range,7,5,5,4,534.4017065805399
Phone_8203,Samsung,4500,16,128,12,6.4,Mid-Range,5,6,8,5,421.76590977802164
Phone_8204,Samsung,4000,16,128,64,6.7,Mid-Range,6,8,5,8,308.5797687840726
Phone_8205,Samsung,3000,4,128,12,6.5,Budget,8,5,3,3,226.61615308434162
Phone_8206,Xiaomi,6000,6,256,108,6.1,Mid-Range,6,5,7,7,489.87420633100993
Phone_8207,Apple,4000,8,128,64,6.8,Mid-Range,6,5,6,7,661.2989715837692
Phone_8208,Apple,3000,8,256,50,6.8,Mid-Range,7,5,8,5,500.0665013209121
Phone_8209,OnePlus,5000,12,128,108,6.7,Mid-Range,8,8,8,8,304.07569571031894
Phone_8210,Xiaomi,4500,16,512,48,6.5,Premium,7,9,8,6,1104.1976987200533
Phone_8211,Samsung,6000,6,1024,12,6.1,Mid-Range,6,8,6,6,368.42949208864076
Phone_8212,Samsung,4000,12,64,12,6.8,Mid-Range,8,7,7,4,668.4315351661382
Phone_8213,Oppo,5000,6,512,50,6.8,Mid-Range,7,6,5,8,478.3196073638178
Phone_8214,Oppo,4500,16,1024,12,6.1,Premium,7,7,8,10,1212.3458556364333
Phone_8215,OnePlus,4500,8,256,12,6.5,Mid-Range,5,6,6,7,446.1986036964249
Phone_8216,Samsung,5000,4,64,64,6.5,Budget,10,6,5,4,115.27016842689348
Phone_8217,OnePlus,4000,6,256,108,6.5,Mid-Range,8,7,6,8,333.1168667187736
Phone_8218,Xiaomi,4500,8,256,64,6.8,Mid-Range,5,6,7,7,483.49324169592205
Phone_8219,Apple,6000,6,64,64,6.4,Budget,7,6,3,3,242.0087001791382
Phone_8220,Samsung,3000,6,1024,12,6.8,Mid-Range,7,5,7,5,448.90176725097047
Phone_8221,Xiaomi,6000,6,64,108,6.7,Budget,8,5,3,2,130.3029594070357
Phone_8222,Samsung,4500,16,128,12,6.7,Mid-Range,5,8,8,6,634.9678360919422
Phone_8223,Oppo,3000,12,256,12,6.8,Premium,6,7,8,9,1347.3043591523333
Phone_8224,OnePlus,5000,6,128,64,6.8,Budget,8,3,5,2,168.19057785808047
Phone_8225,Oppo,3000,16,64,48,6.1,Mid-Range,6,6,8,7,418.7266523705216
Phone_8226,Apple,3000,4,64,48,6.5,Budget,10,6,4,5,108.55508758307491
Phone_8227,Oppo,3000,12,1024,64,6.1,Premium,4,7,8,10,959.7727234488711
Phone_8228,Samsung,4500,16,256,64,6.7,Premium,6,8,8,8,1201.0476116278683
Phone_8229,Oppo,4000,4,512,12,6.7,Mid-Range,7,7,8,4,621.0782545791764
Phone_8230,Samsung,4500,12,64,108,6.4,Mid-Range,5,7,8,6,364.5829635290962
Phone_8231,Apple,4000,16,512,12,6.5,Premium,5,10,7,7,711.7474128244714
Phone_8232,Oppo,5000,4,256,12,6.5,Mid-Range,7,6,8,7,449.686252477783
Phone_8233,OnePlus,5000,16,128,50,6.7,Mid-Range,8,6,5,8,310.8246847934921
Phone_8234,OnePlus,5000,4,256,12,6.1,Mid-Range,5,7,5,6,681.2831396504967
Phone_8235,OnePlus,5000,6,1024,108,6.8,Mid-Range,5,6,6,4,372.54308556195576
Phone_8236,Oppo,5000,6,512,12,6.5,Mid-Range,5,7,7,6,433.90737489149984
Phone_8237,Oppo,6000,12,512,64,6.8,Premium,7,8,7,10,803.4501375938959
Phone_8238,Oppo,4500,4,128,108,6.7,Budget,7,6,3,5,274.100471321233
Phone_8239,Samsung,4000,6,128,64,6.4,Budget,10,6,4,5,104.43004319758064
Phone_8240,Apple,5000,12,64,50,6.7,Mid-Range,6,8,8,7,662.136368190111
Phone_8241,OnePlus,6000,8,256,50,6.8,Mid-Range,8,7,5,7,525.7860804619893
Phone_8242,Samsung,6000,6,1024,108,6.7,Mid-Range,7,5,5,8,382.1583277838979
Phone_8243,OnePlus,6000,6,64,48,6.5,Budget,8,6,4,2,226.29665681819094
Phone_8244,Samsung,4500,16,256,48,6.8,Premium,6,9,8,9,861.1257004733603
Phone_8245,Oppo,5000,8,128,108,6.8,Mid-Range,5,8,6,6,346.82355780789067
Phone_8246,OnePlus,6000,4,1024,108,6.4,Mid-Range,7,6,5,5,346.2660687477399
Phone_8247,Oppo,6000,12,128,64,6.5,Mid-Range,5,5,7,8,304.90109652843034
Phone_8248,OnePlus,5000,8,128,50,6.1,Mid-Range,5,5,6,6,360.5146882813537
Phone_8249,Xiaomi,4500,4,512,108,6.4,Mid-Range,7,6,7,5,441.1915526846916
Phone_8250,Samsung,6000,6,256,12,6.5,Mid-Range,5,5,5,6,328.8465152462722
Phone_8251,Xiaomi,4000,12,64,64,6.1,Mid-Range,8,5,8,6,302.4651490256975
Phone_8252,Samsung,3000,12,512,50,6.8,Premium,4,10,7,8,861.153195842538
Phone_8253,Apple,3000,8,256,64,6.4,Mid-Range,7,5,6,6,674.4232127260561
Phone_8254,OnePlus,3000,16,256,50,6.8,Premium,7,9,7,6,848.6327575529971
Phone_8255,Apple,4500,4,256,12,6.8,Mid-Range,7,5,6,6,474.00943661964203
Phone_8256,Apple,6000,8,1024,50,6.8,Mid-Range,6,7,6,7,494.8629137251204
Phone_8257,Samsung,3000,16,512,64,6.5,Premium,4,7,9,8,1364.962254767348
Phone_8258,Xiaomi,3000,16,64,50,6.1,Mid-Range,6,5,5,5,343.13246618535464
Phone_8259,Oppo,5000,16,512,64,6.5,Premium,7,10,10,7,840.2000455084618
Phone_8260,Samsung,6000,12,128,108,6.8,Mid-Range,8,6,6,7,633.6893500861738
Phone_8261,Oppo,6000,4,256,12,6.4,Mid-Range,7,6,5,8,524.2581248029858
Phone_8262,Apple,5000,4,128,64,6.8,Budget,8,3,3,3,120.45967123128807
Phone_8263,Oppo,6000,8,512,48,6.1,Mid-Range,7,7,6,5,355.2920843024969
Phone_8264,Xiaomi,4000,6,64,48,6.5,Budget,10,6,6,4,234.58622385151986
Phone_8265,Samsung,4500,8,128,50,6.1,Mid-Range,8,6,6,8,565.0457220459515
Phone_8266,Xiaomi,5000,4,128,108,6.5,Budget,9,6,3,4,226.1831705530476
Phone_8267,Xiaomi,3000,12,1024,108,6.1,Premium,4,9,9,6,700.8606031996168
Phone_8268,Samsung,6000,8,512,48,6.1,Mid-Range,8,6,8,6,347.57842946129955
Phone_8269,Xiaomi,4000,6,128,50,6.5,Budget,8,4,6,5,241.91195558928678
Phone_8270,OnePlus,4000,8,512,108,6.5,Mid-Range,8,5,6,6,459.51207484575275
Phone_8271,OnePlus,4500,16,64,108,6.5,Mid-Range,7,7,8,5,325.30267920549426
Phone_8272,OnePlus,4000,6,128,50,6.7,Budget,10,6,5,4,148.22751082032528
Phone_8273,Oppo,6000,16,64,64,6.1,Mid-Range,7,5,6,4,477.03118787377673
Phone_8274,Xiaomi,6000,12,128,48,6.7,Mid-Range,5,5,7,4,697.1912420462252
Phone_8275,Samsung,4000,4,256,108,6.7,Mid-Range,6,5,5,7,472.2664292056328
Phone_8276,Samsung,6000,8,1024,64,6.8,Mid-Range,8,8,5,5,359.91134638560857
Phone_8277,Oppo,6000,8,1024,64,6.7,Mid-Range,5,8,5,5,660.6838218700066
Phone_8278,Samsung,3000,16,1024,64,6.7,Premium,7,10,7,10,1144.1938681240201
Phone_8279,OnePlus,5000,16,64,64,6.5,Mid-Range,8,8,6,8,350.6907369403907
Phone_8280,Xiaomi,6000,4,512,12,6.5,Mid-Range,7,6,7,7,489.4899339086388
Phone_8281,Samsung,6000,8,1024,12,6.4,Mid-Range,5,6,8,8,337.11147275247464
Phone_8282,Samsung,4500,4,128,50,6.1,Budget,10,6,3,5,202.0317314504389
Phone_8283,Apple,5000,16,128,48,6.7,Mid-Range,7,8,7,8,363.10683664826274
Phone_8284,Apple,5000,16,256,50,6.7,Premium,4,8,7,8,1386.722863080575
Phone_8285,Apple,5000,6,64,12,6.1,Budget,7,5,3,5,150.57018793507416
Phone_8286,Xiaomi,4000,16,128,50,6.5,Mid-Range,5,6,7,8,624.0417106460611
Phone_8287,OnePlus,3000,16,128,50,6.5,Mid-Range,8,6,8,7,593.5320069902496
Phone_8288,OnePlus,3000,4,256,64,6.1,Mid-Range,8,7,8,5,670.1612641692491
Phone_8289,OnePlus,4500,6,256,108,6.1,Mid-Range,8,7,8,7,327.3671548840081
Phone_8290,Xiaomi,5000,6,512,12,6.5,Mid-Range,6,7,6,5,522.1187889362926
Phone_8291,Xiaomi,5000,8,512,12,6.1,Mid-Range,7,7,6,7,583.541434902889
Phone_8292,Apple,6000,12,512,50,6.5,Premium,6,9,10,6,1099.1176231885586
Phone_8293,Samsung,4000,8,128,108,6.1,Mid-Range,7,5,8,7,492.8215762610313
Phone_8294,Oppo,4000,8,256,50,6.5,Mid-Range,8,8,6,4,680.5262819284189
Phone_8295,Oppo,4500,8,64,48,6.4,Mid-Range,8,5,5,8,348.9917196955819
Phone_8296,Samsung,3000,6,512,12,6.5,Mid-Range,5,5,5,5,473.29168858613974
Phone_8297,Apple,5000,4,1024,64,6.5,Mid-Range,5,8,5,5,401.26880474250567
Phone_8298,Samsung,4500,16,128,64,6.7,Mid-Range,6,5,5,6,362.1552576730095
Phone_8299,Samsung,4000,6,64,64,6.5,Budget,7,5,5,3,173.2284368749989
Phone_8300,Oppo,4000,16,128,12,6.1,Mid-Range,8,7,5,5,565.8872318347732
Phone_8301,Apple,4000,16,512,12,6.8,Premium,6,9,9,8,1357.859532215728
Phone_8302,Xiaomi,5000,12,128,64,6.1,Mid-Range,7,7,7,4,372.6195166110408
Phone_8303,Oppo,5000,8,512,12,6.7,Mid-Range,6,7,7,5,312.6878971132022
Phone_8304,Xiaomi,5000,12,128,64,6.1,Mid-Range,7,8,6,7,669.3999042301208
Phone_8305,Apple,6000,8,512,48,6.4,Mid-Range,8,7,5,7,425.65441872210243
Phone_8306,Samsung,3000,6,256,48,6.8,Mid-Range,5,5,6,8,351.03404138025735
Phone_8307,OnePlus,4000,16,256,48,6.8,Premium,7,10,8,10,757.6767481761146
Phone_8308,OnePlus,4000,12,256,50,6.7,Premium,5,7,10,7,1243.8666056797747
Phone_8309,Apple,6000,6,256,50,6.8,Mid-Range,5,5,8,8,392.3248375635465
Phone_8310,OnePlus,4000,6,256,108,6.5,Mid-Range,8,8,8,4,411.82006011112077
Phone_8311,Xiaomi,4000,8,1024,108,6.7,Mid-Range,7,6,5,8,390.20399352806623
Phone_8312,OnePlus,5000,16,128,108,6.4,Mid-Range,8,6,8,8,472.25868188563487
Phone_8313,Apple,5000,8,256,48,6.8,Mid-Range,5,7,6,8,606.2414660922302
Phone_8314,Apple,3000,8,1024,48,6.8,Mid-Range,5,7,7,6,310.8715778504239
Phone_8315,Xiaomi,4000,6,1024,48,6.7,Mid-Range,8,7,7,5,376.18508855678965
Phone_8316,OnePlus,4500,8,128,12,6.8,Mid-Range,8,8,5,6,584.7943992760368
Phone_8317,OnePlus,4000,4,128,12,6.8,Budget,10,3,4,4,115.00568759296763
Phone_8318,Samsung,4000,16,512,48,6.4,Premium,5,8,9,6,876.0125289454957
Phone_8319,Oppo,3000,8,512,64,6.4,Mid-Range,7,8,7,4,505.9238264183738
Phone_8320,Apple,4500,8,256,108,6.7,Mid-Range,7,8,5,5,652.645961026356
Phone_8321,Samsung,4000,12,64,50,6.8,Mid-Range,7,5,5,8,304.06399200475954
Phone_8322,Apple,4500,16,512,108,6.1,Premium,4,10,7,8,820.1823839144986
Phone_8323,Samsung,5000,16,64,64,6.7,Mid-Range,8,8,7,7,528.8843591782506
Phone_8324,Oppo,5000,8,512,12,6.4,Mid-Range,6,6,7,8,487.55144312884386
Phone_8325,Samsung,4500,4,1024,48,6.1,Mid-Range,8,7,8,7,358.28786708319626
Phone_8326,Apple,4000,12,1024,12,6.8,Premium,5,10,8,7,1411.0821063724518
Phone_8327,OnePlus,4500,4,1024,12,6.7,Mid-Range,6,6,5,6,614.4119828751732
Phone_8328,Apple,4500,8,64,64,6.7,Mid-Range,8,6,6,7,359.6035454382673
Phone_8329,Xiaomi,5000,16,256,12,6.4,Premium,6,9,8,7,1141.58742911919
Phone_8330,Xiaomi,4500,16,512,12,6.5,Premium,6,7,7,8,718.5209677889607
Phone_8331,Xiaomi,6000,4,512,108,6.5,Mid-Range,6,6,8,7,495.7087299965121
Phone_8332,Xiaomi,6000,6,64,108,6.5,Budget,7,4,5,3,202.7714927706411
Phone_8333,Oppo,5000,8,1024,64,6.7,Mid-Range,6,7,5,6,440.4446396569517
Phone_8334,OnePlus,4000,16,256,48,6.4,Premium,5,9,10,8,1483.5186635704376
Phone_8335,OnePlus,4000,6,512,108,6.4,Mid-Range,5,5,8,6,314.8469314003545
Phone_8336,Apple,5000,16,256,12,6.5,Premium,5,10,9,9,1008.092811297535
Phone_8337,Samsung,4000,16,256,50,6.1,Premium,6,10,7,10,704.6473024819929
Phone_8338,Apple,3000,6,128,108,6.5,Budget,10,5,4,3,142.90485240799012
Phone_8339,Apple,6000,4,256,50,6.7,Mid-Range,7,5,8,4,388.7017678846081
Phone_8340,Apple,3000,8,128,48,6.1,Mid-Range,5,7,6,8,443.494057577807
Phone_8341,Apple,3000,6,64,12,6.4,Budget,8,3,5,4,104.05178998533884
Phone_8342,OnePlus,3000,6,1024,108,6.8,Mid-Range,5,6,5,8,575.4986584884175
Phone_8343,Samsung,5000,16,128,48,6.1,Mid-Range,8,5,8,5,649.236070879306
Phone_8344,Apple,3000,6,256,64,6.4,Mid-Range,5,5,8,6,646.451773653878
Phone_8345,OnePlus,4500,8,1024,48,6.1,Mid-Range,6,7,7,4,434.8036004736451
Phone_8346,Apple,4000,4,256,64,6.5,Mid-Range,5,5,7,7,335.48481325051256
Phone_8347,Xiaomi,5000,4,256,64,6.1,Mid-Range,8,8,6,6,670.0074563484656
Phone_8348,Apple,4500,4,128,108,6.1,Budget,8,3,4,4,167.1304002273588
Phone_8349,Apple,4500,8,64,50,6.1,Mid-Range,8,8,8,8,652.4258502364809
Phone_8350,Oppo,6000,16,256,64,6.7,Premium,4,8,10,10,1119.584448966389
Phone_8351,Xiaomi,6000,8,128,12,6.7,Mid-Range,7,6,7,6,690.6482474669833
Phone_8352,Samsung,4500,6,256,108,6.5,Mid-Range,8,7,8,6,304.4589229891493
Phone_8353,Apple,6000,12,1024,64,6.8,Premium,4,7,9,10,1081.7087586283153
Phone_8354,Samsung,4000,12,64,108,6.7,Mid-Range,6,5,6,7,503.48452194960316
Phone_8355,Xiaomi,4000,12,256,12,6.8,Premium,5,10,7,6,868.503499433391
Phone_8356,Apple,6000,4,64,108,6.7,Budget,10,4,5,4,290.7660809250983
Phone_8357,Oppo,3000,8,64,108,6.4,Mid-Range,7,8,7,4,542.3587216328439
Phone_8358,OnePlus,4500,8,1024,64,6.4,Mid-Range,5,6,8,6,638.3428269861607
Phone_8359,Oppo,4000,4,1024,48,6.1,Mid-Range,8,6,5,6,618.2337274567158
Phone_8360,Oppo,6000,6,512,108,6.8,Mid-Range,7,7,6,8,653.6315176941716
Phone_8361,OnePlus,6000,12,64,64,6.1,Mid-Range,7,6,6,6,363.6649870332279
Phone_8362,OnePlus,4000,12,256,12,6.1,Premium,6,8,7,6,944.3693367803666
Phone_8363,OnePlus,4000,4,1024,12,6.7,Mid-Range,7,7,7,7,535.0853231283545
Phone_8364,Apple,3000,12,256,48,6.7,Premium,5,9,10,6,1110.5527929557927
Phone_8365,Samsung,6000,16,64,12,6.1,Mid-Range,6,7,5,7,342.94515465854363
Phone_8366,Samsung,6000,8,1024,64,6.7,Mid-Range,6,5,6,5,370.25310786334205
Phone_8367,OnePlus,5000,12,512,48,6.4,Premium,4,10,8,8,1300.1819573487492
Phone_8368,Oppo,3000,12,64,64,6.4,Mid-Range,8,8,6,7,310.33531049345504
Phone_8369,Xiaomi,4000,16,256,48,6.8,Premium,4,7,10,7,1251.0033007318934
Phone_8370,OnePlus,4000,6,512,48,6.4,Mid-Range,6,8,8,5,384.34232608349043
Phone_8371,Oppo,4500,6,64,64,6.1,Budget,9,4,5,3,193.26358115729562
Phone_8372,Oppo,4000,16,1024,48,6.5,Premium,6,8,7,9,1400.4222639882328
Phone_8373,Apple,6000,6,64,64,6.7,Budget,8,6,3,5,261.0378025430309
Phone_8374,Apple,4000,4,128,12,6.1,Budget,7,6,4,4,177.50654815708305
Phone_8375,Samsung,6000,16,256,12,6.7,Premium,7,7,7,9,1426.5664473884497
Phone_8376,Samsung,6000,8,1024,108,6.8,Mid-Range,5,5,5,4,539.4022637211748
Phone_8377,Xiaomi,3000,8,1024,50,6.1,Mid-Range,8,6,6,4,540.2813296653873
Phone_8378,Xiaomi,4000,8,128,50,6.1,Mid-Range,7,8,8,6,465.1455516990788
Phone_8379,Xiaomi,3000,12,512,12,6.1,Premium,7,9,8,7,1151.9767693350009
Phone_8380,Xiaomi,6000,16,1024,108,6.8,Premium,5,8,7,10,1192.5053233251333
Phone_8381,Oppo,4000,16,512,50,6.1,Premium,7,9,9,6,1444.784327679029
Phone_8382,Oppo,4000,6,512,64,6.7,Mid-Range,7,6,7,7,380.23922610137754
Phone_8383,Samsung,3000,16,512,64,6.5,Premium,6,8,10,8,895.5143740148372
Phone_8384,Apple,3000,16,64,48,6.1,Mid-Range,6,5,5,7,324.07021003084094
Phone_8385,Apple,6000,6,128,50,6.8,Budget,7,5,6,2,202.5846841986032
Phone_8386,OnePlus,6000,16,256,64,6.8,Premium,5,7,9,6,833.6966642541762
Phone_8387,Oppo,4000,16,128,50,6.1,Mid-Range,5,5,8,7,387.7715129729652
Phone_8388,Xiaomi,4000,4,1024,48,6.8,Mid-Range,7,5,7,6,470.28370285002944
Phone_8389,Xiaomi,5000,6,128,12,6.4,Budget,10,3,6,3,104.233293753136
Phone_8390,OnePlus,5000,4,256,108,6.8,Mid-Range,8,5,8,8,446.78676305273405
Phone_8391,Apple,4500,12,64,48,6.5,Mid-Range,7,5,7,5,482.92902382600266
Phone_8392,Xiaomi,6000,6,1024,48,6.4,Mid-Range,6,8,6,8,503.8273311960182
Phone_8393,Apple,4500,16,64,48,6.7,Mid-Range,8,8,7,8,348.98377575686845
Phone_8394,OnePlus,4500,16,1024,108,6.4,Premium,4,9,7,7,1496.9254805470769
Phone_8395,Apple,3000,4,256,64,6.5,Mid-Range,7,6,5,7,550.057889812563
Phone_8396,Apple,3000,4,64,50,6.4,Budget,7,4,6,2,196.968543390118
Phone_8397,Apple,5000,12,256,12,6.1,Premium,4,10,9,7,1141.7668460859625
Phone_8398,Xiaomi,4500,12,256,12,6.8,Premium,7,7,8,9,1016.4050762753402
Phone_8399,Samsung,5000,16,128,108,6.1,Mid-Range,5,7,7,4,626.7415792617458
Phone_8400,Oppo,6000,8,1024,12,6.1,Mid-Range,7,7,5,6,318.952721823101
Phone_8401,Apple,4000,12,512,108,6.1,Premium,4,10,8,9,1082.3739457514866
Phone_8402,Apple,3000,16,512,108,6.4,Premium,4,8,10,10,1448.707023092368
Phone_8403,Apple,6000,12,64,50,6.7,Mid-Range,5,8,5,8,473.53288801987463
Phone_8404,Samsung,6000,6,256,50,6.8,Mid-Range,8,5,8,5,589.5201663228004
Phone_8405,OnePlus,3000,4,128,108,6.4,Budget,9,3,4,3,190.3686318514333
Phone_8406,Xiaomi,3000,16,1024,50,6.1,Premium,4,10,7,9,1381.0705762896641
Phone_8407,Samsung,4500,12,64,64,6.5,Mid-Range,5,6,5,8,337.55969056726457
Phone_8408,Apple,5000,4,256,48,6.5,Mid-Range,7,6,5,5,464.04320069382874
Phone_8409,Samsung,6000,8,512,12,6.1,Mid-Range,8,5,5,5,670.1327875716227
Phone_8410,Samsung,4500,12,512,12,6.7,Premium,5,8,8,8,1297.095870242213
Phone_8411,Samsung,4500,16,1024,12,6.8,Premium,5,7,7,9,975.5827378318622
Phone_8412,OnePlus,6000,6,1024,12,6.4,Mid-Range,6,6,6,5,454.81006656952957
Phone_8413,Oppo,6000,4,1024,64,6.7,Mid-Range,6,5,7,5,592.5825043669015
Phone_8414,Xiaomi,4000,4,64,64,6.5,Budget,8,4,4,4,136.0059372220307
Phone_8415,OnePlus,5000,6,1024,48,6.1,Mid-Range,7,5,8,8,355.21925130184695
Phone_8416,OnePlus,6000,16,64,108,6.4,Mid-Range,8,8,5,5,561.2820215950544
Phone_8417,Oppo,3000,8,128,50,6.7,Mid-Range,7,5,6,5,454.5412115235764
Phone_8418,OnePlus,4000,6,256,48,6.7,Mid-Range,5,5,5,8,643.8987869440411
Phone_8419,Samsung,5000,8,512,12,6.7,Mid-Range,6,7,7,6,363.1266509265548
Phone_8420,Samsung,3000,16,64,50,6.4,Mid-Range,8,8,5,4,658.9731699546339
Phone_8421,Apple,3000,12,256,48,6.8,Premium,6,8,9,6,1107.4702070075923
Phone_8422,OnePlus,5000,12,1024,12,6.4,Premium,5,10,9,7,860.8913068019589
Phone_8423,Apple,4000,16,512,48,6.1,Premium,7,8,10,9,844.7050430224473
Phone_8424,Xiaomi,3000,8,64,12,6.4,Mid-Range,8,7,7,5,302.0043669685898
Phone_8425,Samsung,4500,6,1024,12,6.7,Mid-Range,8,6,7,6,679.9637305190372
Phone_8426,Xiaomi,5000,16,256,64,6.8,Premium,5,7,8,8,808.7048749978503
Phone_8427,Oppo,5000,16,128,12,6.8,Mid-Range,8,5,5,7,663.8946841823747
Phone_8428,Samsung,6000,12,256,48,6.1,Premium,6,9,8,10,939.7600374882124
Phone_8429,Xiaomi,4000,6,64,50,6.1,Budget,10,4,4,3,168.49500180926123
Phone_8430,Oppo,4500,12,128,64,6.5,Mid-Range,5,6,6,6,384.3647396879554
Phone_8431,Xiaomi,4500,8,128,50,6.5,Mid-Range,5,7,5,6,470.6435177668284
Phone_8432,Oppo,6000,8,1024,108,6.5,Mid-Range,7,7,6,7,673.4265403777631
Phone_8433,Oppo,3000,4,256,50,6.4,Mid-Range,6,6,7,8,642.0478506480516
Phone_8434,Samsung,3000,16,64,108,6.8,Mid-Range,5,8,7,7,495.4472949414902
Phone_8435,Apple,4500,6,128,108,6.1,Budget,8,5,6,3,228.9215461000307
Phone_8436,Oppo,4000,6,1024,64,6.5,Mid-Range,6,7,5,7,463.4585302842271
Phone_8437,Oppo,3000,12,128,50,6.1,Mid-Range,5,8,7,5,677.9023866163345
Phone_8438,Samsung,5000,12,256,12,6.5,Premium,5,7,8,6,1159.1322570498235
Phone_8439,Apple,6000,6,512,64,6.4,Mid-Range,7,8,7,5,415.66135072328564
Phone_8440,OnePlus,4000,12,64,64,6.4,Mid-Range,7,7,6,5,679.888343267744
Phone_8441,OnePlus,3000,4,512,12,6.7,Mid-Range,5,8,7,6,680.1689082193501
Phone_8442,Apple,4500,16,256,50,6.1,Premium,5,10,9,6,1203.1877367164311
Phone_8443,Xiaomi,6000,4,512,64,6.7,Mid-Range,5,6,7,4,465.9607541135633
Phone_8444,Samsung,3000,8,256,108,6.4,Mid-Range,7,6,6,4,647.7218884294325
Phone_8445,Apple,4500,6,256,12,6.4,Mid-Range,6,7,7,8,677.2232938464182
Phone_8446,OnePlus,3000,4,1024,48,6.1,Mid-Range,6,8,7,5,460.95179223254826
Phone_8447,Oppo,6000,4,512,64,6.7,Mid-Range,7,7,5,4,496.88076788626756
Phone_8448,OnePlus,5000,12,128,108,6.7,Mid-Range,6,7,6,6,433.6930108599222
Phone_8449,Oppo,5000,12,256,50,6.7,Premium,7,9,8,6,873.4079031622712
Phone_8450,Samsung,4500,12,512,50,6.1,Premium,6,8,10,10,1493.4933077794558
Phone_8451,Oppo,5000,8,128,12,6.1,Mid-Range,5,8,7,4,375.5319122422075
Phone_8452,Apple,6000,4,64,108,6.1,Budget,9,4,5,5,165.6537627578839
Phone_8453,Oppo,4500,16,128,12,6.8,Mid-Range,8,6,8,6,468.2334918479619
Phone_8454,Xiaomi,3000,12,512,64,6.4,Premium,7,8,9,10,1110.0825743128855
Phone_8455,Apple,4000,8,512,12,6.8,Mid-Range,5,8,7,5,429.9721900224973
Phone_8456,Samsung,3000,8,128,48,6.8,Mid-Range,8,5,6,8,333.2530845520867
Phone_8457,Apple,6000,12,128,12,6.4,Mid-Range,6,6,5,4,692.7798860538187
Phone_8458,Xiaomi,4500,6,256,12,6.5,Mid-Range,7,6,7,8,406.0801551675404
Phone_8459,Samsung,3000,4,512,64,6.5,Mid-Range,5,8,6,7,598.4144927539892
Phone_8460,OnePlus,4500,12,256,108,6.5,Premium,5,7,9,7,1277.4172214367754
Phone_8461,Xiaomi,5000,16,256,48,6.1,Premium,5,9,7,6,1313.3029066033312
Phone_8462,Samsung,4000,4,64,12,6.1,Budget,7,6,3,4,257.8515312659453
Phone_8463,Oppo,6000,8,512,64,6.7,Mid-Range,8,5,6,6,337.6555153508496
Phone_8464,Apple,3000,16,256,64,6.7,Premium,6,8,10,6,1021.6571972882832
Phone_8465,Samsung,4000,4,64,64,6.8,Budget,7,3,3,3,146.25075306511224
Phone_8466,Apple,6000,16,256,108,6.7,Premium,4,9,7,9,722.4110624406802
Phone_8467,Oppo,6000,8,256,12,6.1,Mid-Range,5,8,6,7,592.3790620945238
Phone_8468,Samsung,5000,12,512,50,6.8,Premium,4,10,8,6,1178.9913207667514
Phone_8469,OnePlus,4500,16,128,48,6.7,Mid-Range,6,8,7,4,368.5954270297798
Phone_8470,Xiaomi,4500,12,128,50,6.7,Mid-Range,5,6,7,6,630.2424218489859
Phone_8471,Samsung,4000,8,512,108,6.5,Mid-Range,8,8,6,5,579.5598961981166
Phone_8472,Oppo,5000,8,128,12,6.1,Mid-Range,6,5,6,5,502.72767396024426
Phone_8473,Samsung,6000,16,1024,50,6.8,Premium,5,8,8,8,1390.6605564247598
Phone_8474,Apple,5000,16,128,50,6.4,Mid-Range,5,5,7,5,516.0657977468393
Phone_8475,Samsung,5000,8,256,50,6.7,Mid-Range,7,6,8,8,365.0839698186532
Phone_8476,OnePlus,4000,16,256,48,6.1,Premium,4,10,10,6,1117.6631331042327
Phone_8477,Samsung,4500,16,64,12,6.8,Mid-Range,8,8,6,7,396.53727263370894
Phone_8478,Xiaomi,5000,16,512,64,6.1,Premium,5,10,9,7,883.3769421746817
Phone_8479,Samsung,5000,16,64,12,6.1,Mid-Range,5,8,6,8,571.8621177637556
Phone_8480,Apple,5000,4,256,50,6.8,Mid-Range,8,6,5,7,329.10461021418354
Phone_8481,Samsung,3000,8,256,12,6.5,Mid-Range,5,7,5,4,560.3585568692035
Phone_8482,OnePlus,5000,8,64,64,6.5,Mid-Range,7,5,5,5,313.8387021952304
Phone_8483,Oppo,5000,6,1024,48,6.7,Mid-Range,6,6,6,8,661.9947220220032
Phone_8484,Samsung,6000,12,128,12,6.5,Mid-Range,5,5,6,7,611.4659739998317
Phone_8485,Samsung,3000,6,1024,12,6.7,Mid-Range,5,7,6,5,589.7565751996445
Phone_8486,Xiaomi,5000,16,1024,48,6.7,Premium,4,10,10,7,825.5786314999327
Phone_8487,OnePlus,5000,16,1024,48,6.8,Premium,4,10,8,6,1035.9149015276448
Phone_8488,Oppo,4000,4,1024,50,6.1,Mid-Range,5,5,5,4,669.7267220622236
Phone_8489,Apple,4000,4,128,50,6.4,Budget,9,5,3,4,260.74049626813996
Phone_8490,Samsung,3000,4,512,48,6.4,Mid-Range,5,8,5,6,313.87527728397873
Phone_8491,Oppo,6000,4,64,64,6.5,Budget,10,3,5,3,243.41594983625714
Phone_8492,Apple,3000,4,1024,50,6.8,Mid-Range,7,5,6,6,361.591026885509
Phone_8493,OnePlus,3000,4,1024,64,6.4,Mid-Range,7,7,5,7,537.0790079928181
Phone_8494,OnePlus,4000,4,64,48,6.1,Budget,8,5,5,2,121.4419272079565
Phone_8495,Oppo,4000,4,64,12,6.7,Budget,7,4,3,5,149.35068917282365
Phone_8496,Apple,6000,4,512,48,6.7,Mid-Range,6,8,7,4,428.9034888799979
Phone_8497,OnePlus,5000,8,256,48,6.8,Mid-Range,7,8,7,4,457.663731747734
Phone_8498,Oppo,6000,4,512,108,6.5,Mid-Range,5,5,7,8,677.8300532016723
Phone_8499,OnePlus,5000,12,256,48,6.1,Premium,5,8,7,7,1046.0483951326005
Phone_8500,OnePlus,4500,4,128,50,6.5,Budget,10,3,5,3,236.47133621350505
Phone_8501,OnePlus,4000,16,512,12,6.5,Premium,5,8,8,9,1490.8925505691743
Phone_8502,Xiaomi,4500,16,128,64,6.8,Mid-Range,6,8,7,5,465.8608234383979
Phone_8503,Apple,4500,4,64,108,6.7,Budget,7,4,3,5,287.5888999975141
Phone_8504,Oppo,4000,4,512,50,6.5,Mid-Range,8,5,7,5,458.02675696201163
Phone_8505,Oppo,4500,16,64,12,6.5,Mid-Range,6,7,7,8,528.4480580162312
Phone_8506,Apple,3000,12,1024,64,6.1,Premium,7,10,7,6,1240.9391993744782
Phone_8507,Apple,5000,6,64,12,6.7,Budget,10,5,6,3,265.17666199730763
Phone_8508,Apple,6000,8,1024,50,6.5,Mid-Range,5,8,7,7,368.37513452375646
Phone_8509,Apple,4000,16,256,12,6.4,Premium,4,8,9,8,1340.1305669898993
Phone_8510,Samsung,3000,4,1024,48,6.4,Mid-Range,6,7,7,6,694.9057496272655
Phone_8511,Oppo,6000,8,256,12,6.7,Mid-Range,5,6,5,6,377.55641572805223
Phone_8512,Samsung,6000,4,1024,48,6.7,Mid-Range,6,7,7,6,326.7796103325033
Phone_8513,OnePlus,6000,6,1024,50,6.8,Mid-Range,5,6,6,6,456.7161972967647
Phone_8514,OnePlus,4500,6,128,108,6.5,Budget,7,4,5,5,112.36059299778293
Phone_8515,Oppo,4500,16,128,48,6.4,Mid-Range,8,8,5,8,350.2948766026973
Phone_8516,OnePlus,4500,8,64,12,6.4,Mid-Range,7,8,5,5,528.5902340667169
Phone_8517,Apple,4500,8,128,12,6.7,Mid-Range,6,5,7,5,475.03690132284936
Phone_8518,Samsung,3000,6,256,12,6.7,Mid-Range,8,5,5,6,634.7545403253312
Phone_8519,Apple,4500,4,128,50,6.1,Budget,9,6,4,3,128.1505470669557
Phone_8520,OnePlus,4000,16,64,64,6.1,Mid-Range,6,7,6,8,694.2652478214062
Phone_8521,Samsung,6000,12,512,12,6.7,Premium,4,8,9,7,1427.106113985351
Phone_8522,Apple,3000,6,256,12,6.1,Mid-Range,5,6,8,8,494.98022257517505
Phone_8523,Oppo,4500,6,512,48,6.7,Mid-Range,8,7,8,8,520.8779309579064
Phone_8524,Apple,6000,16,256,108,6.7,Premium,5,9,9,7,751.5956449053856
Phone_8525,OnePlus,3000,4,64,12,6.8,Budget,7,4,3,5,163.39704591085
Phone_8526,Samsung,6000,8,128,50,6.1,Mid-Range,7,5,8,6,563.0942472805689
Phone_8527,Oppo,3000,6,512,64,6.5,Mid-Range,7,8,7,6,406.7239705829511
Phone_8528,Samsung,5000,16,512,64,6.5,Premium,5,7,10,8,1492.6102228003801
Phone_8529,Oppo,3000,16,128,64,6.8,Mid-Range,5,5,8,4,614.8739127351182
Phone_8530,Samsung,4500,16,64,50,6.5,Mid-Range,6,5,5,8,550.9861112067855
Phone_8531,OnePlus,6000,8,128,64,6.5,Mid-Range,8,5,7,8,682.5997308583321
Phone_8532,Oppo,6000,6,1024,64,6.8,Mid-Range,7,5,8,8,649.1537047353672
Phone_8533,Xiaomi,6000,16,1024,48,6.4,Premium,7,8,8,7,1173.1420932353356
Phone_8534,Samsung,4000,8,1024,64,6.8,Mid-Range,5,7,6,8,417.52696871163096
Phone_8535,Samsung,4000,4,512,48,6.8,Mid-Range,8,8,6,8,349.62745374189456
Phone_8536,Apple,4500,12,512,48,6.1,Premium,6,10,7,8,1187.5445237321867
Phone_8537,Oppo,5000,6,64,48,6.5,Budget,7,3,5,5,234.0274071635111
Phone_8538,Xiaomi,4000,8,256,50,6.5,Mid-Range,6,5,5,8,306.68236215089473
Phone_8539,OnePlus,3000,12,128,12,6.4,Mid-Range,7,6,8,4,355.2856831629166
Phone_8540,Apple,4500,12,256,108,6.8,Premium,4,10,8,10,1134.5139291536298
Phone_8541,Xiaomi,5000,8,512,64,6.7,Mid-Range,5,7,5,6,656.9666280967396
Phone_8542,Oppo,3000,8,128,108,6.4,Mid-Range,8,8,8,6,428.38378720625974
Phone_8543,Xiaomi,6000,8,512,12,6.4,Mid-Range,8,7,7,8,476.44806437445476
Phone_8544,Samsung,4000,16,64,48,6.5,Mid-Range,8,7,7,4,453.629127757199
Phone_8545,Samsung,3000,4,128,48,6.5,Budget,7,4,3,2,247.74086904990486
Phone_8546,Apple,5000,16,512,48,6.5,Premium,6,7,10,8,1415.4455684359186
Phone_8547,Oppo,4500,12,1024,48,6.5,Premium,4,7,9,9,1011.1909398234939
Phone_8548,Oppo,3000,12,1024,64,6.4,Premium,5,9,10,9,979.8752803458661
Phone_8549,Xiaomi,4500,12,512,12,6.8,Premium,4,9,10,6,1260.0392067513096
Phone_8550,Apple,6000,8,256,12,6.5,Mid-Range,6,6,5,5,410.5149915960743
Phone_8551,Oppo,5000,6,64,12,6.1,Budget,8,3,3,2,262.87877391829295
Phone_8552,Samsung,5000,16,64,108,6.4,Mid-Range,5,6,8,8,506.00233434853413
Phone_8553,Xiaomi,4000,6,512,48,6.7,Mid-Range,7,8,6,5,476.6755368858444
Phone_8554,OnePlus,5000,4,64,50,6.7,Budget,7,4,3,3,121.22316107822435
Phone_8555,Samsung,3000,4,128,12,6.8,Budget,7,4,5,2,107.43499390074098
Phone_8556,Apple,3000,16,64,108,6.4,Mid-Range,5,7,5,7,408.2649921295457
Phone_8557,Oppo,3000,12,1024,64,6.4,Premium,7,8,10,7,1172.1926128941604
Phone_8558,Samsung,6000,4,512,48,6.4,Mid-Range,6,8,7,4,649.7913008246151
Phone_8559,OnePlus,5000,6,128,108,6.1,Budget,9,3,6,3,128.38242218514404
Phone_8560,OnePlus,5000,6,64,50,6.1,Budget,8,4,5,3,181.7867461828755
Phone_8561,Apple,3000,8,1024,50,6.5,Mid-Range,7,6,5,6,436.0728316066504
Phone_8562,Samsung,4000,12,256,64,6.7,Premium,4,7,10,9,1145.988214975584
Phone_8563,Xiaomi,4000,8,64,12,6.1,Mid-Range,5,6,8,7,562.6413924221897
Phone_8564,Samsung,5000,16,1024,12,6.7,Premium,4,7,7,8,1240.0083911778527
Phone_8565,OnePlus,5000,4,1024,108,6.4,Mid-Range,7,7,7,6,553.8408623779544
Phone_8566,Apple,4500,8,1024,108,6.1,Mid-Range,8,7,6,6,405.0638516132838
Phone_8567,Apple,5000,8,1024,12,6.7,Mid-Range,5,6,7,8,563.1281711081863
Phone_8568,Xiaomi,3000,16,256,12,6.1,Premium,4,7,8,7,1383.7239103898132
Phone_8569,Apple,6000,6,512,108,6.4,Mid-Range,6,8,8,5,477.95508865668603
Phone_8570,Apple,5000,6,1024,48,6.4,Mid-Range,8,8,5,8,399.74938737355285
Phone_8571,Apple,5000,16,512,50,6.4,Premium,7,10,10,9,925.0444154713756
Phone_8572,Apple,3000,6,256,50,6.5,Mid-Range,5,5,8,4,601.6508712958125
Phone_8573,Apple,4500,16,256,64,6.7,Premium,6,7,7,9,847.8787570623117
Phone_8574,OnePlus,5000,6,128,50,6.5,Budget,9,4,3,4,288.8561333224476
Phone_8575,Samsung,4000,16,128,108,6.8,Mid-Range,7,8,7,7,336.84438292413864
Phone_8576,Oppo,4000,6,1024,48,6.8,Mid-Range,7,6,6,7,427.8251033198289
Phone_8577,Apple,4000,8,512,108,6.1,Mid-Range,6,5,8,4,468.8956594416161
Phone_8578,Oppo,6000,8,256,12,6.1,Mid-Range,8,8,8,6,370.7544892229812
Phone_8579,Oppo,6000,6,64,12,6.1,Budget,8,6,4,2,218.61435255772466
Phone_8580,OnePlus,5000,16,128,50,6.5,Mid-Range,7,8,7,8,582.4884790245345
Phone_8581,Apple,5000,8,128,48,6.4,Mid-Range,6,7,7,7,474.7861956984624
Phone_8582,Oppo,5000,4,64,64,6.1,Budget,9,6,4,5,280.94854699527355
Phone_8583,Apple,6000,6,512,108,6.1,Mid-Range,6,5,6,4,465.92730544358193
Phone_8584,Xiaomi,5000,4,512,64,6.8,Mid-Range,5,7,6,7,536.9627192893087
Phone_8585,Xiaomi,3000,4,512,64,6.4,Mid-Range,5,5,7,6,674.5569268407645
Phone_8586,Xiaomi,4500,12,1024,64,6.5,Premium,7,8,7,9,1204.3813918296569
Phone_8587,Oppo,4000,4,1024,64,6.4,Mid-Range,7,6,8,8,655.1451983719644
Phone_8588,Xiaomi,4000,4,64,108,6.8,Budget,9,5,3,3,263.505327013199
Phone_8589,OnePlus,3000,12,256,12,6.5,Premium,5,9,7,7,1176.6889767136863
Phone_8590,OnePlus,5000,12,64,108,6.7,Mid-Range,7,7,7,8,358.82756254044244
Phone_8591,Oppo,6000,12,256,12,6.1,Premium,4,7,10,8,1218.8214957214843
Phone_8592,Apple,5000,16,64,12,6.5,Mid-Range,6,6,5,7,644.9425217243049
Phone_8593,Samsung,5000,12,1024,108,6.8,Premium,5,7,9,9,959.962386500765
Phone_8594,Apple,4000,16,512,108,6.4,Premium,4,9,10,7,792.4644555225332
Phone_8595,Apple,4000,6,128,108,6.5,Budget,9,6,6,3,274.70826564244095
Phone_8596,Apple,6000,16,64,12,6.8,Mid-Range,8,7,5,6,433.37222226974575
Phone_8597,Apple,4000,6,64,108,6.5,Budget,7,4,3,2,243.3410572273691
Phone_8598,Samsung,5000,12,128,48,6.1,Mid-Range,8,6,8,5,525.5613390917727
Phone_8599,Xiaomi,3000,12,64,50,6.4,Mid-Range,8,5,7,4,647.3476414653389
Phone_8600,Apple,6000,6,512,50,6.4,Mid-Range,8,6,7,8,401.8025178465342
Phone_8601,OnePlus,3000,8,128,48,6.5,Mid-Range,6,8,7,4,563.3637716893629
Phone_8602,Oppo,5000,16,128,50,6.8,Mid-Range,7,7,5,6,676.163941653787
Phone_8603,Oppo,6000,4,512,12,6.1,Mid-Range,5,6,6,5,386.3487387520853
Phone_8604,OnePlus,3000,12,512,108,6.1,Premium,7,7,7,10,1478.8458127341603
Phone_8605,Apple,6000,16,128,108,6.5,Mid-Range,5,8,8,4,462.9671103271397
Phone_8606,Samsung,5000,16,512,108,6.7,Premium,5,9,9,7,1343.9895047031346
Phone_8607,Xiaomi,6000,12,512,48,6.5,Premium,7,9,8,6,1142.6861595203377
Phone_8608,Oppo,5000,6,512,48,6.1,Mid-Range,6,5,7,8,452.83745190151103
Phone_8609,Xiaomi,6000,12,128,12,6.4,Mid-Range,8,6,8,5,329.7573517290391
Phone_8610,Samsung,6000,16,64,48,6.5,Mid-Range,8,6,8,6,445.05786289333537
Phone_8611,Oppo,4000,8,256,108,6.5,Mid-Range,5,7,8,8,397.65671483991986
Phone_8612,Xiaomi,5000,6,128,12,6.4,Budget,10,4,6,4,158.45637917155034
Phone_8613,Samsung,4500,12,256,12,6.5,Premium,4,10,7,10,1056.5236283751806
Phone_8614,Xiaomi,6000,4,512,108,6.8,Mid-Range,5,6,5,7,659.3960116834223
Phone_8615,Apple,3000,12,512,64,6.4,Premium,4,9,7,7,1396.198194209278
Phone_8616,Samsung,4000,16,64,108,6.4,Mid-Range,7,8,7,8,332.6630167386916
Phone_8617,Xiaomi,4000,16,512,12,6.4,Premium,6,10,10,7,1107.8120134280098
Phone_8618,Apple,6000,4,256,64,6.1,Mid-Range,8,6,5,7,322.5700826972908
Phone_8619,Apple,4500,6,128,108,6.5,Budget,8,3,5,5,292.1141916671671
Phone_8620,Samsung,4000,16,128,108,6.7,Mid-Range,6,8,6,5,375.2608122722772
Phone_8621,OnePlus,5000,6,64,64,6.5,Budget,10,5,5,3,207.92106084394112
Phone_8622,Oppo,6000,6,256,64,6.5,Mid-Range,7,7,8,8,615.1127734374763
Phone_8623,Samsung,6000,12,512,50,6.1,Premium,5,7,10,9,808.1794883284563
Phone_8624,Apple,4500,6,1024,64,6.8,Mid-Range,5,8,7,4,322.78241123241435
Phone_8625,Apple,5000,16,64,48,6.8,Mid-Range,7,7,8,4,503.82609769495514
Phone_8626,Samsung,5000,16,64,64,6.1,Mid-Range,8,6,8,7,479.5399557009513
Phone_8627,OnePlus,4500,8,1024,12,6.1,Mid-Range,8,7,5,5,454.7430328978454
Phone_8628,Oppo,3000,6,128,64,6.1,Budget,7,6,6,5,256.6799732756523
Phone_8629,Xiaomi,5000,8,128,108,6.5,Mid-Range,5,5,7,6,614.9408082664767
Phone_8630,Samsung,3000,12,128,48,6.1,Mid-Range,7,6,5,6,395.9823179308462
Phone_8631,Oppo,3000,8,1024,64,6.7,Mid-Range,5,8,5,6,483.29412362025755
Phone_8632,Oppo,6000,6,512,48,6.4,Mid-Range,5,8,8,8,652.4257223067184
Phone_8633,Apple,6000,16,512,50,6.8,Premium,5,9,7,10,1317.4932023518286
Phone_8634,Xiaomi,4000,12,256,48,6.7,Premium,4,7,9,8,705.9874120905389
Phone_8635,Samsung,6000,6,256,108,6.8,Mid-Range,7,7,7,7,655.652977019554
Phone_8636,Apple,5000,12,128,50,6.5,Mid-Range,8,7,8,8,497.556261622466
Phone_8637,Apple,5000,4,1024,64,6.5,Mid-Range,8,7,6,7,498.8251658892309
Phone_8638,OnePlus,3000,6,64,48,6.1,Budget,7,4,6,2,137.94984281427386
Phone_8639,Oppo,5000,4,512,50,6.8,Mid-Range,5,7,6,4,371.97359400401484
Phone_8640,Samsung,6000,8,1024,64,6.5,Mid-Range,7,5,8,7,585.9544487136666
Phone_8641,Samsung,6000,6,256,64,6.5,Mid-Range,5,8,8,6,392.552534736173
Phone_8642,Samsung,6000,4,512,48,6.8,Mid-Range,8,6,5,4,420.4592691561344
Phone_8643,Apple,4500,16,512,48,6.5,Premium,5,9,8,6,827.8702916346605
Phone_8644,OnePlus,5000,8,1024,50,6.1,Mid-Range,5,8,7,8,599.9024801439471
Phone_8645,Xiaomi,4000,6,256,48,6.5,Mid-Range,8,7,8,7,592.2467516866086
Phone_8646,Apple,5000,6,1024,64,6.7,Mid-Range,8,8,8,6,333.2597410942119
Phone_8647,Xiaomi,5000,16,64,108,6.7,Mid-Range,7,8,6,8,601.8308400178043
Phone_8648,OnePlus,4500,16,512,50,6.1,Premium,4,8,7,8,1257.7829573750441
Phone_8649,Oppo,5000,4,1024,108,6.7,Mid-Range,8,7,6,6,542.0383905015274
Phone_8650,Samsung,3000,4,1024,108,6.5,Mid-Range,5,5,6,7,686.7497009805935
Phone_8651,Xiaomi,6000,4,64,64,6.7,Budget,9,3,3,5,173.8217134685151
Phone_8652,Apple,6000,12,1024,108,6.7,Premium,4,9,7,10,1380.6299508149955
Phone_8653,Xiaomi,4500,8,512,12,6.5,Mid-Range,7,5,7,5,529.293564511588
Phone_8654,Oppo,6000,6,128,50,6.8,Budget,7,6,6,4,192.5233069135499
Phone_8655,Samsung,3000,8,128,64,6.1,Mid-Range,8,5,7,8,615.2958453420645
Phone_8656,Xiaomi,4500,16,256,48,6.8,Premium,6,10,8,9,995.6337878245508
Phone_8657,Oppo,4000,8,64,64,6.8,Mid-Range,5,6,6,7,523.4222801459156
Phone_8658,Apple,6000,8,256,48,6.7,Mid-Range,6,8,8,7,524.2508899239862
Phone_8659,OnePlus,5000,4,128,64,6.4,Budget,7,4,3,2,246.479270452365
Phone_8660,Apple,3000,16,64,12,6.8,Mid-Range,8,6,7,7,482.9608876799
Phone_8661,Samsung,3000,8,1024,50,6.5,Mid-Range,8,5,6,7,367.1116451330785
Phone_8662,Apple,6000,6,1024,108,6.5,Mid-Range,5,7,5,4,396.33830515831005
Phone_8663,Apple,4000,4,512,64,6.5,Mid-Range,8,8,7,5,349.4011734116811
Phone_8664,Apple,5000,8,128,50,6.4,Mid-Range,7,6,6,4,589.396469121375
Phone_8665,Apple,4000,16,1024,50,6.4,Premium,4,9,8,8,1472.6642580913003
Phone_8666,Samsung,4000,6,64,50,6.1,Budget,10,3,3,3,295.23711846382344
Phone_8667,Oppo,6000,16,1024,50,6.4,Premium,7,9,10,10,1406.909371602675
Phone_8668,Xiaomi,5000,16,256,50,6.1,Premium,7,9,9,10,834.2682811993312
Phone_8669,OnePlus,6000,16,256,108,6.5,Premium,5,7,7,8,1093.1852446573555
Phone_8670,Xiaomi,6000,12,256,108,6.4,Premium,4,9,9,8,934.0781052261709
Phone_8671,Xiaomi,3000,6,256,64,6.7,Mid-Range,8,6,8,5,327.12906344516637
Phone_8672,OnePlus,6000,16,256,48,6.7,Premium,7,7,9,8,1304.5499163312538
Phone_8673,Samsung,4500,12,512,64,6.7,Premium,6,8,7,8,1345.2823357371844
Phone_8674,OnePlus,5000,4,256,50,6.4,Mid-Range,8,6,6,7,611.4961220825908
Phone_8675,Samsung,3000,12,512,48,6.4,Premium,6,8,10,7,706.7836467289691
Phone_8676,Xiaomi,5000,4,512,64,6.4,Mid-Range,5,8,6,7,488.26180871528334
Phone_8677,Samsung,3000,12,1024,48,6.7,Premium,5,10,7,7,741.1621401316844
Phone_8678,Oppo,4500,16,64,108,6.5,Mid-Range,8,5,5,7,314.3049440184393
Phone_8679,OnePlus,6000,12,256,50,6.8,Premium,7,9,10,6,840.225844390478
Phone_8680,Oppo,3000,12,64,48,6.5,Mid-Range,6,5,6,5,337.17614446805004
Phone_8681,Xiaomi,3000,16,128,12,6.4,Mid-Range,5,8,6,4,613.8659098479047
Phone_8682,OnePlus,3000,4,512,50,6.8,Mid-Range,6,6,5,6,327.8268340856323
Phone_8683,Xiaomi,4500,16,128,108,6.8,Mid-Range,5,6,6,5,373.3393357635833
Phone_8684,Oppo,5000,6,512,108,6.5,Mid-Range,6,8,6,6,365.14667105076114
Phone_8685,Xiaomi,4500,12,256,64,6.7,Premium,4,9,8,10,1079.1444853282824
Phone_8686,OnePlus,3000,6,128,12,6.1,Budget,8,5,6,5,116.73765641357458
Phone_8687,OnePlus,3000,16,1024,48,6.7,Premium,7,7,9,8,1353.65493638411
Phone_8688,Xiaomi,6000,16,128,64,6.7,Mid-Range,5,8,6,6,689.2635238916739
Phone_8689,OnePlus,4500,8,512,108,6.8,Mid-Range,6,8,5,5,300.8013256804915
Phone_8690,OnePlus,4500,6,512,48,6.4,Mid-Range,7,7,5,7,608.8473864319401
Phone_8691,Xiaomi,4000,8,64,108,6.4,Mid-Range,7,7,5,7,510.6032231677725
Phone_8692,Oppo,5000,6,128,108,6.8,Budget,8,4,5,3,186.48791456171227
Phone_8693,OnePlus,4000,8,1024,12,6.7,Mid-Range,8,5,5,7,348.01274945315055
Phone_8694,OnePlus,4000,8,256,50,6.5,Mid-Range,8,7,5,4,535.99968923267
Phone_8695,OnePlus,5000,6,64,48,6.1,Budget,9,3,6,3,194.3934509591158
Phone_8696,OnePlus,6000,16,128,12,6.7,Mid-Range,6,8,6,8,480.07576136384404
Phone_8697,Xiaomi,6000,4,64,108,6.7,Budget,7,5,4,3,291.8525436380271
Phone_8698,Oppo,5000,16,128,108,6.1,Mid-Range,7,8,5,5,529.339253383827
Phone_8699,Oppo,5000,4,256,12,6.5,Mid-Range,6,8,5,7,533.0442661989108
Phone_8700,Samsung,4500,6,256,48,6.1,Mid-Range,5,8,5,5,328.02025585417914
Phone_8701,OnePlus,4500,12,1024,108,6.8,Premium,4,10,9,8,983.6163004589249
Phone_8702,OnePlus,4500,16,64,48,6.1,Mid-Range,8,6,5,8,417.40166528677133
Phone_8703,Samsung,4500,8,1024,12,6.1,Mid-Range,5,7,6,7,345.77235379327686
Phone_8704,Oppo,3000,16,128,108,6.7,Mid-Range,5,7,7,6,340.88035759814994
Phone_8705,Apple,3000,6,256,64,6.7,Mid-Range,5,7,5,8,394.80625160740993
Phone_8706,Apple,6000,12,256,64,6.4,Premium,5,8,9,7,1422.1917269542273
Phone_8707,Oppo,3000,12,512,108,6.1,Premium,6,7,7,9,1345.1446726692607
Phone_8708,OnePlus,3000,16,512,50,6.8,Premium,5,10,9,10,1334.8573728333226
Phone_8709,Apple,4500,16,1024,108,6.4,Premium,6,10,8,8,1088.7683076834223
Phone_8710,Xiaomi,4500,16,64,108,6.1,Mid-Range,8,6,7,7,309.8662747911605
Phone_8711,Xiaomi,5000,6,128,108,6.7,Budget,10,4,5,4,241.6311516210777
Phone_8712,Samsung,4500,4,1024,12,6.8,Mid-Range,8,7,6,5,615.2555713452837
Phone_8713,Oppo,5000,4,256,108,6.5,Mid-Range,5,8,7,6,529.4518199752731
Phone_8714,Oppo,5000,8,256,108,6.4,Mid-Range,6,7,7,8,623.8713474183849
Phone_8715,Apple,3000,6,256,12,6.7,Mid-Range,8,7,7,4,427.75543510941526
Phone_8716,OnePlus,4500,12,128,108,6.5,Mid-Range,8,6,5,8,356.13642520502594
Phone_8717,Oppo,3000,8,1024,64,6.1,Mid-Range,7,7,6,8,621.2006427727304
Phone_8718,Apple,4500,12,128,64,6.8,Mid-Range,5,5,6,7,591.1366902417753
Phone_8719,Apple,3000,12,256,108,6.7,Premium,5,9,7,8,1314.1276476946048
Phone_8720,Oppo,3000,16,512,12,6.7,Premium,5,9,7,9,1083.2018038193053
Phone_8721,Apple,3000,12,1024,108,6.8,Premium,7,8,10,10,811.3794138469932
Phone_8722,Samsung,6000,12,512,108,6.7,Premium,5,7,9,7,1293.6772250908418
Phone_8723,Samsung,3000,6,1024,48,6.7,Mid-Range,8,5,6,5,500.9240204880242
Phone_8724,Oppo,4000,16,256,50,6.1,Premium,7,7,9,7,1453.9539485375951
Phone_8725,OnePlus,4000,16,512,12,6.4,Premium,4,8,10,8,1372.7914365094236
Phone_8726,Samsung,4000,8,512,50,6.5,Mid-Range,7,5,7,6,409.0805386843381
Phone_8727,Samsung,5000,16,1024,48,6.8,Premium,6,9,8,8,898.9216678222583
Phone_8728,Oppo,3000,4,512,50,6.5,Mid-Range,6,5,6,4,683.224636252205
Phone_8729,Xiaomi,4000,6,512,108,6.8,Mid-Range,7,7,5,6,366.7384150972307
Phone_8730,Apple,5000,8,256,64,6.8,Mid-Range,5,7,8,4,512.2379277631331
Phone_8731,Samsung,4000,4,1024,12,6.7,Mid-Range,7,7,7,7,615.8463512971721
Phone_8732,Xiaomi,4500,12,1024,12,6.1,Premium,6,7,10,7,1382.2142133521706
Phone_8733,OnePlus,6000,4,64,108,6.8,Budget,8,3,3,4,147.0918902842157
Phone_8734,Xiaomi,3000,8,1024,50,6.5,Mid-Range,7,8,8,8,517.9571977950956
Phone_8735,Oppo,6000,16,256,12,6.4,Premium,4,9,9,7,911.2633918833767
Phone_8736,OnePlus,6000,6,512,48,6.5,Mid-Range,8,6,5,6,633.196705701419
Phone_8737,OnePlus,4500,8,64,48,6.1,Mid-Range,5,6,8,6,649.2663453402849
Phone_8738,Xiaomi,4500,4,512,50,6.4,Mid-Range,5,6,5,4,594.5242189585219
Phone_8739,Oppo,4500,4,1024,48,6.7,Mid-Range,6,7,6,7,628.9442593290707
Phone_8740,Samsung,5000,8,128,64,6.5,Mid-Range,7,5,7,8,568.6851105499022
Phone_8741,Xiaomi,4000,8,512,108,6.5,Mid-Range,6,5,7,7,356.74667180766244
Phone_8742,Samsung,3000,8,1024,12,6.8,Mid-Range,6,6,5,4,311.9418102810916
Phone_8743,Xiaomi,4500,16,256,108,6.8,Premium,6,8,8,6,1125.5796514536103
Phone_8744,Samsung,3000,8,1024,50,6.4,Mid-Range,5,8,7,7,582.8643269890314
Phone_8745,Xiaomi,3000,12,64,108,6.7,Mid-Range,7,8,6,8,459.38459410329256
Phone_8746,OnePlus,3000,6,128,12,6.8,Budget,9,4,5,3,142.3528807545889
Phone_8747,Apple,4500,6,128,12,6.5,Budget,9,3,4,2,249.8254104684094
Phone_8748,OnePlus,4500,12,128,50,6.4,Mid-Range,5,6,7,6,427.63430604805444
Phone_8749,Samsung,4000,4,256,12,6.8,Mid-Range,6,6,8,8,436.73990331296454
Phone_8750,Oppo,4500,4,128,48,6.8,Budget,8,4,4,2,150.87634368530522
Phone_8751,OnePlus,4500,4,512,108,6.1,Mid-Range,5,5,5,7,596.678628825726
Phone_8752,Apple,3000,4,256,64,6.4,Mid-Range,8,6,5,4,611.0107565048061
Phone_8753,Samsung,4000,16,1024,64,6.4,Premium,5,9,7,7,878.4713130654579
Phone_8754,OnePlus,6000,12,64,64,6.7,Mid-Range,5,5,8,4,467.1430976214847
Phone_8755,Xiaomi,4500,6,256,50,6.8,Mid-Range,7,6,8,7,542.8209809095885
Phone_8756,Oppo,4500,12,64,64,6.4,Mid-Range,6,7,5,5,659.3529867196607
Phone_8757,Samsung,6000,6,256,108,6.7,Mid-Range,5,5,7,5,443.10080493847636
Phone_8758,OnePlus,3000,4,1024,12,6.8,Mid-Range,5,5,8,4,433.6988722861943
Phone_8759,Samsung,4000,16,64,48,6.5,Mid-Range,6,8,7,7,549.0914160545628
Phone_8760,Xiaomi,3000,8,256,64,6.1,Mid-Range,7,6,7,6,573.4552746820207
Phone_8761,Apple,5000,8,64,64,6.7,Mid-Range,7,7,7,7,483.09950781984656
Phone_8762,OnePlus,4500,4,128,64,6.1,Budget,7,6,6,3,101.65823280899444
Phone_8763,Samsung,5000,4,128,48,6.5,Budget,7,3,4,2,271.88885865214905
Phone_8764,Samsung,4500,12,128,108,6.4,Mid-Range,7,5,6,4,556.3669068737953
Phone_8765,Samsung,5000,16,512,64,6.8,Premium,6,8,7,9,760.2630871843714
Phone_8766,Apple,6000,16,128,12,6.4,Mid-Range,7,6,6,5,417.9278390250534
Phone_8767,Samsung,4500,12,128,50,6.1,Mid-Range,6,8,5,6,307.54056189591563
Phone_8768,Oppo,4500,16,1024,48,6.4,Premium,4,10,7,6,987.036151188114
Phone_8769,Oppo,5000,16,64,108,6.4,Mid-Range,7,6,7,5,492.9672599613984
Phone_8770,Samsung,4000,8,64,12,6.7,Mid-Range,5,5,6,8,338.1820348115664
Phone_8771,Oppo,5000,16,128,48,6.7,Mid-Range,8,7,7,6,683.0238779793625
Phone_8772,OnePlus,4500,4,64,48,6.5,Budget,8,4,5,3,197.20277788521253
Phone_8773,Oppo,4500,8,256,50,6.7,Mid-Range,8,8,7,8,489.7869051292887
Phone_8774,Samsung,4000,4,128,50,6.7,Budget,7,3,5,3,269.5436033033046
Phone_8775,Xiaomi,3000,4,128,108,6.7,Budget,9,5,5,2,178.86230178138385
Phone_8776,OnePlus,4000,12,512,64,6.7,Premium,4,7,9,7,798.4427996604051
Phone_8777,Apple,3000,16,256,50,6.5,Premium,5,8,8,9,1367.4323720584953
Phone_8778,Samsung,4500,16,128,108,6.7,Mid-Range,5,6,5,7,378.1944766904631
Phone_8779,Apple,6000,16,128,48,6.7,Mid-Range,8,7,6,4,572.9302641551735
Phone_8780,Xiaomi,6000,16,64,64,6.1,Mid-Range,8,7,7,7,620.8431909347869
Phone_8781,Apple,5000,8,128,12,6.7,Mid-Range,6,8,5,7,309.252839767381
Phone_8782,Samsung,4000,6,128,48,6.5,Budget,8,4,4,4,266.5528475799713
Phone_8783,Samsung,4000,4,128,108,6.5,Budget,9,6,5,5,235.2010372984568
Phone_8784,Xiaomi,6000,6,128,12,6.4,Budget,7,4,6,4,256.0973237106001
Phone_8785,Samsung,3000,6,512,48,6.7,Mid-Range,7,7,7,6,548.0772546205452
Phone_8786,Xiaomi,4000,6,256,50,6.8,Mid-Range,5,8,5,8,468.30865615394873
Phone_8787,Xiaomi,3000,8,512,108,6.4,Mid-Range,6,5,5,7,333.8367857467633
Phone_8788,Samsung,3000,6,64,12,6.5,Budget,10,6,3,2,266.58983792296743
Phone_8789,Oppo,3000,8,1024,50,6.4,Mid-Range,8,8,5,6,689.3141773037948
Phone_8790,Xiaomi,3000,12,128,12,6.8,Mid-Range,7,6,8,5,559.5240845364209
Phone_8791,Samsung,5000,12,64,64,6.1,Mid-Range,6,8,8,8,432.2178801777154
Phone_8792,Oppo,5000,12,1024,64,6.8,Premium,7,7,10,8,925.6413639049824
Phone_8793,Xiaomi,6000,8,128,108,6.4,Mid-Range,7,5,5,8,595.1205066222461
Phone_8794,Oppo,5000,8,128,12,6.7,Mid-Range,8,8,8,5,362.49679287382236
Phone_8795,OnePlus,4000,4,1024,64,6.1,Mid-Range,6,8,6,7,511.53146495428257
Phone_8796,OnePlus,5000,6,512,48,6.8,Mid-Range,8,8,7,6,502.74596031356697
Phone_8797,Oppo,4000,16,1024,48,6.7,Premium,4,10,10,9,1305.6672555683608
Phone_8798,Xiaomi,4000,16,1024,64,6.8,Premium,4,9,9,10,952.2852596248727
Phone_8799,Samsung,3000,6,256,64,6.5,Mid-Range,8,8,7,7,526.0042997245725
Phone_8800,Apple,6000,16,128,108,6.7,Mid-Range,6,7,6,8,579.5584068191148
Phone_8801,Samsung,3000,16,128,108,6.5,Mid-Range,7,7,8,7,538.3845036685668
Phone_8802,Apple,3000,16,512,48,6.1,Premium,4,10,10,6,1250.7899439738185
Phone_8803,Apple,5000,8,512,50,6.1,Mid-Range,5,7,8,8,553.5724450234892
Phone_8804,Xiaomi,5000,8,256,12,6.1,Mid-Range,7,8,5,6,571.0965691798716
Phone_8805,Oppo,4000,8,256,50,6.1,Mid-Range,8,8,5,8,390.1992614657847
Phone_8806,Samsung,5000,6,256,108,6.5,Mid-Range,6,7,5,6,638.3474566269012
Phone_8807,Oppo,5000,12,512,50,6.5,Premium,4,9,9,8,969.2565006795625
Phone_8808,OnePlus,4500,16,1024,108,6.4,Premium,5,10,9,6,1010.268513817208
Phone_8809,Xiaomi,4000,4,128,50,6.4,Budget,8,6,5,2,250.47317723413684
Phone_8810,Xiaomi,4000,8,128,48,6.5,Mid-Range,7,6,5,4,343.4341772206891
Phone_8811,OnePlus,4500,4,64,108,6.1,Budget,7,6,6,3,141.64567621972415
Phone_8812,Samsung,4000,16,512,48,6.4,Premium,4,9,9,9,830.1430773202965
Phone_8813,OnePlus,6000,12,512,50,6.7,Premium,4,8,7,6,1033.5517627327126
Phone_8814,Samsung,6000,4,256,64,6.5,Mid-Range,5,8,7,6,594.8774134255914
Phone_8815,Apple,4500,16,64,64,6.7,Mid-Range,7,7,8,7,413.5527320478901
Phone_8816,Xiaomi,5000,16,64,12,6.1,Mid-Range,8,7,6,6,571.1636783596107
Phone_8817,Samsung,6000,8,512,64,6.5,Mid-Range,6,7,5,5,616.3582296849787
Phone_8818,Oppo,4500,12,256,12,6.4,Premium,6,8,7,6,1267.7161643355412
Phone_8819,Oppo,6000,16,128,50,6.4,Mid-Range,8,7,7,7,614.3994573515067
Phone_8820,Xiaomi,3000,12,256,12,6.7,Premium,4,10,8,8,1079.2463909231171
Phone_8821,OnePlus,4500,8,128,12,6.5,Mid-Range,7,7,5,8,520.1607013534735
Phone_8822,OnePlus,4000,4,512,12,6.1,Mid-Range,6,5,5,8,360.9474210546738
Phone_8823,Samsung,6000,6,256,48,6.8,Mid-Range,8,8,7,4,583.8406717948278
Phone_8824,OnePlus,4000,6,64,12,6.8,Budget,7,5,3,5,147.7633298729538
Phone_8825,Xiaomi,4500,6,1024,108,6.1,Mid-Range,5,8,8,4,512.521118410062
Phone_8826,Samsung,6000,12,64,50,6.4,Mid-Range,6,6,6,6,550.7261445544639
Phone_8827,Apple,4000,6,128,48,6.8,Budget,8,5,3,3,194.6715262379006
Phone_8828,OnePlus,5000,4,512,108,6.1,Mid-Range,8,6,6,7,555.9170527139407
Phone_8829,OnePlus,5000,16,256,50,6.7,Premium,4,10,7,8,854.5519083512984
Phone_8830,Samsung,3000,12,512,48,6.4,Premium,6,10,9,9,1275.5102726606665
Phone_8831,Oppo,4500,4,512,50,6.1,Mid-Range,8,7,7,4,622.9368373052741
Phone_8832,OnePlus,4000,12,128,64,6.7,Mid-Range,8,6,6,5,315.0693643145037
Phone_8833,Xiaomi,3000,12,512,50,6.5,Premium,7,7,7,9,1050.1720765779155
Phone_8834,OnePlus,4500,12,256,64,6.8,Premium,6,9,8,6,835.4974139131275
Phone_8835,Apple,5000,8,64,64,6.8,Mid-Range,8,8,5,5,371.09088759103736
Phone_8836,OnePlus,4000,16,512,50,6.8,Premium,4,8,8,7,1215.5657274089826
Phone_8837,Oppo,6000,6,256,64,6.1,Mid-Range,6,6,6,6,536.5297985566074
Phone_8838,OnePlus,5000,8,256,48,6.5,Mid-Range,5,5,6,8,435.2647255639401
Phone_8839,Samsung,6000,16,128,64,6.1,Mid-Range,7,5,7,6,562.8484487441979
Phone_8840,OnePlus,6000,6,512,12,6.1,Mid-Range,6,5,5,5,405.05804470212513
Phone_8841,Oppo,4000,8,128,48,6.5,Mid-Range,6,7,8,4,470.4003028660536
Phone_8842,Samsung,4000,8,64,48,6.7,Mid-Range,6,7,8,6,699.3730019834907
Phone_8843,Xiaomi,6000,4,64,48,6.4,Budget,8,4,6,3,177.67828669649452
Phone_8844,Samsung,3000,8,256,12,6.8,Mid-Range,6,7,8,4,334.466332162317
Phone_8845,Apple,6000,12,512,12,6.5,Premium,4,7,8,6,914.0822798031204
Phone_8846,Samsung,6000,8,256,12,6.7,Mid-Range,6,6,7,8,535.430514289287
Phone_8847,Xiaomi,4000,12,512,12,6.5,Premium,6,10,10,8,1412.8705763279017
Phone_8848,OnePlus,4500,16,128,12,6.4,Mid-Range,6,8,7,4,663.4883748132113
Phone_8849,Samsung,5000,16,64,108,6.5,Mid-Range,8,6,6,7,358.6509298746402
Phone_8850,Samsung,4000,12,64,108,6.5,Mid-Range,5,5,5,8,495.89314073075514
Phone_8851,Samsung,3000,4,128,12,6.7,Budget,7,4,5,4,140.92341436003863
Phone_8852,Samsung,5000,4,1024,48,6.8,Mid-Range,5,8,7,8,333.397842787854
Phone_8853,Xiaomi,4000,16,1024,64,6.8,Premium,7,8,7,7,1364.0630367313333
Phone_8854,Oppo,4000,8,1024,64,6.7,Mid-Range,5,6,6,6,678.9387936731968
Phone_8855,Oppo,4500,16,512,108,6.7,Premium,7,7,8,6,1267.8943661969183
Phone_8856,Samsung,3000,16,128,12,6.1,Mid-Range,6,5,7,8,393.80424416248206
Phone_8857,Xiaomi,3000,12,512,50,6.1,Premium,4,7,10,6,1389.70764520778
Phone_8858,Xiaomi,4000,4,512,64,6.4,Mid-Range,8,8,8,7,618.9807010823737
Phone_8859,Samsung,4500,12,128,64,6.1,Mid-Range,6,7,6,4,378.1654305891194
Phone_8860,Apple,4000,16,512,48,6.1,Premium,4,8,7,10,1459.1121506368577
Phone_8861,Samsung,6000,6,128,64,6.5,Budget,10,5,3,4,195.0558535781962
Phone_8862,Apple,6000,8,1024,108,6.5,Mid-Range,6,6,5,8,542.9772310420233
Phone_8863,Samsung,4500,16,1024,12,6.7,Premium,5,9,10,10,1243.2267444344848
Phone_8864,Apple,4000,12,512,12,6.8,Premium,5,8,7,9,1045.3189007192777
Phone_8865,Apple,4500,6,64,64,6.4,Budget,7,3,4,5,287.8704741528351
Phone_8866,Samsung,4000,6,128,50,6.1,Budget,9,4,5,4,202.26239251835943
Phone_8867,Apple,4000,16,256,108,6.5,Premium,6,7,10,6,885.2127720053967
Phone_8868,OnePlus,6000,4,256,64,6.8,Mid-Range,8,5,7,6,387.79694138105276
Phone_8869,Oppo,5000,6,512,108,6.1,Mid-Range,7,6,7,4,626.5668874070327
Phone_8870,Xiaomi,3000,8,64,50,6.8,Mid-Range,6,7,8,8,682.9861468575889
Phone_8871,Apple,3000,12,128,108,6.5,Mid-Range,7,5,5,4,373.51293166926655
Phone_8872,Apple,4500,12,1024,108,6.7,Premium,6,7,9,10,1193.903753824123
Phone_8873,Xiaomi,3000,12,512,108,6.1,Premium,7,9,10,7,848.1800915282838
Phone_8874,Apple,6000,16,128,12,6.1,Mid-Range,8,8,5,6,691.7120484477314
Phone_8875,Xiaomi,5000,12,128,50,6.4,Mid-Range,7,5,6,7,427.7102925353745
Phone_8876,Samsung,4000,12,128,12,6.1,Mid-Range,8,5,5,7,673.6286178549384
Phone_8877,OnePlus,4000,8,64,48,6.5,Mid-Range,6,6,5,7,371.80718701086386
Phone_8878,OnePlus,6000,4,128,64,6.8,Budget,8,6,4,2,159.25848261239307
Phone_8879,Oppo,3000,16,64,12,6.8,Mid-Range,8,8,6,7,342.7954377892624
Phone_8880,Apple,4000,16,64,108,6.7,Mid-Range,5,6,6,6,471.10883815857227
Phone_8881,Oppo,3000,12,128,48,6.7,Mid-Range,8,5,7,6,304.872950673277
Phone_8882,Samsung,6000,8,1024,50,6.5,Mid-Range,7,5,6,8,452.53758308836245
Phone_8883,OnePlus,4000,6,128,50,6.8,Budget,9,3,6,2,176.9110141225
Phone_8884,Samsung,4500,12,1024,12,6.7,Premium,7,7,10,7,1407.5429987610432
Phone_8885,Samsung,5000,12,512,108,6.7,Premium,6,10,8,9,1227.3647332930404
Phone_8886,Apple,3000,16,256,108,6.4,Premium,6,8,9,10,1418.7267864184805
Phone_8887,Samsung,3000,16,512,50,6.4,Premium,6,8,9,7,952.9921140343083
Phone_8888,OnePlus,3000,12,64,108,6.5,Mid-Range,5,5,6,4,449.84473601915136
Phone_8889,Oppo,3000,16,512,64,6.5,Premium,6,7,7,8,1247.9607267246745
Phone_8890,OnePlus,6000,8,256,12,6.5,Mid-Range,6,6,6,7,618.1121356066501
Phone_8891,Apple,6000,6,256,12,6.5,Mid-Range,7,8,5,4,433.60292016200754
Phone_8892,OnePlus,6000,6,1024,108,6.8,Mid-Range,8,5,7,7,346.8061092955475
Phone_8893,Xiaomi,6000,6,512,50,6.1,Mid-Range,5,7,8,6,481.46394525275366
Phone_8894,Oppo,4000,12,64,64,6.5,Mid-Range,8,7,5,7,480.79066177645177
Phone_8895,Xiaomi,6000,12,64,64,6.4,Mid-Range,8,6,7,4,410.24380108754104
Phone_8896,Xiaomi,4000,12,1024,64,6.1,Premium,7,7,8,9,1168.5471044987612
Phone_8897,Apple,4500,8,1024,48,6.1,Mid-Range,7,5,7,8,607.53554772442
Phone_8898,Samsung,6000,6,512,108,6.8,Mid-Range,7,8,7,6,555.4898101795055
Phone_8899,Xiaomi,4500,16,1024,64,6.7,Premium,7,9,7,10,743.7545693551871
Phone_8900,OnePlus,6000,16,256,108,6.1,Premium,6,10,7,10,1406.9106408384162
Phone_8901,Samsung,4500,4,64,50,6.8,Budget,10,3,5,5,205.41671644010293
Phone_8902,OnePlus,5000,4,256,50,6.8,Mid-Range,8,8,8,6,513.3757495594801
Phone_8903,OnePlus,4500,16,128,50,6.8,Mid-Range,7,7,8,6,528.4482384519797
Phone_8904,Samsung,4000,6,256,48,6.5,Mid-Range,8,8,8,5,385.4664906561001
Phone_8905,Samsung,3000,12,64,50,6.7,Mid-Range,7,8,7,5,416.49015240639983
Phone_8906,OnePlus,4500,16,128,108,6.5,Mid-Range,8,5,6,7,492.277499436646
Phone_8907,Apple,3000,16,512,12,6.4,Premium,5,9,10,8,768.4634338009644
Phone_8908,Oppo,5000,4,128,12,6.7,Budget,10,3,4,5,205.6804468475762
Phone_8909,Oppo,5000,6,1024,108,6.5,Mid-Range,6,5,8,7,545.2599354218894
Phone_8910,Apple,4000,16,64,12,6.7,Mid-Range,5,6,6,4,593.5017906789205
Phone_8911,Samsung,4000,12,1024,64,6.4,Premium,6,8,8,9,1043.8458138257513
Phone_8912,OnePlus,4500,12,256,12,6.5,Premium,7,8,7,9,756.7526132719184
Phone_8913,Oppo,6000,8,512,48,6.7,Mid-Range,5,5,8,8,594.7989952204273
Phone_8914,OnePlus,5000,12,64,50,6.4,Mid-Range,5,7,7,6,674.546275603725
Phone_8915,Apple,3000,16,512,12,6.8,Premium,6,7,7,8,969.8806067984171
Phone_8916,OnePlus,6000,16,64,12,6.7,Mid-Range,5,8,8,8,541.8720915659329
Phone_8917,Apple,5000,12,1024,48,6.4,Premium,5,8,9,10,797.3261619682803
Phone_8918,Samsung,4500,4,256,48,6.8,Mid-Range,6,5,6,6,647.7729057167189
Phone_8919,Apple,5000,6,128,12,6.4,Budget,7,3,4,4,212.00601127855242
Phone_8920,Apple,4000,16,512,64,6.1,Premium,7,8,10,9,918.9218662795486
Phone_8921,Oppo,3000,12,64,12,6.4,Mid-Range,7,7,8,4,372.3596026475669
Phone_8922,OnePlus,3000,12,64,64,6.5,Mid-Range,8,6,5,4,465.2455444595429
Phone_8923,Oppo,4000,16,512,50,6.5,Premium,4,9,9,8,949.2067836624038
Phone_8924,Xiaomi,6000,8,128,108,6.5,Mid-Range,7,7,7,4,415.4330800106056
Phone_8925,Apple,4000,6,256,50,6.5,Mid-Range,7,6,8,6,481.55905312296545
Phone_8926,Xiaomi,3000,16,64,12,6.1,Mid-Range,5,6,5,4,369.09117716815365
Phone_8927,Oppo,4500,12,64,12,6.1,Mid-Range,6,7,8,4,659.1212652765107
Phone_8928,OnePlus,6000,8,512,64,6.1,Mid-Range,5,8,6,6,658.2673462915361
Phone_8929,Oppo,5000,16,512,48,6.8,Premium,5,8,7,8,1243.6480954460058
Phone_8930,OnePlus,4500,6,64,64,6.7,Budget,10,3,5,5,156.16921519465484
Phone_8931,OnePlus,6000,8,64,48,6.5,Mid-Range,6,7,5,4,571.6844970567939
Phone_8932,Samsung,3000,12,64,48,6.7,Mid-Range,5,5,6,7,385.41398252824627
Phone_8933,Apple,3000,4,1024,48,6.5,Mid-Range,5,6,7,4,391.4378405244283
Phone_8934,Oppo,4500,6,64,48,6.5,Budget,8,4,4,2,188.01859065688774
Phone_8935,OnePlus,6000,8,256,12,6.5,Mid-Range,5,6,7,4,339.8165379678563
Phone_8936,Oppo,5000,16,256,108,6.1,Premium,4,8,8,8,945.4596589547255
Phone_8937,Oppo,5000,16,128,108,6.8,Mid-Range,6,8,6,7,521.9498740357244
Phone_8938,OnePlus,4000,8,512,50,6.5,Mid-Range,5,5,6,8,343.11600247603235
Phone_8939,Xiaomi,4500,16,128,50,6.5,Mid-Range,6,6,6,7,315.57723949008
Phone_8940,Apple,6000,8,64,50,6.5,Mid-Range,5,6,5,6,516.9351915562995
Phone_8941,Apple,4500,6,512,64,6.4,Mid-Range,5,7,7,5,345.8237028418813
Phone_8942,Samsung,5000,16,64,50,6.5,Mid-Range,8,7,6,8,400.4676579959461
Phone_8943,Samsung,6000,6,512,50,6.1,Mid-Range,5,7,6,7,498.9092079674534
Phone_8944,Samsung,3000,12,1024,50,6.1,Premium,7,7,7,6,1116.5241012663973
Phone_8945,Apple,3000,12,1024,12,6.7,Premium,6,9,8,6,1182.8327497236457
Phone_8946,Xiaomi,6000,12,1024,50,6.1,Premium,5,10,9,7,938.6344499754507
Phone_8947,Apple,4500,12,128,108,6.7,Mid-Range,6,8,6,6,601.2768353480024
Phone_8948,Apple,4500,16,512,12,6.8,Premium,5,10,10,7,1352.4002668725107
Phone_8949,Apple,3000,8,128,48,6.4,Mid-Range,7,8,6,8,455.56507983936797
Phone_8950,Apple,3000,16,512,64,6.1,Premium,4,8,7,6,1380.6906498422663
Phone_8951,Xiaomi,5000,16,64,12,6.5,Mid-Range,7,7,5,8,385.03411699730094
Phone_8952,Samsung,6000,6,1024,12,6.8,Mid-Range,7,5,5,5,653.9511960970173
Phone_8953,Oppo,4500,8,1024,108,6.5,Mid-Range,7,8,6,8,455.97429035144773
Phone_8954,Samsung,5000,4,512,50,6.7,Mid-Range,8,7,5,5,584.3767947896629
Phone_8955,Samsung,4500,4,128,48,6.7,Budget,9,4,5,3,117.62567693259076
Phone_8956,Oppo,3000,8,128,108,6.4,Mid-Range,5,7,6,4,322.82986418343063
Phone_8957,Apple,6000,4,256,108,6.8,Mid-Range,5,7,7,6,651.8584851238363
Phone_8958,Xiaomi,4000,8,1024,12,6.7,Mid-Range,6,5,5,6,494.6140420340447
Phone_8959,Xiaomi,6000,6,1024,48,6.5,Mid-Range,5,5,7,7,389.4192832148939
Phone_8960,Samsung,4000,6,128,108,6.1,Budget,7,3,6,5,274.5028030946335
Phone_8961,Oppo,5000,16,1024,64,6.1,Premium,6,8,9,6,1473.5695208630739
Phone_8962,OnePlus,4000,4,128,64,6.8,Budget,9,5,6,2,255.0220755983684
Phone_8963,Apple,4000,8,256,108,6.8,Mid-Range,5,6,6,4,695.3504672115944
Phone_8964,Samsung,5000,6,512,12,6.7,Mid-Range,6,6,7,6,602.6346963187207
Phone_8965,Xiaomi,6000,16,512,64,6.1,Premium,6,7,8,10,1016.5074408784856
Phone_8966,Oppo,5000,4,256,12,6.4,Mid-Range,5,5,7,8,696.4588501520724
Phone_8967,Oppo,3000,4,1024,50,6.4,Mid-Range,8,5,8,8,539.040404190221
Phone_8968,Samsung,3000,4,64,50,6.4,Budget,7,5,4,2,258.071096908292
Phone_8969,OnePlus,4000,6,1024,12,6.4,Mid-Range,8,8,5,8,627.0082506464862
Phone_8970,Xiaomi,5000,6,128,108,6.7,Budget,7,4,6,2,101.61207410185675
Phone_8971,Samsung,5000,4,64,50,6.5,Budget,9,3,3,4,285.9047479903461
Phone_8972,OnePlus,5000,6,256,50,6.4,Mid-Range,6,6,6,4,363.70925212651764
Phone_8973,Oppo,6000,4,512,64,6.7,Mid-Range,6,7,7,4,335.01708753654276
Phone_8974,Apple,4500,12,512,108,6.4,Premium,5,8,9,7,1415.0563099929427
Phone_8975,Xiaomi,4500,6,1024,12,6.4,Mid-Range,7,5,7,5,442.5453834239172
Phone_8976,Xiaomi,4500,8,512,50,6.5,Mid-Range,7,6,8,4,540.2106512516259
Phone_8977,OnePlus,6000,6,1024,108,6.4,Mid-Range,8,7,8,4,526.1738569283903
Phone_8978,Samsung,5000,4,128,50,6.7,Budget,7,5,6,4,126.57127977235729
Phone_8979,Oppo,4500,8,128,64,6.7,Mid-Range,7,5,7,5,369.64310808267555
Phone_8980,OnePlus,5000,16,256,108,6.1,Premium,5,8,7,6,763.0974111341128
Phone_8981,Apple,4000,8,128,48,6.8,Mid-Range,8,5,6,4,643.4695183070695
Phone_8982,Apple,4500,8,1024,64,6.4,Mid-Range,5,6,7,8,386.5090065287084
Phone_8983,Apple,4000,6,512,12,6.4,Mid-Range,5,8,7,8,489.42963786271935
Phone_8984,OnePlus,6000,8,128,108,6.7,Mid-Range,6,7,5,8,495.20611393403067
Phone_8985,Oppo,3000,8,128,50,6.4,Mid-Range,8,8,5,7,668.4951092313453
Phone_8986,Xiaomi,6000,4,1024,108,6.7,Mid-Range,5,6,8,6,662.2475545296331
Phone_8987,Samsung,6000,6,128,12,6.1,Budget,10,4,4,2,152.6020383851216
Phone_8988,Xiaomi,6000,4,512,108,6.4,Mid-Range,5,5,7,5,683.2119954338098
Phone_8989,Oppo,4500,6,512,50,6.1,Mid-Range,6,7,8,7,327.424837548213
Phone_8990,Xiaomi,4000,16,512,64,6.1,Premium,4,10,7,6,823.7120062738003
Phone_8991,OnePlus,4500,8,512,64,6.8,Mid-Range,8,8,8,4,424.63725956137307
Phone_8992,Apple,3000,6,64,50,6.7,Budget,9,5,6,2,124.14147985118458
Phone_8993,Oppo,6000,8,512,48,6.1,Mid-Range,8,8,8,6,550.6867648127002
Phone_8994,Oppo,5000,8,64,48,6.7,Mid-Range,8,7,5,8,533.5262566285019
Phone_8995,Xiaomi,3000,12,512,64,6.8,Premium,6,10,10,10,764.8337410740024
Phone_8996,OnePlus,4000,4,512,12,6.7,Mid-Range,6,5,7,7,687.912713877385
Phone_8997,Xiaomi,3000,6,1024,108,6.8,Mid-Range,6,5,7,6,311.47770419804164
Phone_8998,Xiaomi,4500,16,512,50,6.4,Premium,7,10,8,9,1165.9204790593576
Phone_8999,Oppo,5000,12,128,12,6.8,Mid-Range,5,5,8,7,620.5516326988227
Phone_9000,Xiaomi,4500,4,512,108,6.8,Mid-Range,5,5,6,6,640.3745499082
Phone_9001,Apple,6000,16,256,64,6.8,Premium,6,9,7,10,1130.9019848552402
Phone_9002,Xiaomi,6000,16,1024,50,6.5,Premium,4,7,9,7,728.8696564298484
Phone_9003,Apple,3000,8,1024,12,6.1,Mid-Range,5,6,7,6,569.3599641484193
Phone_9004,Oppo,6000,4,512,108,6.7,Mid-Range,7,8,5,4,605.7198736649838
Phone_9005,OnePlus,6000,12,256,64,6.7,Premium,7,8,7,10,1462.0999485196137
Phone_9006,Apple,4000,6,512,64,6.5,Mid-Range,5,7,5,8,571.6071158376473
Phone_9007,OnePlus,4000,6,128,108,6.4,Budget,9,4,4,5,235.38684875347153
Phone_9008,OnePlus,4500,12,1024,48,6.1,Premium,6,8,10,10,1308.0932025640154
Phone_9009,Apple,4500,8,1024,48,6.1,Mid-Range,7,6,6,7,409.3142684181545
Phone_9010,Oppo,4000,8,256,108,6.1,Mid-Range,8,8,5,5,581.0604204543338
Phone_9011,Samsung,3000,16,64,108,6.1,Mid-Range,8,6,7,8,396.61356002556636
Phone_9012,OnePlus,4000,4,256,108,6.5,Mid-Range,6,7,6,4,482.1862444331425
Phone_9013,OnePlus,4500,16,128,64,6.7,Mid-Range,5,5,6,5,513.8451320022566
Phone_9014,Oppo,5000,6,256,50,6.4,Mid-Range,7,5,5,6,568.3883335328494
Phone_9015,Oppo,6000,12,64,64,6.4,Mid-Range,8,6,5,8,403.6576865712223
Phone_9016,Xiaomi,5000,4,128,64,6.4,Budget,9,5,6,5,289.95011880968184
Phone_9017,Oppo,5000,12,128,48,6.5,Mid-Range,5,6,8,6,538.6037830932063
Phone_9018,OnePlus,6000,4,64,108,6.5,Budget,9,4,4,3,114.45110046841323
Phone_9019,Apple,4000,6,512,64,6.8,Mid-Range,5,6,7,6,520.8190899492238
Phone_9020,Samsung,3000,6,256,64,6.5,Mid-Range,5,6,8,4,418.0306940408261
Phone_9021,Xiaomi,5000,4,128,108,6.1,Budget,10,5,4,2,122.22506475006946
Phone_9022,Apple,3000,8,256,50,6.7,Mid-Range,6,6,8,7,342.91065214856167
Phone_9023,Samsung,4500,4,64,48,6.4,Budget,9,6,6,5,185.67626436470152
Phone_9024,Samsung,5000,6,1024,12,6.5,Mid-Range,7,7,8,8,666.4523640345901
Phone_9025,Samsung,4500,12,64,64,6.7,Mid-Range,8,5,5,7,511.9241267457252
Phone_9026,Apple,4000,16,256,50,6.1,Premium,5,8,9,7,842.2846606156845
Phone_9027,Xiaomi,5000,12,128,12,6.5,Mid-Range,6,7,5,6,462.2104410716987
Phone_9028,Xiaomi,4500,6,256,108,6.5,Mid-Range,6,8,7,5,660.7431680023174
Phone_9029,Samsung,4500,12,1024,12,6.7,Premium,6,10,10,7,1359.0410899139931
Phone_9030,Apple,4000,8,128,108,6.1,Mid-Range,6,7,6,5,621.2701680789498
Phone_9031,Samsung,3000,8,1024,50,6.5,Mid-Range,8,8,6,7,525.6319365162761
Phone_9032,Oppo,3000,4,512,12,6.7,Mid-Range,8,8,7,4,458.565193189756
Phone_9033,Xiaomi,5000,12,64,48,6.1,Mid-Range,8,5,8,7,352.97357179843146
Phone_9034,OnePlus,4000,12,512,50,6.5,Premium,6,7,9,7,1223.1616731652812
Phone_9035,Samsung,5000,6,256,12,6.5,Mid-Range,7,5,6,4,371.641267046447
Phone_9036,Oppo,3000,4,512,64,6.4,Mid-Range,5,6,8,4,400.8474114123438
Phone_9037,Xiaomi,4000,4,64,12,6.8,Budget,7,3,3,4,137.56145982731505
Phone_9038,Apple,6000,12,128,12,6.1,Mid-Range,8,5,8,8,440.3006429942196
Phone_9039,Xiaomi,4000,16,1024,48,6.7,Premium,4,9,10,7,937.9465868193683
Phone_9040,Apple,4000,12,128,50,6.4,Mid-Range,5,6,5,7,604.6565704627333
Phone_9041,Apple,6000,12,512,64,6.5,Premium,7,10,7,9,726.7630067237594
Phone_9042,Samsung,4500,12,256,50,6.7,Premium,7,9,10,7,1221.1617033897894
Phone_9043,Samsung,4500,8,512,50,6.4,Mid-Range,6,8,6,8,320.28093543394203
Phone_9044,Xiaomi,4500,4,64,64,6.4,Budget,8,4,6,4,201.0520128895613
Phone_9045,Oppo,3000,8,64,64,6.8,Mid-Range,7,6,5,5,482.0106503342997
Phone_9046,Xiaomi,4000,16,256,48,6.4,Premium,6,9,9,8,1319.2465450677892
Phone_9047,OnePlus,6000,6,128,108,6.1,Budget,10,5,4,2,175.48857444876126
Phone_9048,Apple,3000,16,64,48,6.8,Mid-Range,5,7,8,5,551.977129644149
Phone_9049,Apple,6000,4,64,64,6.8,Budget,8,5,5,4,199.71311850509213
Phone_9050,Samsung,3000,6,256,12,6.5,Mid-Range,6,8,6,8,487.08598400097117
Phone_9051,Oppo,3000,16,128,12,6.5,Mid-Range,5,5,5,8,404.3421717743826
Phone_9052,Samsung,3000,4,512,50,6.1,Mid-Range,8,7,8,7,657.581345015099
Phone_9053,OnePlus,6000,16,1024,50,6.7,Premium,5,10,7,9,1349.575694170885
Phone_9054,Xiaomi,5000,6,256,108,6.1,Mid-Range,8,8,6,8,659.9341867973845
Phone_9055,Xiaomi,3000,6,128,108,6.8,Budget,9,3,3,3,266.46543558576195
Phone_9056,Oppo,4500,16,1024,108,6.5,Premium,6,8,10,6,1396.4657700317039
Phone_9057,Samsung,4000,8,256,108,6.1,Mid-Range,5,8,5,5,667.5186269010304
Phone_9058,Samsung,5000,16,512,12,6.5,Premium,4,10,9,6,1144.9092382607566
Phone_9059,OnePlus,5000,16,512,64,6.1,Premium,5,7,10,9,798.6198764247927
Phone_9060,Xiaomi,6000,16,128,108,6.1,Mid-Range,7,7,6,8,416.927171284882
Phone_9061,Samsung,5000,8,128,48,6.4,Mid-Range,6,8,7,5,588.5226387104511
Phone_9062,Oppo,6000,12,512,108,6.1,Premium,4,10,7,8,1418.5595843913788
Phone_9063,Xiaomi,6000,6,512,12,6.5,Mid-Range,7,7,7,4,463.24609757768764
Phone_9064,OnePlus,4500,4,256,50,6.1,Mid-Range,5,5,6,5,360.46308393600594
Phone_9065,Oppo,3000,6,128,48,6.7,Budget,9,6,6,2,174.20439044956498
Phone_9066,Apple,5000,6,1024,108,6.4,Mid-Range,7,8,5,4,322.29108886371176
Phone_9067,OnePlus,3000,12,512,12,6.1,Premium,4,7,7,6,1198.4401502520795
Phone_9068,Oppo,3000,6,1024,50,6.7,Mid-Range,8,8,5,6,650.8759693368538
Phone_9069,Samsung,3000,6,128,108,6.5,Budget,7,5,4,2,272.2004594096811
Phone_9070,Apple,6000,8,128,12,6.7,Mid-Range,6,8,8,5,532.7820223580554
Phone_9071,OnePlus,3000,8,64,12,6.4,Mid-Range,7,5,7,4,566.1499888658925
Phone_9072,Samsung,5000,8,512,64,6.5,Mid-Range,5,5,6,5,681.0414967777017
Phone_9073,Apple,6000,8,128,12,6.1,Mid-Range,7,7,7,8,325.1065342314265
Phone_9074,Xiaomi,5000,8,128,108,6.1,Mid-Range,5,8,7,8,386.6373917072762
Phone_9075,Samsung,6000,4,512,12,6.7,Mid-Range,8,5,6,5,591.6810133050966
Phone_9076,Oppo,4000,12,64,48,6.1,Mid-Range,6,7,6,6,405.61429141385133
Phone_9077,OnePlus,4000,16,64,12,6.5,Mid-Range,5,5,5,4,382.9050459745646
Phone_9078,Apple,4000,8,64,12,6.5,Mid-Range,6,5,6,8,476.881273683407
Phone_9079,Samsung,4000,12,64,48,6.1,Mid-Range,5,6,7,7,589.4791733035009
Phone_9080,Xiaomi,6000,16,256,108,6.7,Premium,5,9,10,6,1481.0468068448547
Phone_9081,OnePlus,3000,6,512,50,6.1,Mid-Range,5,5,8,7,471.81805091781916
Phone_9082,OnePlus,4500,6,512,64,6.8,Mid-Range,6,8,7,7,507.52681492624157
Phone_9083,Samsung,4500,12,512,50,6.1,Premium,4,8,10,8,1001.1637546733045
Phone_9084,Xiaomi,4000,4,64,108,6.4,Budget,8,4,6,4,125.41963447149183
Phone_9085,Apple,3000,4,64,108,6.1,Budget,7,5,3,2,106.39573351705903
Phone_9086,Samsung,5000,12,128,48,6.8,Mid-Range,5,5,6,8,598.4261231478602
Phone_9087,Apple,3000,4,256,50,6.4,Mid-Range,6,7,5,7,501.37903313767765
Phone_9088,OnePlus,5000,4,512,12,6.7,Mid-Range,5,5,5,4,350.1128329911738
Phone_9089,Apple,4500,6,256,48,6.4,Mid-Range,8,7,5,6,309.3427805879581
Phone_9090,Xiaomi,3000,4,512,48,6.5,Mid-Range,7,8,6,4,326.89700655440197
Phone_9091,Oppo,3000,4,64,64,6.8,Budget,10,6,5,4,203.2877669800378
Phone_9092,Xiaomi,4500,12,64,48,6.5,Mid-Range,5,8,5,6,581.7490635831853
Phone_9093,Apple,3000,4,512,50,6.5,Mid-Range,8,8,6,8,598.4256314509128
Phone_9094,Samsung,5000,8,1024,108,6.4,Mid-Range,8,7,5,5,422.884265930854
Phone_9095,OnePlus,3000,8,64,64,6.4,Mid-Range,7,5,8,6,335.97027895507364
Phone_9096,Oppo,5000,12,128,12,6.5,Mid-Range,6,7,5,8,585.7328064104387
Phone_9097,Samsung,4000,8,64,50,6.7,Mid-Range,7,7,5,7,668.9864425605563
Phone_9098,Samsung,3000,6,128,12,6.1,Budget,7,5,6,3,241.48444819190303
Phone_9099,Xiaomi,5000,12,256,48,6.1,Premium,4,8,10,9,1180.0888431576782
Phone_9100,Apple,4500,4,64,50,6.8,Budget,10,3,4,4,299.1563226266901
Phone_9101,Xiaomi,4000,8,64,64,6.4,Mid-Range,7,8,7,4,641.4766121158992
Phone_9102,Apple,3000,6,256,64,6.1,Mid-Range,8,8,6,7,311.3518919185398
Phone_9103,Xiaomi,5000,12,128,12,6.7,Mid-Range,7,8,6,4,682.1219986657337
Phone_9104,Samsung,3000,12,1024,108,6.8,Premium,6,10,7,7,759.0043897200222
Phone_9105,OnePlus,5000,4,128,64,6.4,Budget,7,4,4,3,172.3217549837573
Phone_9106,Apple,3000,16,512,12,6.1,Premium,5,10,7,10,1063.8270535372876
Phone_9107,Oppo,4000,8,512,108,6.5,Mid-Range,6,6,5,7,555.7905350761009
Phone_9108,Oppo,4000,6,512,50,6.7,Mid-Range,7,8,8,6,332.66943497351525
Phone_9109,Samsung,3000,12,256,64,6.7,Premium,5,10,8,9,700.8308712500534
Phone_9110,Xiaomi,3000,8,128,64,6.4,Mid-Range,7,5,6,7,353.9500353301543
Phone_9111,Xiaomi,6000,6,64,12,6.7,Budget,7,6,4,3,209.11607471727137
Phone_9112,Samsung,3000,6,512,64,6.4,Mid-Range,5,6,7,8,469.60979188012686
Phone_9113,Oppo,3000,12,128,12,6.7,Mid-Range,7,6,5,7,302.64530910984064
Phone_9114,Oppo,4000,8,64,64,6.1,Mid-Range,7,5,5,5,474.31150779140006
Phone_9115,Xiaomi,3000,6,128,12,6.4,Budget,7,5,5,2,123.00813359235414
Phone_9116,Apple,4500,12,256,64,6.7,Premium,4,10,10,8,955.9895557634561
Phone_9117,OnePlus,3000,8,512,50,6.1,Mid-Range,6,8,5,7,300.88478301670096
Phone_9118,Apple,6000,8,1024,50,6.1,Mid-Range,6,6,6,8,481.10485621649497
Phone_9119,Oppo,5000,12,512,12,6.1,Premium,6,8,8,7,1216.1180351140647
Phone_9120,Apple,4000,8,512,50,6.4,Mid-Range,6,5,5,6,673.8956757579474
Phone_9121,OnePlus,4500,16,256,12,6.4,Premium,5,9,9,9,884.8381302743311
Phone_9122,Apple,5000,6,64,12,6.7,Budget,7,6,6,4,149.33488491290575
Phone_9123,Apple,4500,6,512,48,6.5,Mid-Range,5,8,5,7,306.9271958878262
Phone_9124,Apple,4000,8,64,50,6.5,Mid-Range,7,5,8,8,527.9289830732505
Phone_9125,Apple,6000,12,64,48,6.8,Mid-Range,6,7,5,4,568.4346130116977
Phone_9126,Samsung,4000,4,256,48,6.5,Mid-Range,7,5,6,7,534.9784316778705
Phone_9127,Oppo,4500,8,512,64,6.5,Mid-Range,7,7,8,6,678.7564825444006
Phone_9128,OnePlus,4500,4,256,12,6.7,Mid-Range,6,5,5,4,632.5375464743919
Phone_9129,Oppo,4000,8,256,108,6.4,Mid-Range,7,8,5,8,446.0370060816383
Phone_9130,Samsung,3000,4,1024,48,6.5,Mid-Range,5,7,7,7,577.9194613153761
Phone_9131,Samsung,4000,8,256,64,6.8,Mid-Range,5,6,6,4,484.45849613158305
Phone_9132,Samsung,6000,12,1024,50,6.7,Premium,4,8,7,6,731.8412298258384
Phone_9133,Samsung,4000,4,64,108,6.1,Budget,9,5,4,2,180.7791158178021
Phone_9134,Apple,5000,16,64,12,6.1,Mid-Range,7,5,8,5,532.8279615928446
Phone_9135,Oppo,3000,12,128,64,6.8,Mid-Range,5,6,7,6,500.2788956355405
Phone_9136,Xiaomi,5000,8,128,108,6.4,Mid-Range,8,8,7,4,451.09558794553504
Phone_9137,OnePlus,4000,4,64,12,6.1,Budget,10,5,3,3,127.7391632615904
Phone_9138,Samsung,3000,6,512,12,6.4,Mid-Range,8,7,8,4,409.5726206546146
Phone_9139,Oppo,5000,12,128,108,6.5,Mid-Range,5,5,8,8,433.000371291583
Phone_9140,Samsung,5000,4,256,64,6.5,Mid-Range,8,6,8,7,361.60706704376975
Phone_9141,Samsung,3000,12,128,108,6.5,Mid-Range,6,6,6,8,625.0853039697213
Phone_9142,Samsung,3000,4,64,48,6.1,Budget,9,4,5,4,132.238530373787
Phone_9143,Samsung,4500,6,512,12,6.1,Mid-Range,5,7,6,7,666.3086191532583
Phone_9144,Samsung,3000,16,64,50,6.4,Mid-Range,7,8,5,7,351.31311882752345
Phone_9145,OnePlus,4000,6,512,108,6.4,Mid-Range,8,7,7,5,320.3875819025629
Phone_9146,Oppo,6000,8,128,108,6.8,Mid-Range,7,8,7,4,698.0748811191041
Phone_9147,Samsung,4500,12,256,12,6.5,Premium,7,10,9,9,1026.1249193802882
Phone_9148,Samsung,3000,16,256,12,6.7,Premium,7,7,7,8,1009.7945694272883
Phone_9149,Samsung,6000,12,64,108,6.7,Mid-Range,8,6,5,5,353.51872434776135
Phone_9150,Samsung,4500,4,512,50,6.5,Mid-Range,6,6,5,8,379.10985194970846
Phone_9151,Apple,4000,8,128,12,6.8,Mid-Range,8,7,8,8,504.52938656085655
Phone_9152,Apple,6000,8,512,12,6.4,Mid-Range,8,7,8,8,428.47356788801216
Phone_9153,Xiaomi,3000,12,512,48,6.1,Premium,5,10,7,7,1474.7582749188518
Phone_9154,Samsung,3000,8,512,64,6.8,Mid-Range,5,8,6,7,623.827992560349
Phone_9155,Xiaomi,4000,12,128,48,6.8,Mid-Range,7,6,6,4,656.0778232224436
Phone_9156,OnePlus,4500,4,512,50,6.5,Mid-Range,8,7,5,5,687.9323489165499
Phone_9157,Xiaomi,6000,4,256,64,6.4,Mid-Range,5,8,8,4,505.8953612987998
Phone_9158,Oppo,4000,12,64,108,6.7,Mid-Range,5,7,8,7,398.45454021124357
Phone_9159,Apple,4500,6,1024,50,6.7,Mid-Range,6,8,7,8,521.9671686529441
Phone_9160,Apple,5000,6,512,50,6.7,Mid-Range,6,6,8,4,648.4204368789751
Phone_9161,Samsung,5000,4,256,48,6.8,Mid-Range,6,8,5,5,312.3646756494285
Phone_9162,Samsung,4500,16,256,64,6.1,Premium,7,8,10,7,761.6031421193086
Phone_9163,OnePlus,3000,6,64,50,6.4,Budget,10,3,5,4,274.1403082247771
Phone_9164,OnePlus,3000,12,64,64,6.1,Mid-Range,6,7,7,8,424.20168752897223
Phone_9165,Oppo,5000,4,1024,108,6.7,Mid-Range,5,8,5,4,445.6215037860808
Phone_9166,Samsung,3000,8,1024,64,6.1,Mid-Range,6,5,8,6,665.5045470641946
Phone_9167,Samsung,3000,8,1024,48,6.8,Mid-Range,7,8,8,4,370.39877577877223
Phone_9168,OnePlus,4500,6,128,48,6.5,Budget,8,4,4,5,132.07576863816678
Phone_9169,OnePlus,4500,16,128,50,6.1,Mid-Range,7,5,7,6,592.4410543893695
Phone_9170,OnePlus,3000,6,256,64,6.1,Mid-Range,5,5,5,4,673.8751846902808
Phone_9171,Apple,4500,16,64,48,6.1,Mid-Range,8,6,5,6,341.8939102689769
Phone_9172,Xiaomi,6000,6,512,12,6.7,Mid-Range,8,5,8,6,508.8994925774049
Phone_9173,Xiaomi,5000,8,64,48,6.1,Mid-Range,8,7,5,6,665.7842859801541
Phone_9174,Samsung,6000,16,128,108,6.4,Mid-Range,5,5,5,5,654.4358500073217
Phone_9175,Apple,6000,8,256,12,6.8,Mid-Range,5,8,5,7,679.383198530104
Phone_9176,OnePlus,3000,12,512,64,6.4,Premium,6,9,9,10,1380.8973464641974
Phone_9177,Samsung,3000,12,1024,50,6.4,Premium,6,9,9,6,1339.864208794519
Phone_9178,Apple,6000,4,1024,12,6.7,Mid-Range,6,7,6,4,383.20448475317664
Phone_9179,Oppo,6000,8,128,48,6.1,Mid-Range,5,7,6,8,660.5898642217385
Phone_9180,Apple,4000,8,256,50,6.8,Mid-Range,7,7,5,8,584.7818519066197
Phone_9181,Samsung,4000,4,64,50,6.8,Budget,9,4,3,5,163.31902931809822
Phone_9182,Xiaomi,5000,12,128,50,6.8,Mid-Range,6,6,6,6,585.1741676487418
Phone_9183,OnePlus,6000,12,64,50,6.1,Mid-Range,8,5,6,8,422.8766137339691
Phone_9184,Oppo,4500,16,512,64,6.8,Premium,4,7,7,9,791.7314229901708
Phone_9185,Apple,4000,16,64,64,6.8,Mid-Range,5,7,5,5,393.3334605789165
Phone_9186,Samsung,3000,12,512,64,6.5,Premium,6,8,9,6,781.8016143404794
Phone_9187,Samsung,6000,6,256,48,6.5,Mid-Range,7,6,8,6,669.2644830801495
Phone_9188,OnePlus,4500,8,128,64,6.8,Mid-Range,7,5,6,7,608.5757442693041
Phone_9189,Samsung,4500,16,64,50,6.4,Mid-Range,7,6,7,8,562.426116012171
Phone_9190,Samsung,4500,6,256,12,6.1,Mid-Range,5,6,6,4,398.4053609669362
Phone_9191,OnePlus,3000,16,256,12,6.4,Premium,6,8,10,6,719.252297105912
Phone_9192,Oppo,4000,4,64,12,6.4,Budget,9,4,4,3,206.84576004224164
Phone_9193,Xiaomi,4500,8,1024,12,6.1,Mid-Range,6,8,8,7,530.4390732012828
Phone_9194,Xiaomi,4000,16,1024,12,6.1,Premium,4,9,10,9,1135.0152615132806
Phone_9195,Apple,5000,12,512,108,6.7,Premium,6,10,9,8,954.3402848735511
Phone_9196,Oppo,3000,4,256,12,6.7,Mid-Range,7,8,6,7,520.8076874296806
Phone_9197,Apple,4000,4,128,12,6.7,Budget,7,3,3,5,220.40484104489948
Phone_9198,Xiaomi,4000,12,128,12,6.8,Mid-Range,8,5,7,5,419.5042058319241
Phone_9199,OnePlus,4500,4,256,48,6.8,Mid-Range,5,6,5,5,651.7539159385443
Phone_9200,Samsung,4500,8,1024,108,6.8,Mid-Range,8,5,7,6,656.55635879017
Phone_9201,Xiaomi,3000,16,256,12,6.7,Premium,6,7,8,6,953.9279048913024
Phone_9202,Oppo,4000,4,512,64,6.1,Mid-Range,7,7,8,4,339.7099365909955
Phone_9203,Xiaomi,6000,8,256,48,6.8,Mid-Range,6,5,6,7,333.75427268406105
Phone_9204,Oppo,4500,12,64,108,6.1,Mid-Range,5,6,6,6,487.75201344354815
Phone_9205,Oppo,4500,16,1024,64,6.7,Premium,7,9,9,9,1000.6654313198865
Phone_9206,Oppo,5000,12,64,64,6.1,Mid-Range,7,6,6,4,432.76791797969184
Phone_9207,Apple,3000,16,64,48,6.8,Mid-Range,7,5,5,7,368.53743354604734
Phone_9208,OnePlus,4000,4,256,64,6.1,Mid-Range,5,5,7,7,424.04614300063366
Phone_9209,Xiaomi,4000,4,256,50,6.7,Mid-Range,5,7,6,7,677.1651528336985
Phone_9210,OnePlus,4000,16,128,48,6.8,Mid-Range,8,8,8,5,601.3457273783996
Phone_9211,Samsung,4500,8,64,48,6.8,Mid-Range,6,8,6,5,355.3222654012003
Phone_9212,Xiaomi,3000,8,256,50,6.7,Mid-Range,5,8,6,8,567.5661853688432
Phone_9213,OnePlus,4000,8,128,48,6.4,Mid-Range,7,7,7,7,312.20265357728334
Phone_9214,OnePlus,6000,6,64,64,6.5,Budget,7,3,4,3,104.05099609972024
Phone_9215,Samsung,5000,8,128,64,6.7,Mid-Range,7,6,8,5,512.6780187807955
Phone_9216,Oppo,5000,4,1024,64,6.1,Mid-Range,7,6,5,7,502.1653222631607
Phone_9217,Xiaomi,4000,6,512,50,6.4,Mid-Range,6,7,5,6,396.1340466532647
Phone_9218,Xiaomi,4500,8,64,64,6.7,Mid-Range,6,8,8,6,483.13339822221246
Phone_9219,Samsung,5000,4,256,50,6.5,Mid-Range,8,8,8,4,510.4962792639201
Phone_9220,Oppo,5000,6,1024,50,6.8,Mid-Range,5,5,5,5,563.2791247685971
Phone_9221,Xiaomi,5000,4,128,50,6.5,Budget,7,4,5,4,237.8810244601527
Phone_9222,Xiaomi,5000,16,512,48,6.5,Premium,5,9,7,7,1120.40843648392
Phone_9223,Xiaomi,4000,4,64,108,6.7,Budget,9,3,4,4,194.38767294719503
Phone_9224,Oppo,3000,6,512,50,6.8,Mid-Range,8,7,5,8,359.6600588213831
Phone_9225,Samsung,3000,8,1024,64,6.8,Mid-Range,8,6,8,4,395.9143235298093
Phone_9226,Xiaomi,4500,6,512,50,6.5,Mid-Range,7,5,5,6,394.6690327177446
Phone_9227,OnePlus,6000,8,64,12,6.7,Mid-Range,6,6,7,4,624.1502669392537
Phone_9228,Oppo,3000,8,1024,48,6.8,Mid-Range,6,5,7,8,574.8889996396048
Phone_9229,Apple,6000,12,128,64,6.8,Mid-Range,8,8,7,7,669.0994638227951
Phone_9230,Samsung,3000,16,64,48,6.1,Mid-Range,5,7,6,5,423.95783849507086
Phone_9231,OnePlus,3000,12,512,48,6.5,Premium,4,8,9,7,1216.0177943838362
Phone_9232,Xiaomi,4500,6,64,12,6.4,Budget,7,5,4,4,218.71215957157375
Phone_9233,Apple,5000,12,1024,50,6.5,Premium,4,8,10,6,1050.6511738951754
Phone_9234,Samsung,4500,8,512,64,6.7,Mid-Range,8,5,7,5,551.8912724158911
Phone_9235,Oppo,3000,6,128,108,6.8,Budget,8,5,3,2,249.7188202688638
Phone_9236,Apple,5000,12,256,48,6.8,Premium,5,9,8,10,812.1617270276616
Phone_9237,Apple,5000,4,128,108,6.1,Budget,7,6,3,3,216.77000170777683
Phone_9238,OnePlus,5000,16,64,108,6.8,Mid-Range,8,8,7,5,367.5837642631713
Phone_9239,Samsung,6000,4,256,50,6.8,Mid-Range,7,7,8,4,635.0661019853926
Phone_9240,OnePlus,3000,6,1024,108,6.4,Mid-Range,5,6,8,6,513.4116744013352
Phone_9241,OnePlus,4000,12,512,64,6.5,Premium,4,8,7,8,1241.0424009970593
Phone_9242,Xiaomi,4500,8,512,50,6.8,Mid-Range,5,6,6,7,503.99701847399405
Phone_9243,Oppo,6000,12,1024,108,6.7,Premium,7,10,8,6,1316.2144958131184
Phone_9244,Apple,4500,6,64,50,6.4,Budget,8,6,4,2,272.76437564015316
Phone_9245,Samsung,4000,6,128,64,6.4,Budget,7,5,4,2,100.10784283657672
Phone_9246,Oppo,5000,6,256,48,6.1,Mid-Range,6,8,5,8,660.4976203938668
Phone_9247,Oppo,4000,6,1024,12,6.7,Mid-Range,8,6,7,5,428.10740254136
Phone_9248,Samsung,4500,12,64,50,6.4,Mid-Range,8,7,6,4,463.66931612514634
Phone_9249,Oppo,4000,4,64,12,6.5,Budget,9,4,5,3,117.06269218767417
Phone_9250,Xiaomi,3000,8,256,48,6.7,Mid-Range,6,7,5,8,491.61717765927807
Phone_9251,Oppo,4000,8,1024,64,6.5,Mid-Range,7,6,5,8,465.59280286899127
Phone_9252,Xiaomi,3000,16,128,48,6.1,Mid-Range,5,7,7,8,454.4951488015046
Phone_9253,Apple,4000,6,128,12,6.1,Budget,9,3,3,5,256.1631361366838
Phone_9254,Apple,3000,6,1024,64,6.8,Mid-Range,5,5,7,6,408.8450582542472
Phone_9255,OnePlus,3000,6,512,108,6.5,Mid-Range,6,7,5,6,677.0536365851215
Phone_9256,Xiaomi,4000,4,128,108,6.5,Budget,10,3,5,3,277.1808725764504
Phone_9257,Apple,6000,6,512,50,6.1,Mid-Range,8,5,5,5,385.83194016782556
Phone_9258,Oppo,5000,16,1024,108,6.5,Premium,6,8,9,8,975.1847886167782
Phone_9259,Samsung,5000,16,64,12,6.7,Mid-Range,6,7,5,8,391.5221319688833
Phone_9260,Samsung,5000,4,1024,108,6.8,Mid-Range,6,8,8,7,514.6707153430955
Phone_9261,Xiaomi,3000,6,64,50,6.8,Budget,8,4,4,2,272.6213242252233
Phone_9262,OnePlus,5000,12,1024,64,6.7,Premium,6,8,10,6,738.3535094081959
Phone_9263,Oppo,3000,12,512,108,6.4,Premium,6,8,10,6,1452.9541901512162
Phone_9264,Xiaomi,6000,8,512,50,6.5,Mid-Range,6,8,6,4,449.70518153513865
Phone_9265,Samsung,4000,4,1024,108,6.4,Mid-Range,6,6,5,6,557.9277394402598
Phone_9266,Xiaomi,4000,12,64,108,6.4,Mid-Range,8,6,5,5,644.9011077268256
Phone_9267,Oppo,3000,8,1024,12,6.5,Mid-Range,8,6,6,6,521.1937587609078
Phone_9268,Apple,3000,16,64,50,6.1,Mid-Range,6,5,5,4,585.1416934689084
Phone_9269,Oppo,6000,8,512,50,6.5,Mid-Range,5,8,6,4,613.8424879297551
Phone_9270,Apple,5000,6,256,48,6.1,Mid-Range,8,6,8,8,452.6177663727625
Phone_9271,Apple,6000,6,128,48,6.7,Budget,8,4,6,5,248.91229767178766
Phone_9272,Apple,4000,16,512,50,6.1,Premium,7,8,8,10,937.4659792926203
Phone_9273,Xiaomi,4000,4,1024,12,6.4,Mid-Range,7,7,5,6,322.13458593630594
Phone_9274,Samsung,5000,6,1024,108,6.4,Mid-Range,7,8,5,8,694.6902837741311
Phone_9275,Xiaomi,4000,6,64,64,6.4,Budget,9,3,6,5,190.04339658902586
Phone_9276,Samsung,3000,8,128,108,6.1,Mid-Range,6,6,8,7,471.4889552759673
Phone_9277,Oppo,4000,8,512,64,6.4,Mid-Range,7,5,6,8,326.96212033679643
Phone_9278,OnePlus,4500,8,128,12,6.8,Mid-Range,8,8,8,6,669.079815456683
Phone_9279,Oppo,5000,12,128,48,6.5,Mid-Range,5,5,5,5,343.676474448774
Phone_9280,Xiaomi,5000,16,512,50,6.4,Premium,6,9,8,7,1177.1038694505464
Phone_9281,Xiaomi,5000,4,64,12,6.1,Budget,8,5,3,2,251.78725107874976
Phone_9282,Samsung,4500,8,64,64,6.4,Mid-Range,7,8,7,8,318.0167844829986
Phone_9283,Xiaomi,6000,4,64,50,6.1,Budget,8,6,4,4,173.40955212629925
Phone_9284,Apple,3000,8,256,64,6.5,Mid-Range,7,7,8,6,687.7240638308333
Phone_9285,Xiaomi,5000,6,128,108,6.1,Budget,7,6,3,4,220.85643250807038
Phone_9286,Samsung,4000,4,256,108,6.5,Mid-Range,5,6,6,6,415.8008358985509
Phone_9287,Samsung,3000,12,64,108,6.4,Mid-Range,6,7,5,7,517.9890842874197
Phone_9288,Apple,4000,8,512,50,6.8,Mid-Range,7,6,8,7,348.40344957644385
Phone_9289,Samsung,3000,16,128,48,6.4,Mid-Range,5,5,8,7,682.3848791367157
Phone_9290,OnePlus,3000,6,512,48,6.5,Mid-Range,6,7,8,6,446.1325526640615
Phone_9291,Oppo,4000,8,1024,64,6.7,Mid-Range,6,7,8,7,482.80110140847165
Phone_9292,Xiaomi,4000,4,128,48,6.7,Budget,7,3,4,2,286.67116687994195
Phone_9293,OnePlus,3000,8,512,48,6.7,Mid-Range,5,6,7,7,311.1411881517552
Phone_9294,Xiaomi,5000,6,64,64,6.4,Budget,9,3,6,4,199.35095634564635
Phone_9295,OnePlus,4000,16,256,64,6.1,Premium,4,7,8,6,1141.0777425377446
Phone_9296,Xiaomi,4500,16,512,64,6.8,Premium,5,7,9,10,732.3377106803333
Phone_9297,Apple,4500,16,1024,50,6.8,Premium,6,8,10,6,1360.973565201908
Phone_9298,Samsung,3000,6,64,64,6.4,Budget,9,3,4,4,112.98967866313313
Phone_9299,Samsung,6000,8,1024,50,6.5,Mid-Range,6,8,6,8,447.39106328277535
Phone_9300,Apple,3000,6,256,50,6.4,Mid-Range,5,5,8,4,695.1448995224171
Phone_9301,OnePlus,3000,6,1024,50,6.7,Mid-Range,6,8,6,6,319.1530700901309
Phone_9302,Oppo,5000,8,512,64,6.5,Mid-Range,5,7,5,7,557.054027497567
Phone_9303,OnePlus,5000,12,512,48,6.8,Premium,7,9,9,10,760.861914166327
Phone_9304,Samsung,6000,16,64,48,6.4,Mid-Range,8,5,6,4,678.559497067591
Phone_9305,Oppo,6000,4,256,64,6.1,Mid-Range,5,5,5,6,415.2352349797311
Phone_9306,Xiaomi,6000,4,256,48,6.1,Mid-Range,6,5,7,7,625.639056911708
Phone_9307,Oppo,6000,8,128,64,6.8,Mid-Range,5,7,7,5,664.5026144394292
Phone_9308,OnePlus,6000,4,128,50,6.5,Budget,9,3,6,5,122.01198247558975
Phone_9309,Apple,3000,12,512,108,6.7,Premium,6,8,8,6,1081.274393695484
Phone_9310,Xiaomi,3000,6,1024,12,6.1,Mid-Range,6,7,5,6,689.3666300056398
Phone_9311,OnePlus,4500,16,1024,64,6.1,Premium,4,8,8,9,1466.7126185240613
Phone_9312,Xiaomi,4500,4,64,50,6.4,Budget,8,6,5,3,211.6461972114416
Phone_9313,Oppo,4000,4,256,108,6.8,Mid-Range,6,8,7,7,397.6484256538727
Phone_9314,Samsung,3000,8,512,50,6.1,Mid-Range,6,5,6,7,467.34927296266045
Phone_9315,OnePlus,6000,8,1024,12,6.4,Mid-Range,5,8,5,4,539.2747492091271
Phone_9316,Apple,4000,6,128,48,6.5,Budget,10,6,3,2,275.3104712283348
Phone_9317,Oppo,5000,16,512,48,6.1,Premium,5,10,8,8,1345.5267522260883
Phone_9318,OnePlus,3000,4,64,50,6.8,Budget,10,5,3,3,176.79836260087296
Phone_9319,Apple,4500,6,512,12,6.4,Mid-Range,5,7,5,6,593.1441309737255
Phone_9320,OnePlus,3000,16,1024,50,6.5,Premium,7,9,9,9,1112.6095044106944
Phone_9321,Oppo,3000,6,64,48,6.4,Budget,9,4,6,4,245.9153970993068
Phone_9322,OnePlus,3000,4,128,50,6.7,Budget,8,4,5,3,230.12144652213124
Phone_9323,Xiaomi,3000,8,128,108,6.8,Mid-Range,7,7,7,6,480.9930975781167
Phone_9324,Oppo,5000,8,1024,12,6.8,Mid-Range,6,5,8,8,301.45756747124193
Phone_9325,OnePlus,4500,8,64,48,6.1,Mid-Range,7,7,7,4,457.4663679746525
Phone_9326,Samsung,3000,12,128,50,6.4,Mid-Range,8,5,8,5,400.03605938409504
Phone_9327,OnePlus,5000,6,64,12,6.5,Budget,8,3,4,3,114.80456047870571
Phone_9328,Xiaomi,4000,4,512,50,6.1,Mid-Range,8,7,6,6,583.2352700923987
Phone_9329,Apple,3000,6,256,48,6.8,Mid-Range,7,7,6,8,594.999921471256
Phone_9330,Apple,5000,8,256,12,6.4,Mid-Range,6,5,5,7,680.3796639400782
Phone_9331,Apple,6000,6,256,48,6.5,Mid-Range,5,5,6,7,583.9438482750847
Phone_9332,Samsung,4000,16,128,108,6.8,Mid-Range,8,5,6,8,364.22861225755116
Phone_9333,Xiaomi,4500,6,1024,108,6.5,Mid-Range,7,8,8,7,674.9248047672703
Phone_9334,Oppo,3000,12,256,64,6.4,Premium,4,9,7,9,1198.8698326756592
Phone_9335,Apple,3000,12,1024,12,6.5,Premium,5,9,8,6,842.2965682810045
Phone_9336,Xiaomi,5000,8,256,108,6.1,Mid-Range,7,7,8,4,414.0579003990489
Phone_9337,OnePlus,4500,4,512,64,6.1,Mid-Range,8,8,5,8,370.04025064415157
Phone_9338,Samsung,6000,16,256,12,6.4,Premium,5,10,9,8,1310.7074178990165
Phone_9339,Xiaomi,4000,4,1024,48,6.8,Mid-Range,6,7,6,5,483.66241591417497
Phone_9340,Xiaomi,4500,4,128,50,6.7,Budget,10,3,4,4,128.51668210325667
Phone_9341,Oppo,3000,16,512,50,6.7,Premium,6,7,10,8,1396.0709130357818
Phone_9342,Xiaomi,5000,12,1024,48,6.7,Premium,7,8,9,7,1294.7439005055944
Phone_9343,Oppo,6000,8,64,108,6.8,Mid-Range,7,7,5,5,653.1615132983738
Phone_9344,Samsung,5000,6,256,50,6.1,Mid-Range,5,5,5,4,455.3203186242199
Phone_9345,Samsung,4000,12,512,48,6.1,Premium,7,10,10,7,1333.3783382023976
Phone_9346,OnePlus,4500,8,128,64,6.1,Mid-Range,8,6,7,6,371.39943384682385
Phone_9347,Oppo,5000,12,64,64,6.4,Mid-Range,8,5,8,5,433.35262452624033
Phone_9348,Oppo,5000,16,256,48,6.1,Premium,6,7,10,6,951.8764268872125
Phone_9349,Apple,3000,4,512,12,6.1,Mid-Range,7,6,8,6,312.1785908013936
Phone_9350,Apple,5000,16,1024,108,6.1,Premium,5,9,7,8,1458.9288658990326
Phone_9351,OnePlus,6000,6,256,108,6.7,Mid-Range,8,8,6,7,458.62244949718166
Phone_9352,Samsung,4500,16,512,48,6.5,Premium,5,9,9,9,1243.490048970014
Phone_9353,Apple,4000,4,256,50,6.1,Mid-Range,8,5,8,4,580.5439635618129
Phone_9354,Xiaomi,5000,12,512,108,6.5,Premium,7,7,10,10,1481.254201695672
Phone_9355,Samsung,6000,8,1024,108,6.1,Mid-Range,6,6,8,4,326.4840959538489
Phone_9356,Xiaomi,4000,6,256,64,6.7,Mid-Range,6,6,6,5,588.8056929574377
Phone_9357,Oppo,6000,12,512,64,6.7,Premium,4,9,10,10,1340.9406825282638
Phone_9358,Samsung,5000,8,64,64,6.5,Mid-Range,6,6,7,5,695.0258865705282
Phone_9359,OnePlus,5000,4,128,108,6.7,Budget,9,3,5,4,158.7450948071167
Phone_9360,Oppo,4500,16,512,108,6.4,Premium,7,9,9,10,718.3489558126206
Phone_9361,Oppo,3000,12,512,108,6.8,Premium,7,8,8,8,1493.7263106616565
Phone_9362,Xiaomi,6000,8,512,50,6.8,Mid-Range,8,6,6,7,315.57034668019634
Phone_9363,Oppo,3000,8,256,50,6.1,Mid-Range,6,6,8,7,304.5475164880481
Phone_9364,Apple,3000,16,128,50,6.7,Mid-Range,5,8,7,6,518.0286535704208
Phone_9365,Samsung,4000,12,256,12,6.8,Premium,4,7,7,10,757.7570925318144
Phone_9366,Apple,4000,12,512,108,6.5,Premium,4,9,10,6,1216.2662195720782
Phone_9367,Xiaomi,6000,4,512,108,6.5,Mid-Range,7,7,8,5,305.6332668311113
Phone_9368,Xiaomi,3000,12,128,48,6.5,Mid-Range,6,8,6,4,501.3186743590045
Phone_9369,Samsung,4500,16,64,48,6.1,Mid-Range,5,8,6,4,414.6735520502166
Phone_9370,Oppo,3000,12,256,12,6.8,Premium,5,9,9,9,896.898307541897
Phone_9371,OnePlus,4000,4,64,48,6.8,Budget,9,5,4,4,171.14723550086075
Phone_9372,Xiaomi,3000,8,512,50,6.8,Mid-Range,8,7,5,7,442.638191633653
Phone_9373,Samsung,5000,12,512,12,6.5,Premium,7,10,9,8,1321.5966066988171
Phone_9374,OnePlus,5000,16,1024,12,6.5,Premium,7,8,10,6,895.341978271595
Phone_9375,Oppo,4500,12,1024,12,6.1,Premium,4,7,7,9,989.0028944193016
Phone_9376,Xiaomi,6000,6,64,64,6.4,Budget,10,6,6,5,172.92521494272563
Phone_9377,Samsung,3000,4,1024,48,6.8,Mid-Range,6,6,6,7,563.1409080583135
Phone_9378,Samsung,5000,8,128,108,6.1,Mid-Range,7,8,5,4,483.009457840736
Phone_9379,Samsung,6000,6,64,64,6.5,Budget,8,3,6,4,158.01806473865574
Phone_9380,Xiaomi,5000,16,1024,50,6.4,Premium,4,9,10,10,1346.3981945317082
Phone_9381,OnePlus,6000,12,1024,64,6.7,Premium,4,8,9,6,832.053996564705
Phone_9382,Samsung,6000,4,128,50,6.4,Budget,10,3,6,3,273.9333058938795
Phone_9383,Oppo,5000,12,128,108,6.1,Mid-Range,7,7,6,8,538.2793437133414
Phone_9384,Samsung,4000,12,64,108,6.4,Mid-Range,7,6,6,5,313.73014892337244
Phone_9385,OnePlus,6000,12,256,48,6.5,Premium,5,8,10,6,1058.471876726935
Phone_9386,Xiaomi,3000,12,128,64,6.4,Mid-Range,7,6,8,8,517.4802721279386
Phone_9387,Samsung,5000,4,1024,108,6.5,Mid-Range,5,8,6,6,684.1460514098719
Phone_9388,Samsung,4000,6,64,50,6.4,Budget,8,6,4,4,272.6438958704224
Phone_9389,Oppo,5000,16,256,108,6.1,Premium,7,8,7,10,771.9609193562894
Phone_9390,Oppo,4500,6,64,48,6.7,Budget,9,5,4,2,170.94835140295388
Phone_9391,Samsung,3000,4,1024,50,6.8,Mid-Range,5,6,7,4,325.8124260807758
Phone_9392,Samsung,4500,16,256,12,6.4,Premium,4,8,9,7,1486.2042538259784
Phone_9393,Oppo,6000,8,256,48,6.7,Mid-Range,5,6,6,5,401.32183527025893
Phone_9394,OnePlus,6000,6,128,48,6.4,Budget,10,6,6,2,187.60311020945107
Phone_9395,Apple,4500,4,512,12,6.7,Mid-Range,5,7,6,5,335.04932949455065
Phone_9396,Apple,4500,4,1024,108,6.5,Mid-Range,7,6,8,6,555.0956876886422
Phone_9397,Samsung,6000,4,512,48,6.7,Mid-Range,6,8,5,5,520.6335116888137
Phone_9398,Oppo,4000,16,1024,12,6.8,Premium,5,9,7,8,1283.6808914455735
Phone_9399,Xiaomi,3000,12,64,12,6.7,Mid-Range,5,7,6,6,461.6051999638403
Phone_9400,Xiaomi,5000,8,512,48,6.8,Mid-Range,6,7,7,8,319.36266226105505
Phone_9401,Apple,4500,16,256,64,6.8,Premium,5,8,8,10,955.4322684421123
Phone_9402,OnePlus,3000,16,128,48,6.7,Mid-Range,6,8,7,4,629.6741931044655
Phone_9403,Apple,5000,6,1024,64,6.8,Mid-Range,7,7,7,8,320.9861571561852
Phone_9404,Samsung,5000,8,128,108,6.8,Mid-Range,7,7,7,8,314.4779413323035
Phone_9405,OnePlus,4500,4,1024,12,6.5,Mid-Range,6,8,8,8,628.7005102068489
Phone_9406,Xiaomi,4000,16,256,50,6.1,Premium,4,10,10,8,1107.4182737475721
Phone_9407,Oppo,4000,8,256,48,6.5,Mid-Range,5,6,6,5,379.9915789100503
Phone_9408,Oppo,3000,6,256,50,6.1,Mid-Range,5,8,8,8,562.9904769132222
Phone_9409,Samsung,3000,12,256,108,6.1,Premium,7,9,9,8,1327.1447425141164
Phone_9410,Apple,6000,8,256,48,6.5,Mid-Range,7,5,6,6,606.2442034600888
Phone_9411,Samsung,4000,4,128,50,6.8,Budget,9,4,4,3,280.33188641012606
Phone_9412,Oppo,3000,16,64,108,6.5,Mid-Range,6,5,8,6,392.2047844867334
Phone_9413,Xiaomi,6000,12,512,64,6.8,Premium,5,9,7,6,1375.1358053191466
Phone_9414,Oppo,5000,6,128,108,6.5,Budget,9,6,3,3,164.42581147384857
Phone_9415,OnePlus,3000,4,512,48,6.5,Mid-Range,5,6,5,5,316.60198012845336
Phone_9416,Oppo,6000,12,64,48,6.4,Mid-Range,5,7,7,7,357.49466145042027
Phone_9417,Oppo,4000,6,1024,48,6.7,Mid-Range,8,7,5,7,402.2916847780816
Phone_9418,OnePlus,5000,4,64,108,6.5,Budget,7,4,4,5,289.4573921257559
Phone_9419,Apple,3000,16,64,48,6.7,Mid-Range,5,8,7,8,650.8636630482744
Phone_9420,Oppo,4000,6,1024,108,6.8,Mid-Range,5,7,5,7,662.8689760471841
Phone_9421,Samsung,5000,12,512,12,6.4,Premium,5,10,10,10,980.8295596826679
Phone_9422,Oppo,4500,4,256,12,6.4,Mid-Range,8,8,7,8,392.6522889404516
Phone_9423,Samsung,4000,8,1024,12,6.1,Mid-Range,7,8,5,7,376.6644203429712
Phone_9424,OnePlus,4500,4,1024,50,6.7,Mid-Range,6,6,7,6,652.7812382777759
Phone_9425,Oppo,3000,12,64,12,6.4,Mid-Range,5,8,6,7,392.48900900819757
Phone_9426,OnePlus,6000,12,1024,12,6.8,Premium,7,8,7,10,1329.5155494735886
Phone_9427,OnePlus,3000,8,128,108,6.1,Mid-Range,7,7,7,6,432.6957132314519
Phone_9428,Apple,4000,12,256,108,6.4,Premium,4,7,9,8,1107.5355950792414
Phone_9429,Oppo,4500,4,64,48,6.8,Budget,10,6,4,2,101.84033711518559
Phone_9430,Samsung,4500,6,512,48,6.7,Mid-Range,6,5,5,6,417.17948642654517
Phone_9431,Samsung,5000,4,512,48,6.8,Mid-Range,7,6,7,6,470.9292005116702
Phone_9432,Oppo,3000,12,512,108,6.8,Premium,6,10,7,8,1052.873195314241
Phone_9433,Apple,3000,8,512,108,6.8,Mid-Range,7,5,6,7,635.8765218304791
Phone_9434,Apple,4000,8,512,12,6.5,Mid-Range,8,7,7,4,532.2626441393023
Phone_9435,Apple,4500,16,64,64,6.4,Mid-Range,8,8,7,4,370.46681101577735
Phone_9436,Samsung,4000,8,128,108,6.8,Mid-Range,6,5,7,4,394.37827985854085
Phone_9437,OnePlus,4000,8,128,64,6.1,Mid-Range,7,7,6,7,321.42139906229966
Phone_9438,Apple,4500,12,512,108,6.5,Premium,6,8,9,7,834.9892700216914
Phone_9439,Samsung,4000,6,128,108,6.8,Budget,7,6,6,2,117.39312060091467
Phone_9440,Samsung,4500,6,256,50,6.8,Mid-Range,8,6,6,6,373.18334796342543
Phone_9441,OnePlus,4000,12,128,64,6.4,Mid-Range,7,7,5,4,339.68094275018115
Phone_9442,Oppo,6000,8,1024,50,6.5,Mid-Range,5,6,8,4,428.4061544231796
Phone_9443,Oppo,4000,4,512,12,6.8,Mid-Range,6,6,6,8,545.0088933961952
Phone_9444,Apple,4000,6,1024,50,6.8,Mid-Range,5,6,5,5,489.11201830962364
Phone_9445,Apple,6000,12,1024,50,6.7,Premium,5,7,8,6,807.9342077445082
Phone_9446,OnePlus,3000,4,512,12,6.1,Mid-Range,5,8,6,6,653.1807031735229
Phone_9447,Apple,4500,8,64,64,6.1,Mid-Range,5,6,7,7,487.4230790049079
Phone_9448,OnePlus,5000,12,128,48,6.4,Mid-Range,8,7,8,6,482.01866819908093
Phone_9449,Samsung,6000,6,256,108,6.5,Mid-Range,8,8,6,5,312.66270309816986
Phone_9450,Apple,3000,4,64,64,6.8,Budget,9,6,4,2,202.22309852016207
Phone_9451,Samsung,4000,4,256,12,6.5,Mid-Range,7,8,7,7,483.7379538004942
Phone_9452,Xiaomi,3000,6,512,50,6.4,Mid-Range,7,7,6,6,358.03085552215606
Phone_9453,OnePlus,6000,4,128,48,6.7,Budget,9,6,5,4,104.45672304718285
Phone_9454,Xiaomi,4000,6,64,50,6.4,Budget,7,5,4,2,191.90694761570552
Phone_9455,Apple,3000,12,512,108,6.1,Premium,7,7,9,9,764.2182146852108
Phone_9456,Samsung,5000,16,64,12,6.7,Mid-Range,6,5,8,4,474.21654679951484
Phone_9457,Apple,4500,8,1024,48,6.8,Mid-Range,8,6,5,8,445.3148219690918
Phone_9458,Xiaomi,4500,12,128,64,6.4,Mid-Range,8,7,8,7,444.04921803034404
Phone_9459,Apple,6000,8,128,64,6.5,Mid-Range,8,6,8,7,400.61126719131937
Phone_9460,Oppo,4000,8,512,12,6.5,Mid-Range,5,6,7,6,474.5706134081363
Phone_9461,Xiaomi,4000,6,512,12,6.1,Mid-Range,7,5,8,7,519.0092016790977
Phone_9462,Apple,4500,16,512,50,6.1,Premium,6,9,8,6,1316.6292950214693
Phone_9463,Samsung,3000,8,128,48,6.1,Mid-Range,8,6,7,6,387.9302683097209
Phone_9464,Apple,4000,8,1024,108,6.1,Mid-Range,6,8,8,7,591.1373582260824
Phone_9465,Samsung,5000,12,128,12,6.8,Mid-Range,6,7,8,8,310.81162849179157
Phone_9466,Oppo,5000,16,512,48,6.7,Premium,7,7,8,6,737.2993160056355
Phone_9467,Apple,4000,16,256,12,6.1,Premium,4,7,8,10,744.897171251143
Phone_9468,Oppo,4000,8,1024,12,6.4,Mid-Range,5,7,6,6,448.0003449434376
Phone_9469,Xiaomi,4500,16,128,64,6.8,Mid-Range,7,6,8,7,532.2845321109035
Phone_9470,Samsung,6000,12,256,48,6.7,Premium,7,7,9,6,1038.5401650210435
Phone_9471,Xiaomi,4500,6,1024,64,6.8,Mid-Range,5,5,8,5,468.46186298776837
Phone_9472,Samsung,6000,8,128,64,6.5,Mid-Range,7,7,6,4,675.1595789533206
Phone_9473,Oppo,5000,4,512,48,6.8,Mid-Range,5,5,8,5,643.3301694172739
Phone_9474,OnePlus,6000,8,128,64,6.8,Mid-Range,7,8,8,6,390.01462351671427
Phone_9475,Apple,4500,8,1024,50,6.5,Mid-Range,6,7,7,5,535.5640775869234
Phone_9476,Oppo,4000,6,512,108,6.5,Mid-Range,7,5,5,5,588.3940029626149
Phone_9477,Samsung,6000,4,64,108,6.5,Budget,10,6,6,2,249.61994705013407
Phone_9478,Samsung,4500,4,256,50,6.8,Mid-Range,8,5,5,7,307.38016993788284
Phone_9479,Samsung,5000,4,512,12,6.5,Mid-Range,8,5,8,7,690.2418161861942
Phone_9480,Samsung,6000,6,512,64,6.1,Mid-Range,5,6,8,4,683.3393660594959
Phone_9481,Apple,5000,16,1024,108,6.4,Premium,7,10,8,6,741.0160153909218
Phone_9482,Xiaomi,5000,4,1024,48,6.4,Mid-Range,7,6,8,8,395.6459309981575
Phone_9483,OnePlus,3000,16,256,12,6.5,Premium,5,7,9,7,1399.3647975332037
Phone_9484,Apple,6000,12,1024,108,6.7,Premium,5,9,10,9,864.6389413017064
Phone_9485,Samsung,4500,6,512,64,6.8,Mid-Range,5,7,7,5,602.1166687045039
Phone_9486,Apple,6000,16,256,108,6.4,Premium,4,10,8,7,1233.9793487985032
Phone_9487,Oppo,6000,4,256,64,6.1,Mid-Range,6,6,8,7,397.1237652727874
Phone_9488,Samsung,5000,4,128,12,6.7,Budget,7,6,5,5,117.54431471531575
Phone_9489,OnePlus,5000,16,512,50,6.7,Premium,7,8,8,6,1090.0661039984784
Phone_9490,Samsung,5000,16,512,64,6.1,Premium,4,10,8,8,1496.8254722694226
Phone_9491,OnePlus,5000,12,1024,64,6.8,Premium,5,8,8,9,797.377618500733
Phone_9492,OnePlus,4500,6,512,12,6.8,Mid-Range,6,7,6,4,301.49349936176384
Phone_9493,Xiaomi,4000,8,1024,12,6.5,Mid-Range,8,6,6,7,488.71111366484433
Phone_9494,Xiaomi,3000,12,512,48,6.1,Premium,5,7,9,6,1106.2752298250787
Phone_9495,Apple,5000,12,128,12,6.1,Mid-Range,5,7,5,5,522.6247990179907
Phone_9496,Apple,5000,12,512,108,6.1,Premium,7,9,7,6,1273.003245103773
Phone_9497,OnePlus,3000,4,128,64,6.5,Budget,8,3,4,3,271.6880065610994
Phone_9498,Samsung,5000,16,512,50,6.4,Premium,4,7,8,6,1164.671996873166
Phone_9499,Oppo,4000,6,512,12,6.8,Mid-Range,5,6,8,6,525.6461731180402
Phone_9500,Oppo,6000,4,64,64,6.5,Budget,8,5,6,2,133.2996126758858
Phone_9501,Samsung,3000,12,512,50,6.5,Premium,6,7,8,6,1131.239231248689
Phone_9502,Samsung,4500,6,128,48,6.5,Budget,7,6,3,3,231.73605303196268
Phone_9503,Xiaomi,3000,4,256,108,6.1,Mid-Range,5,8,7,5,547.0696723485224
Phone_9504,Oppo,4000,8,128,48,6.5,Mid-Range,8,5,5,6,441.555433636533
Phone_9505,OnePlus,4500,12,512,12,6.4,Premium,7,8,10,6,1202.7641571878742
Phone_9506,Apple,6000,4,1024,108,6.7,Mid-Range,5,7,6,7,541.0414784864797
Phone_9507,Xiaomi,5000,4,64,48,6.5,Budget,10,3,5,3,220.1011466611463
Phone_9508,Oppo,3000,12,1024,64,6.4,Premium,4,9,9,6,1055.0242302358345
Phone_9509,Samsung,4500,8,64,12,6.1,Mid-Range,6,8,6,4,312.92830703500465
Phone_9510,Oppo,3000,16,64,48,6.7,Mid-Range,5,6,6,7,420.9747932157924
Phone_9511,OnePlus,6000,8,1024,108,6.8,Mid-Range,8,5,7,6,560.3150928822888
Phone_9512,Xiaomi,3000,12,512,108,6.8,Premium,7,10,7,8,778.0893000032747
Phone_9513,Samsung,4500,16,128,50,6.1,Mid-Range,6,6,6,7,546.065697679525
Phone_9514,OnePlus,4000,4,1024,108,6.1,Mid-Range,7,6,8,6,488.70546615778215
Phone_9515,Apple,4500,8,256,108,6.8,Mid-Range,6,5,7,6,332.29721559861446
Phone_9516,Xiaomi,3000,8,64,12,6.1,Mid-Range,5,6,7,4,357.90255663083286
Phone_9517,OnePlus,6000,16,128,108,6.8,Mid-Range,5,5,6,4,321.38775186080875
Phone_9518,OnePlus,5000,4,256,50,6.1,Mid-Range,8,6,5,7,584.4729581790416
Phone_9519,Samsung,5000,8,128,108,6.8,Mid-Range,7,7,5,4,632.4365597079452
Phone_9520,Apple,6000,16,512,50,6.4,Premium,6,7,9,6,852.9908551878835
Phone_9521,OnePlus,3000,8,256,64,6.1,Mid-Range,8,7,8,4,430.09293806140255
Phone_9522,Xiaomi,6000,4,1024,50,6.8,Mid-Range,7,5,6,5,491.64306275118804
Phone_9523,OnePlus,3000,4,128,12,6.1,Budget,9,4,6,3,178.97525186870456
Phone_9524,Oppo,4500,6,1024,48,6.8,Mid-Range,6,5,5,5,466.47652021763076
Phone_9525,Xiaomi,4000,16,1024,48,6.8,Premium,7,10,8,9,784.2853636349022
Phone_9526,Xiaomi,3000,12,128,64,6.7,Mid-Range,5,6,6,5,587.6592711374706
Phone_9527,OnePlus,5000,8,128,12,6.1,Mid-Range,8,8,8,8,366.77271625988936
Phone_9528,Samsung,5000,4,64,64,6.4,Budget,10,3,3,5,207.31307599246503
Phone_9529,Xiaomi,4000,8,64,64,6.5,Mid-Range,6,7,5,4,478.0603545734117
Phone_9530,Oppo,3000,8,256,108,6.5,Mid-Range,7,8,6,4,695.1804509882272
Phone_9531,Samsung,4000,12,256,108,6.1,Premium,7,10,10,7,1029.6609730454038
Phone_9532,Samsung,4500,4,256,12,6.8,Mid-Range,8,7,7,6,417.24936485124505
Phone_9533,Samsung,4000,6,64,48,6.8,Budget,8,3,6,4,272.96792285253866
Phone_9534,Xiaomi,4500,16,1024,50,6.4,Premium,5,10,10,8,1279.312115491408
Phone_9535,Samsung,5000,8,512,108,6.1,Mid-Range,7,8,8,5,364.2149234947815
Phone_9536,OnePlus,4500,12,512,12,6.5,Premium,5,10,8,8,1073.7351771700628
Phone_9537,Samsung,3000,12,128,12,6.4,Mid-Range,8,5,7,8,364.9192639361487
Phone_9538,Oppo,3000,16,64,48,6.1,Mid-Range,7,5,5,8,587.843063810175
Phone_9539,Apple,3000,16,128,12,6.1,Mid-Range,6,6,5,7,314.3365648837399
Phone_9540,Oppo,3000,4,512,12,6.1,Mid-Range,6,7,6,4,525.8931468048418
Phone_9541,Xiaomi,6000,8,128,48,6.7,Mid-Range,6,8,7,5,601.0083535174599
Phone_9542,Samsung,4500,8,64,108,6.4,Mid-Range,8,6,5,4,362.56365104679674
Phone_9543,Samsung,3000,16,64,48,6.1,Mid-Range,8,8,6,7,657.1724046647009
Phone_9544,OnePlus,4000,6,64,64,6.4,Budget,8,5,5,5,276.36119066616493
Phone_9545,Samsung,4000,8,512,108,6.5,Mid-Range,7,8,7,8,573.0824027411084
Phone_9546,Oppo,6000,12,64,64,6.1,Mid-Range,7,7,5,6,368.7857843879025
Phone_9547,Xiaomi,4500,16,256,12,6.8,Premium,6,9,8,10,1197.4144912892189
Phone_9548,Apple,4500,8,256,64,6.1,Mid-Range,7,8,8,4,528.5591210984809
Phone_9549,Samsung,4500,4,64,48,6.1,Budget,10,5,4,4,170.1108539582551
Phone_9550,Apple,6000,16,256,48,6.4,Premium,6,10,10,6,1185.8757237382283
Phone_9551,Samsung,4500,12,64,50,6.4,Mid-Range,8,5,8,6,413.30509305094284
Phone_9552,Xiaomi,4500,4,512,12,6.7,Mid-Range,8,6,8,6,485.3284278261605
Phone_9553,Oppo,3000,16,256,48,6.1,Premium,4,8,8,9,1351.1098104093467
Phone_9554,Xiaomi,4500,16,512,108,6.5,Premium,7,7,8,10,1231.5376811023166
Phone_9555,Apple,3000,8,256,48,6.4,Mid-Range,6,6,8,8,626.507787750912
Phone_9556,Samsung,3000,4,1024,108,6.7,Mid-Range,8,6,7,8,491.9351594887222
Phone_9557,Apple,4500,16,1024,12,6.8,Premium,4,10,8,9,1411.8086219776112
Phone_9558,Oppo,4000,12,512,50,6.8,Premium,4,9,8,8,1237.2093588471714
Phone_9559,Xiaomi,5000,4,256,50,6.7,Mid-Range,7,8,5,5,349.67810218831784
Phone_9560,Apple,4000,8,1024,64,6.8,Mid-Range,6,7,7,5,472.7890674394706
Phone_9561,Apple,4500,6,64,48,6.1,Budget,8,5,4,4,261.97769428092386
Phone_9562,Oppo,4500,16,128,12,6.4,Mid-Range,7,7,7,8,400.05988071158566
Phone_9563,Samsung,4000,6,1024,64,6.5,Mid-Range,6,6,6,6,304.10218323481035
Phone_9564,Apple,4500,16,1024,12,6.8,Premium,7,10,7,7,1451.7776634066695
Phone_9565,Oppo,3000,8,64,12,6.1,Mid-Range,7,7,5,4,306.3815952283602
Phone_9566,Samsung,6000,8,1024,64,6.4,Mid-Range,7,8,6,8,434.48860729664545
Phone_9567,Samsung,4500,8,1024,12,6.1,Mid-Range,7,8,7,8,441.6222761163975
Phone_9568,Xiaomi,4500,8,1024,64,6.1,Mid-Range,5,7,5,5,300.941246345933
Phone_9569,Oppo,4000,4,256,48,6.4,Mid-Range,6,6,5,7,611.8271828104466
Phone_9570,Samsung,3000,4,1024,64,6.8,Mid-Range,7,7,7,7,665.1406266210442
Phone_9571,Xiaomi,4000,16,128,48,6.8,Mid-Range,7,8,6,6,699.5041816023881
Phone_9572,OnePlus,4000,4,256,50,6.1,Mid-Range,5,5,7,5,503.51263836597616
Phone_9573,Oppo,4500,16,256,64,6.7,Premium,7,8,8,9,1116.813518770497
Phone_9574,OnePlus,3000,4,512,50,6.8,Mid-Range,5,8,6,8,586.9898945178052
Phone_9575,Samsung,4500,4,1024,64,6.1,Mid-Range,8,8,8,8,594.5851396389519
Phone_9576,Oppo,4500,4,128,12,6.5,Budget,7,3,6,4,214.3968373530276
Phone_9577,Xiaomi,4500,12,128,50,6.5,Mid-Range,5,8,5,8,526.2341144911741
Phone_9578,Samsung,4500,8,512,108,6.7,Mid-Range,8,6,5,5,628.7082167874311
Phone_9579,Oppo,6000,12,128,108,6.1,Mid-Range,6,7,5,4,375.66978441855593
Phone_9580,Oppo,5000,4,256,108,6.5,Mid-Range,6,7,8,5,308.1891623758775
Phone_9581,OnePlus,3000,4,64,50,6.8,Budget,8,3,3,4,280.1589091838556
Phone_9582,Samsung,6000,12,256,48,6.1,Premium,5,9,8,8,747.3510512030928
Phone_9583,Xiaomi,5000,16,64,64,6.7,Mid-Range,7,7,7,5,529.9891996325803
Phone_9584,Xiaomi,5000,8,128,12,6.7,Mid-Range,7,6,7,8,538.4977188331379
Phone_9585,Samsung,5000,16,1024,12,6.8,Premium,5,8,8,9,1009.5700312307554
Phone_9586,Samsung,6000,8,64,50,6.5,Mid-Range,7,6,7,6,560.597891012193
Phone_9587,Apple,3000,6,256,108,6.5,Mid-Range,5,5,5,7,317.1244655158171
Phone_9588,OnePlus,4000,8,256,12,6.7,Mid-Range,7,6,6,8,360.4738568908953
Phone_9589,Samsung,5000,16,256,12,6.4,Premium,5,10,7,9,960.1127895415688
Phone_9590,Samsung,4000,8,256,48,6.7,Mid-Range,5,8,6,6,677.1952377892158
Phone_9591,Apple,4000,6,512,12,6.7,Mid-Range,6,6,5,5,557.7967809011483
Phone_9592,Apple,4500,6,128,12,6.1,Budget,10,5,5,2,115.47886908786596
Phone_9593,Oppo,4000,4,1024,64,6.8,Mid-Range,5,6,5,4,483.18368845483496
Phone_9594,Xiaomi,4500,6,512,12,6.1,Mid-Range,5,8,7,8,638.2537698902988
Phone_9595,OnePlus,3000,12,128,64,6.7,Mid-Range,5,8,5,6,516.9878684064923
Phone_9596,Oppo,3000,16,64,108,6.1,Mid-Range,7,8,8,4,319.1467425095011
Phone_9597,Samsung,4500,12,512,48,6.5,Premium,5,10,9,10,847.5978592438382
Phone_9598,Apple,3000,12,512,12,6.7,Premium,7,9,7,9,1259.1405282505411
Phone_9599,Xiaomi,5000,16,512,48,6.5,Premium,4,7,8,9,776.6142440113757
Phone_9600,Oppo,3000,12,512,48,6.5,Premium,7,10,8,8,1447.1259771138439
Phone_9601,Xiaomi,4500,12,64,48,6.8,Mid-Range,8,8,7,7,325.877281519376
Phone_9602,Apple,5000,12,256,50,6.5,Premium,5,10,7,6,985.3869432873444
Phone_9603,Oppo,4000,6,512,64,6.1,Mid-Range,7,6,8,5,317.5590423190603
Phone_9604,Oppo,4000,16,128,48,6.1,Mid-Range,8,8,6,4,632.9165310682993
Phone_9605,Xiaomi,4000,16,256,108,6.4,Premium,4,8,10,7,1175.5874083458464
Phone_9606,Apple,4500,16,64,12,6.8,Mid-Range,5,5,6,8,487.7504826307984
Phone_9607,Samsung,4000,12,1024,48,6.4,Premium,6,8,8,7,1432.775116867046
Phone_9608,Oppo,3000,6,64,48,6.5,Budget,9,3,4,3,163.42252290010285
Phone_9609,Samsung,4000,16,1024,12,6.7,Premium,7,8,8,9,1431.0439839524213
Phone_9610,Apple,6000,8,128,108,6.1,Mid-Range,7,5,7,5,372.00589999216396
Phone_9611,Oppo,6000,16,1024,48,6.7,Premium,6,8,9,8,1248.3147973597956
Phone_9612,Oppo,4000,4,512,48,6.4,Mid-Range,5,5,5,4,524.6899921696798
Phone_9613,Samsung,4000,8,256,108,6.4,Mid-Range,7,6,7,8,643.5624856657819
Phone_9614,OnePlus,6000,16,256,48,6.1,Premium,7,8,8,9,1317.2491104455721
Phone_9615,Samsung,4000,12,512,108,6.4,Premium,6,7,9,7,1439.163369363485
Phone_9616,Samsung,5000,16,256,48,6.7,Premium,5,8,9,9,770.4475992247831
Phone_9617,OnePlus,6000,6,64,12,6.4,Budget,9,3,4,4,113.15607888392142
Phone_9618,Apple,4500,6,512,108,6.7,Mid-Range,7,7,7,6,535.672065914154
Phone_9619,Apple,6000,16,512,12,6.5,Premium,6,9,7,8,770.0721232742886
Phone_9620,Oppo,3000,12,256,12,6.8,Premium,7,7,7,9,1225.2377133066013
Phone_9621,Xiaomi,5000,12,1024,48,6.1,Premium,5,8,7,10,1477.5121963697939
Phone_9622,Xiaomi,4500,12,128,108,6.4,Mid-Range,7,5,7,6,615.2302717136677
Phone_9623,Oppo,4000,16,1024,50,6.1,Premium,5,7,9,6,750.2741533821256
Phone_9624,Xiaomi,3000,16,64,12,6.4,Mid-Range,7,6,7,5,500.64912389269233
Phone_9625,Samsung,3000,4,512,12,6.5,Mid-Range,8,6,5,4,317.6133562150147
Phone_9626,Samsung,5000,6,512,12,6.7,Mid-Range,8,8,8,6,545.3348389109069
Phone_9627,OnePlus,4500,8,64,48,6.1,Mid-Range,6,6,8,4,385.2700893325979
Phone_9628,OnePlus,3000,8,128,48,6.5,Mid-Range,5,6,5,8,401.63454949120194
Phone_9629,Oppo,4500,6,512,12,6.5,Mid-Range,6,8,8,5,571.8175801962527
Phone_9630,Oppo,4500,4,1024,48,6.8,Mid-Range,8,8,6,6,481.23799944530367
Phone_9631,Oppo,3000,6,64,48,6.5,Budget,7,6,4,2,137.3445622039818
Phone_9632,Samsung,4500,4,512,48,6.8,Mid-Range,5,7,6,6,457.0235190445095
Phone_9633,Xiaomi,5000,4,1024,64,6.5,Mid-Range,5,8,7,5,648.0126681556915
Phone_9634,Oppo,3000,12,64,108,6.7,Mid-Range,6,5,6,6,470.82732368147504
Phone_9635,Oppo,5000,6,64,48,6.5,Budget,9,6,3,2,257.4061463269518
Phone_9636,Samsung,5000,8,64,64,6.7,Mid-Range,7,5,7,7,350.5080512656721
Phone_9637,Samsung,4500,16,128,64,6.4,Mid-Range,7,7,8,8,501.4260236891296
Phone_9638,Samsung,4500,16,64,48,6.5,Mid-Range,7,6,8,4,395.9201131902118
Phone_9639,Xiaomi,3000,6,256,64,6.5,Mid-Range,8,7,5,5,605.1923291249693
Phone_9640,Oppo,4000,16,256,50,6.4,Premium,7,8,10,9,1454.91728612886
Phone_9641,Apple,3000,4,64,64,6.8,Budget,8,6,5,4,139.0323080052508
Phone_9642,Apple,5000,16,512,108,6.7,Premium,7,7,9,9,1124.1294693712387
Phone_9643,Oppo,4500,4,256,64,6.4,Mid-Range,7,7,7,6,318.1576005584827
Phone_9644,Oppo,5000,4,1024,48,6.4,Mid-Range,7,7,5,4,527.7124653505326
Phone_9645,Oppo,6000,8,1024,12,6.1,Mid-Range,7,5,7,7,660.6555707520339
Phone_9646,Oppo,6000,16,512,50,6.4,Premium,5,7,8,8,1196.4620257577596
Phone_9647,Xiaomi,5000,8,1024,64,6.8,Mid-Range,8,7,7,7,397.5260360975836
Phone_9648,Apple,4000,16,512,50,6.8,Premium,7,7,10,10,1358.3632085188938
Phone_9649,OnePlus,4000,4,1024,108,6.8,Mid-Range,5,5,6,5,616.4257902325858
Phone_9650,Apple,3000,16,64,64,6.7,Mid-Range,5,5,6,8,518.4731008605679
Phone_9651,Apple,3000,8,1024,64,6.7,Mid-Range,7,7,8,4,469.5316829037688
Phone_9652,Samsung,3000,12,64,50,6.5,Mid-Range,5,7,5,6,624.1990677735503
Phone_9653,Oppo,4500,8,1024,64,6.4,Mid-Range,5,5,7,8,401.00460278035587
Phone_9654,Oppo,4000,12,1024,64,6.8,Premium,4,8,8,8,754.9395516653235
Phone_9655,Oppo,5000,6,1024,12,6.4,Mid-Range,7,8,8,5,544.772756299272
Phone_9656,Samsung,6000,8,64,50,6.5,Mid-Range,8,7,8,4,409.034077933027
Phone_9657,Xiaomi,4000,16,1024,48,6.5,Premium,5,9,9,9,1361.8898515230367
Phone_9658,Xiaomi,4000,12,1024,48,6.8,Premium,4,8,7,6,1461.7166103992308
Phone_9659,OnePlus,4000,16,128,108,6.4,Mid-Range,7,8,8,6,382.0095115562333
Phone_9660,Xiaomi,3000,12,64,12,6.5,Mid-Range,7,5,8,5,324.6738950293391
Phone_9661,Xiaomi,4500,8,256,50,6.1,Mid-Range,7,5,8,8,606.67120566628
Phone_9662,Oppo,5000,8,512,50,6.7,Mid-Range,8,6,5,5,613.4349578586214
Phone_9663,Apple,3000,16,128,12,6.4,Mid-Range,5,6,8,5,539.3478308131237
Phone_9664,Xiaomi,4500,8,1024,12,6.8,Mid-Range,6,6,8,8,359.44382323109744
Phone_9665,Xiaomi,4000,16,256,108,6.5,Premium,6,8,10,8,1410.1202578815455
Phone_9666,Samsung,4500,4,256,48,6.5,Mid-Range,5,5,6,4,371.159745821002
Phone_9667,OnePlus,3000,12,1024,50,6.5,Premium,7,7,10,7,791.4560190817317
Phone_9668,Samsung,4000,16,1024,12,6.7,Premium,4,8,9,6,1243.7038005160825
Phone_9669,Oppo,3000,12,128,50,6.4,Mid-Range,5,6,8,7,312.55062993152865
Phone_9670,Apple,5000,4,64,48,6.5,Budget,9,6,3,2,131.35438662390771
Phone_9671,OnePlus,4000,12,128,50,6.7,Mid-Range,7,7,6,8,693.5043672935562
Phone_9672,Samsung,4500,16,64,50,6.1,Mid-Range,5,7,7,4,315.9387600620565
Phone_9673,Xiaomi,3000,8,256,12,6.4,Mid-Range,7,8,6,7,646.3438921002416
Phone_9674,Xiaomi,6000,12,512,12,6.8,Premium,5,9,7,9,1123.6943340459336
Phone_9675,OnePlus,4500,12,1024,12,6.4,Premium,7,9,10,6,737.0051198688884
Phone_9676,Xiaomi,4500,4,128,48,6.5,Budget,8,6,4,3,178.349777736499
Phone_9677,Samsung,4000,6,256,64,6.8,Mid-Range,5,7,5,8,558.9632665390154
Phone_9678,Samsung,4500,8,128,48,6.4,Mid-Range,6,7,5,6,508.17072775980404
Phone_9679,Xiaomi,3000,16,64,12,6.8,Mid-Range,5,5,6,5,385.4016656753677
Phone_9680,Xiaomi,6000,4,1024,108,6.4,Mid-Range,6,7,5,7,532.4938176966477
Phone_9681,Oppo,5000,16,64,50,6.1,Mid-Range,6,7,7,4,403.4683373285195
Phone_9682,Apple,6000,16,64,50,6.1,Mid-Range,8,8,8,7,366.0089298826869
Phone_9683,OnePlus,3000,12,64,50,6.1,Mid-Range,6,8,6,7,502.2096240843822
Phone_9684,Samsung,4000,4,256,50,6.4,Mid-Range,7,8,6,5,448.79953027109684
Phone_9685,OnePlus,3000,4,1024,108,6.8,Mid-Range,7,5,5,6,310.9638938822941
Phone_9686,Oppo,4500,8,512,12,6.1,Mid-Range,8,6,5,7,679.8711091237283
Phone_9687,Samsung,4000,6,128,64,6.7,Budget,7,6,4,5,191.05418185940687
Phone_9688,Oppo,5000,16,64,50,6.7,Mid-Range,6,8,6,7,661.1823297815981
Phone_9689,Oppo,5000,8,1024,64,6.1,Mid-Range,6,7,7,7,375.8945248211445
Phone_9690,Xiaomi,3000,8,128,48,6.1,Mid-Range,6,5,5,4,356.7449291619126
Phone_9691,OnePlus,4500,16,1024,48,6.5,Premium,4,7,8,6,905.8640636141214
Phone_9692,OnePlus,5000,12,128,50,6.7,Mid-Range,7,7,5,6,470.2818928662201
Phone_9693,Xiaomi,6000,12,1024,12,6.7,Premium,5,7,10,7,991.7379365761346
Phone_9694,OnePlus,4000,16,512,108,6.1,Premium,6,7,8,7,1052.8727930326918
Phone_9695,Xiaomi,6000,4,1024,50,6.5,Mid-Range,6,6,7,4,613.4994127068051
Phone_9696,Samsung,5000,6,1024,48,6.8,Mid-Range,6,6,7,7,363.84945331295364
Phone_9697,Oppo,5000,12,64,48,6.5,Mid-Range,5,5,8,8,367.09034837559125
Phone_9698,Oppo,3000,6,64,64,6.5,Budget,7,6,3,4,178.16736457598785
Phone_9699,OnePlus,3000,8,64,108,6.7,Mid-Range,6,5,5,5,575.1286117623945
Phone_9700,Apple,4000,8,1024,50,6.1,Mid-Range,6,5,7,5,306.9917067832436
Phone_9701,Oppo,3000,16,512,12,6.1,Premium,5,10,9,6,777.3526158811948
Phone_9702,Xiaomi,4500,16,128,64,6.1,Mid-Range,6,6,8,6,553.8195288522713
Phone_9703,Apple,4000,16,64,108,6.5,Mid-Range,6,7,7,7,360.10730963347305
Phone_9704,Apple,4500,12,256,64,6.5,Premium,6,7,8,8,737.5692997757236
Phone_9705,Oppo,3000,6,1024,12,6.4,Mid-Range,7,7,5,6,393.6012556328688
Phone_9706,Oppo,4000,8,512,48,6.8,Mid-Range,8,5,8,7,454.10432490397466
Phone_9707,Oppo,5000,6,512,50,6.4,Mid-Range,8,5,6,8,303.14643905894656
Phone_9708,Xiaomi,6000,12,64,50,6.8,Mid-Range,7,6,8,6,598.4249616941065
Phone_9709,Apple,5000,6,64,12,6.4,Budget,10,6,6,5,250.07567647160258
Phone_9710,OnePlus,4500,6,256,50,6.4,Mid-Range,8,6,7,4,446.6976918914501
Phone_9711,Xiaomi,5000,16,256,50,6.4,Premium,7,8,7,10,954.5569562631417
Phone_9712,Samsung,5000,6,64,64,6.4,Budget,10,5,6,5,202.50419349458969
Phone_9713,Oppo,6000,6,128,12,6.5,Budget,8,3,5,4,219.94719466419025
Phone_9714,Apple,6000,6,64,64,6.8,Budget,7,6,3,5,110.37766703897296
Phone_9715,Xiaomi,5000,4,64,50,6.4,Budget,10,6,3,4,188.76274559928817
Phone_9716,Samsung,6000,8,512,108,6.4,Mid-Range,8,6,7,4,428.9784004390534
Phone_9717,Xiaomi,5000,8,64,108,6.1,Mid-Range,7,6,7,6,480.3323394724699
Phone_9718,Xiaomi,4000,6,64,64,6.5,Budget,9,5,3,3,189.76725263436947
Phone_9719,OnePlus,5000,16,64,48,6.7,Mid-Range,5,7,8,6,439.0100118504603
Phone_9720,OnePlus,3000,16,128,48,6.1,Mid-Range,7,6,5,4,562.6369287514774
Phone_9721,Xiaomi,6000,16,512,12,6.7,Premium,7,10,10,10,1230.9643471603708
Phone_9722,Samsung,6000,8,1024,108,6.4,Mid-Range,8,6,5,6,493.50102052194785
Phone_9723,Apple,4500,12,1024,108,6.8,Premium,4,7,7,6,1212.057101750281
Phone_9724,Apple,4500,6,1024,64,6.7,Mid-Range,8,6,7,4,668.0113575354662
Phone_9725,Oppo,3000,8,1024,50,6.7,Mid-Range,5,8,8,4,629.8814758569865
Phone_9726,Oppo,6000,16,512,12,6.7,Premium,5,9,10,6,1155.0351799603102
Phone_9727,Apple,6000,8,64,64,6.8,Mid-Range,7,7,7,4,481.5000255975653
Phone_9728,Xiaomi,4500,8,1024,48,6.1,Mid-Range,6,5,8,5,633.5956814405895
Phone_9729,Xiaomi,4500,8,64,50,6.5,Mid-Range,6,8,8,5,576.1800491574108
Phone_9730,OnePlus,5000,16,1024,12,6.8,Premium,7,8,10,10,1369.4509225850782
Phone_9731,OnePlus,6000,12,128,50,6.1,Mid-Range,5,8,8,8,519.3018087377787
Phone_9732,Oppo,6000,4,64,48,6.4,Budget,10,4,4,5,202.81552464931963
Phone_9733,Apple,5000,6,512,64,6.1,Mid-Range,8,7,7,6,375.7998379746742
Phone_9734,Xiaomi,6000,6,128,64,6.7,Budget,7,6,6,3,278.34003087098074
Phone_9735,Apple,3000,8,128,108,6.1,Mid-Range,8,5,6,8,508.29645748031794
Phone_9736,Samsung,4500,12,512,64,6.1,Premium,5,7,10,7,1096.8138996949401
Phone_9737,Apple,4500,16,128,108,6.4,Mid-Range,8,6,6,4,684.9685402427343
Phone_9738,Samsung,4500,4,64,64,6.4,Budget,8,5,6,2,191.66690125659602
Phone_9739,OnePlus,4000,4,256,12,6.1,Mid-Range,6,6,8,8,567.2128227433741
Phone_9740,OnePlus,3000,8,256,48,6.8,Mid-Range,5,6,5,6,508.8520129867869
Phone_9741,Oppo,3000,8,1024,50,6.4,Mid-Range,6,6,5,6,672.642329528382
Phone_9742,Apple,5000,16,1024,48,6.7,Premium,6,8,9,7,1233.5043378071646
Phone_9743,Apple,4000,16,64,48,6.8,Mid-Range,8,6,8,6,402.4527803292717
Phone_9744,Samsung,6000,16,512,108,6.1,Premium,6,8,8,10,1452.0065349829908
Phone_9745,OnePlus,3000,8,64,108,6.7,Mid-Range,5,7,6,6,666.7029900599746
Phone_9746,Samsung,4000,12,1024,12,6.7,Premium,4,8,8,10,1336.3549171602808
Phone_9747,OnePlus,4000,8,128,50,6.8,Mid-Range,6,6,8,8,358.4564786949192
Phone_9748,Samsung,3000,8,64,64,6.1,Mid-Range,5,6,6,5,516.6430214062789
Phone_9749,OnePlus,5000,4,64,64,6.7,Budget,10,6,6,5,165.58080447890177
Phone_9750,Samsung,4000,16,512,48,6.4,Premium,7,7,8,6,1416.336598082464
Phone_9751,OnePlus,4500,6,1024,12,6.4,Mid-Range,8,6,7,5,396.5408075881942
Phone_9752,Samsung,4000,16,64,50,6.8,Mid-Range,6,6,7,4,428.9172979351286
Phone_9753,Apple,6000,12,128,64,6.4,Mid-Range,6,5,5,6,506.6300645496856
Phone_9754,Oppo,3000,12,128,48,6.5,Mid-Range,7,6,8,7,347.3125603638683
Phone_9755,Samsung,6000,16,256,12,6.1,Premium,5,10,10,8,1014.6153859496662
Phone_9756,Oppo,5000,16,1024,50,6.7,Premium,6,8,10,7,880.5847353366553
Phone_9757,Apple,4500,8,128,48,6.7,Mid-Range,8,5,6,6,675.6877891748986
Phone_9758,Apple,3000,6,512,48,6.8,Mid-Range,8,8,5,4,687.8140952402839
Phone_9759,OnePlus,4000,8,1024,12,6.8,Mid-Range,5,5,5,8,674.9046630977628
Phone_9760,Oppo,4500,4,128,12,6.7,Budget,10,5,5,3,271.34499177115254
Phone_9761,Xiaomi,4000,4,64,12,6.4,Budget,10,6,5,4,215.4410398337434
Phone_9762,OnePlus,5000,12,1024,12,6.8,Premium,5,7,10,9,1402.4021319333465
Phone_9763,Oppo,3000,12,128,50,6.5,Mid-Range,7,5,5,6,392.73548547262476
Phone_9764,Samsung,5000,6,64,12,6.8,Budget,10,3,6,4,137.29494330094616
Phone_9765,Samsung,5000,12,256,12,6.4,Premium,4,10,8,9,700.8726072920541
Phone_9766,Apple,5000,4,1024,12,6.1,Mid-Range,8,7,5,4,592.1374009083052
Phone_9767,Xiaomi,5000,6,1024,50,6.5,Mid-Range,6,8,8,4,490.1545431049781
Phone_9768,Samsung,4000,4,128,64,6.8,Budget,7,6,6,2,178.9341271719428
Phone_9769,Oppo,6000,16,256,48,6.1,Premium,6,8,8,7,1304.817492425062
Phone_9770,Oppo,4000,16,512,108,6.1,Premium,6,10,7,8,885.3350640762656
Phone_9771,Samsung,4500,6,128,48,6.7,Budget,8,6,4,3,267.11021455203684
Phone_9772,Oppo,5000,8,128,50,6.4,Mid-Range,7,8,7,8,467.7282990114544
Phone_9773,Oppo,4500,12,512,12,6.7,Premium,6,7,7,10,1469.1849820378106
Phone_9774,Apple,4000,6,512,50,6.4,Mid-Range,8,8,6,4,593.0714099557902
Phone_9775,Xiaomi,5000,12,512,64,6.1,Premium,7,9,9,9,1257.4422254659657
Phone_9776,Apple,4000,4,512,108,6.8,Mid-Range,8,6,6,5,584.6814571714042
Phone_9777,Xiaomi,5000,8,512,64,6.4,Mid-Range,7,7,5,7,340.92111037204137
Phone_9778,Oppo,4000,12,64,12,6.4,Mid-Range,6,5,5,5,525.400605410883
Phone_9779,Xiaomi,3000,16,64,50,6.1,Mid-Range,5,6,6,5,416.4004352863927
Phone_9780,Oppo,6000,16,512,50,6.5,Premium,5,10,10,6,1024.9333999640864
Phone_9781,Oppo,6000,4,256,12,6.1,Mid-Range,5,6,8,4,592.4268265014003
Phone_9782,Apple,5000,6,256,12,6.1,Mid-Range,7,8,8,7,421.7341491754246
Phone_9783,Apple,3000,12,512,108,6.4,Premium,6,7,7,10,1260.2997814932774
Phone_9784,OnePlus,4500,4,64,64,6.1,Budget,7,3,6,4,246.84597260805018
Phone_9785,Samsung,3000,16,256,12,6.7,Premium,5,7,8,6,1179.490503541568
Phone_9786,OnePlus,5000,16,64,12,6.1,Mid-Range,8,8,6,4,489.6258655490607
Phone_9787,OnePlus,3000,16,128,64,6.8,Mid-Range,5,7,7,6,522.5870330577832
Phone_9788,Xiaomi,4500,8,64,12,6.1,Mid-Range,7,8,5,7,639.5549058051067
Phone_9789,Oppo,5000,8,512,108,6.1,Mid-Range,6,8,6,4,342.83210716581823
Phone_9790,Oppo,6000,16,1024,108,6.8,Premium,6,9,8,9,1397.180022853287
Phone_9791,Oppo,3000,6,512,64,6.5,Mid-Range,8,6,7,5,562.4979448684842
Phone_9792,Samsung,6000,8,128,48,6.5,Mid-Range,5,7,8,4,541.5243359318617
Phone_9793,Xiaomi,6000,12,64,108,6.5,Mid-Range,5,7,8,5,374.36937004242014
Phone_9794,Xiaomi,4000,8,256,50,6.7,Mid-Range,5,7,7,8,508.75952019070166
Phone_9795,Oppo,4500,12,512,50,6.8,Premium,5,10,9,6,1393.9691069434625
Phone_9796,OnePlus,3000,8,256,48,6.7,Mid-Range,5,6,7,4,592.682352872773
Phone_9797,Samsung,6000,16,64,108,6.7,Mid-Range,6,7,8,7,538.2892224795361
Phone_9798,OnePlus,6000,12,128,12,6.7,Mid-Range,7,7,7,5,352.17895211508454
Phone_9799,Apple,4500,6,512,48,6.8,Mid-Range,5,6,5,5,421.6028547818753
Phone_9800,Xiaomi,6000,8,256,12,6.4,Mid-Range,7,6,5,6,462.3128745874153
Phone_9801,Xiaomi,6000,8,512,50,6.4,Mid-Range,8,5,7,6,615.3011688401218
Phone_9802,OnePlus,6000,16,512,48,6.5,Premium,6,10,10,10,1172.9975734857514
Phone_9803,Samsung,6000,12,256,108,6.7,Premium,4,8,7,7,710.7463376724611
Phone_9804,Xiaomi,4000,16,128,50,6.5,Mid-Range,8,5,7,4,669.4038186333285
Phone_9805,OnePlus,4000,12,512,108,6.7,Premium,5,9,10,9,779.9277068920833
Phone_9806,Samsung,5000,8,128,12,6.5,Mid-Range,5,7,8,4,394.85883200761504
Phone_9807,OnePlus,3000,8,128,108,6.1,Mid-Range,5,8,6,7,355.832342613567
Phone_9808,Samsung,4500,8,64,48,6.8,Mid-Range,7,7,8,7,300.2170808994
Phone_9809,Oppo,5000,8,256,12,6.7,Mid-Range,7,5,6,8,370.2513283116821
Phone_9810,Samsung,4000,4,64,48,6.7,Budget,8,5,5,4,288.77029492764296
Phone_9811,Apple,4000,8,1024,12,6.7,Mid-Range,7,5,6,5,407.91177559668597
Phone_9812,Oppo,4000,8,64,48,6.8,Mid-Range,8,5,5,4,566.8327736954641
Phone_9813,OnePlus,5000,12,512,50,6.1,Premium,4,8,9,7,1131.545592791218
Phone_9814,Oppo,4000,8,512,48,6.4,Mid-Range,7,8,6,7,474.18276194839893
Phone_9815,Oppo,5000,8,512,50,6.8,Mid-Range,8,7,5,4,301.9632112269633
Phone_9816,OnePlus,4000,12,1024,64,6.1,Premium,7,9,7,8,1030.8068080394225
Phone_9817,OnePlus,6000,8,128,108,6.5,Mid-Range,7,7,5,7,316.42181689659293
Phone_9818,Apple,6000,8,512,12,6.7,Mid-Range,8,6,5,4,583.8238853258749
Phone_9819,OnePlus,3000,16,64,108,6.7,Mid-Range,8,6,6,5,441.7225643003567
Phone_9820,Xiaomi,4000,4,128,50,6.4,Budget,9,5,6,3,277.9335856001218
Phone_9821,Xiaomi,3000,12,64,50,6.5,Mid-Range,7,6,5,4,604.5812582844029
Phone_9822,Apple,5000,16,64,50,6.1,Mid-Range,8,6,7,6,645.1692167484448
Phone_9823,Samsung,3000,6,512,48,6.5,Mid-Range,6,7,5,7,506.6694009022553
Phone_9824,Samsung,4000,6,64,108,6.5,Budget,9,6,3,5,261.59166784744184
Phone_9825,Xiaomi,5000,4,1024,50,6.4,Mid-Range,5,8,6,7,594.3930752810913
Phone_9826,OnePlus,5000,6,128,64,6.1,Budget,7,6,3,3,251.63100303815952
Phone_9827,Apple,6000,4,512,50,6.4,Mid-Range,7,7,5,6,582.9044577862412
Phone_9828,Samsung,5000,6,512,108,6.1,Mid-Range,8,5,8,5,561.4717636454124
Phone_9829,Samsung,5000,6,64,50,6.8,Budget,10,5,4,4,223.15067779994754
Phone_9830,Oppo,3000,16,64,50,6.8,Mid-Range,6,7,7,6,436.30371545043613
Phone_9831,Xiaomi,5000,6,256,12,6.7,Mid-Range,7,8,8,6,689.4637560213101
Phone_9832,OnePlus,4500,4,256,50,6.4,Mid-Range,5,7,5,6,694.5274448301889
Phone_9833,Apple,6000,8,512,108,6.8,Mid-Range,6,8,6,4,578.0425534462235
Phone_9834,Samsung,6000,8,512,12,6.5,Mid-Range,5,6,5,5,453.66465686159273
Phone_9835,Oppo,5000,8,64,12,6.5,Mid-Range,7,7,7,6,600.6142372210593
Phone_9836,Xiaomi,3000,4,1024,50,6.8,Mid-Range,5,6,5,5,571.695769542527
Phone_9837,Xiaomi,6000,4,1024,50,6.4,Mid-Range,7,8,6,4,517.9942390650423
Phone_9838,Apple,6000,8,64,64,6.7,Mid-Range,6,7,8,4,352.73475193858303
Phone_9839,Samsung,4500,6,256,108,6.5,Mid-Range,5,6,7,4,678.641130388907
Phone_9840,Apple,5000,8,256,108,6.7,Mid-Range,6,6,7,5,393.1065980483965
Phone_9841,Apple,6000,12,1024,48,6.5,Premium,6,7,9,8,1228.878710046352
Phone_9842,Oppo,6000,4,512,48,6.1,Mid-Range,8,8,6,7,436.9666192628543
Phone_9843,Xiaomi,6000,12,64,108,6.8,Mid-Range,6,5,8,8,361.50210947558
Phone_9844,OnePlus,6000,12,512,50,6.4,Premium,5,9,10,6,1346.4097122197977
Phone_9845,Xiaomi,3000,4,256,12,6.5,Mid-Range,6,6,8,4,671.9207261014261
Phone_9846,Xiaomi,4000,8,1024,64,6.8,Mid-Range,7,5,6,6,595.7889298353277
Phone_9847,Oppo,4500,16,512,50,6.7,Premium,6,7,8,6,1352.1214488352568
Phone_9848,OnePlus,3000,12,256,12,6.4,Premium,4,8,9,9,1090.9668245259122
Phone_9849,Samsung,4500,8,256,108,6.4,Mid-Range,7,5,7,7,351.8818911285585
Phone_9850,OnePlus,6000,16,256,50,6.8,Premium,5,9,10,9,954.7766341005305
Phone_9851,Samsung,4500,12,512,64,6.8,Premium,7,10,9,6,1469.5321684313794
Phone_9852,OnePlus,5000,8,128,48,6.8,Mid-Range,8,6,6,4,691.1422376096573
Phone_9853,Apple,5000,12,1024,12,6.1,Premium,6,10,7,7,1358.8816002251951
Phone_9854,OnePlus,4000,8,256,50,6.1,Mid-Range,7,6,7,8,599.5786772360441
Phone_9855,Oppo,4000,6,512,64,6.4,Mid-Range,5,6,5,6,316.52405838429553
Phone_9856,Samsung,4500,6,64,50,6.8,Budget,8,6,4,3,127.72842280495371
Phone_9857,Xiaomi,3000,4,1024,108,6.1,Mid-Range,8,6,7,4,524.9839484142292
Phone_9858,Oppo,3000,16,64,12,6.4,Mid-Range,5,5,8,4,425.6872409952677
Phone_9859,Samsung,6000,12,64,108,6.5,Mid-Range,8,6,7,4,350.75716534267406
Phone_9860,Samsung,3000,12,512,108,6.8,Premium,7,7,10,6,1168.486539117093
Phone_9861,Xiaomi,4000,8,128,48,6.1,Mid-Range,5,6,5,4,598.5173563373494
Phone_9862,Apple,3000,16,512,108,6.4,Premium,4,9,10,8,1229.3114049280427
Phone_9863,Oppo,6000,12,512,64,6.8,Premium,4,9,7,10,1013.4927208088816
Phone_9864,Xiaomi,5000,16,1024,12,6.4,Premium,4,10,10,10,880.4698426336427
Phone_9865,Xiaomi,3000,16,512,48,6.5,Premium,5,7,9,7,1190.5004432404924
Phone_9866,Apple,3000,6,1024,50,6.4,Mid-Range,7,6,5,8,693.1724297646552
Phone_9867,Oppo,4000,12,256,108,6.4,Premium,7,7,7,7,1199.8681065733201
Phone_9868,Xiaomi,4500,12,1024,50,6.5,Premium,6,7,7,6,1479.5180940539585
Phone_9869,Apple,5000,4,512,48,6.7,Mid-Range,8,5,7,5,661.3830187438597
Phone_9870,Oppo,4500,16,256,50,6.8,Premium,7,10,10,10,962.4619651418454
Phone_9871,OnePlus,6000,8,256,64,6.5,Mid-Range,5,7,7,6,658.8506632580952
Phone_9872,Samsung,6000,6,128,48,6.5,Budget,8,6,3,4,137.2670612267664
Phone_9873,Apple,4500,4,512,12,6.8,Mid-Range,6,6,7,8,596.7237250023255
Phone_9874,Samsung,4000,6,64,12,6.4,Budget,9,5,5,3,170.3522984216462
Phone_9875,OnePlus,4000,8,512,12,6.1,Mid-Range,6,6,6,6,365.9707783720513
Phone_9876,Xiaomi,4000,4,64,12,6.8,Budget,7,4,5,5,212.80525311570102
Phone_9877,Xiaomi,5000,6,128,48,6.5,Budget,10,4,6,2,252.77239381672084
Phone_9878,Oppo,6000,8,512,48,6.4,Mid-Range,7,8,5,7,455.90269534020047
Phone_9879,Apple,6000,4,128,48,6.7,Budget,8,4,6,3,212.10730707139425
Phone_9880,Apple,6000,8,64,108,6.4,Mid-Range,6,5,7,7,561.885142415515
Phone_9881,Oppo,5000,4,1024,48,6.1,Mid-Range,6,5,5,7,440.7109465736377
Phone_9882,Samsung,6000,12,512,48,6.4,Premium,7,7,10,10,1349.4701696160873
Phone_9883,Xiaomi,4500,12,256,48,6.1,Premium,7,8,8,9,1418.9758517392122
Phone_9884,Xiaomi,3000,6,256,12,6.7,Mid-Range,7,8,7,4,610.491585717569
Phone_9885,Apple,5000,16,128,64,6.7,Mid-Range,5,8,5,7,436.21179852452246
Phone_9886,Apple,3000,16,1024,12,6.4,Premium,7,9,10,10,979.5413511785224
Phone_9887,Oppo,4500,8,256,64,6.8,Mid-Range,7,7,7,6,329.6793287188051
Phone_9888,OnePlus,4000,4,256,64,6.8,Mid-Range,5,6,5,8,540.6762377212283
Phone_9889,Samsung,4000,12,512,64,6.8,Premium,7,8,9,6,707.9867101798005
Phone_9890,OnePlus,4000,16,256,12,6.7,Premium,6,9,9,10,1218.768118328234
Phone_9891,OnePlus,5000,12,64,108,6.1,Mid-Range,6,5,6,5,604.2283527172101
Phone_9892,Apple,4000,8,128,50,6.5,Mid-Range,8,6,8,8,650.7463692088202
Phone_9893,Apple,5000,8,256,108,6.4,Mid-Range,7,6,7,5,600.2155016887166
Phone_9894,Apple,5000,4,512,12,6.1,Mid-Range,8,5,8,7,517.7228032824463
Phone_9895,OnePlus,3000,16,64,64,6.5,Mid-Range,8,5,5,6,674.2762177852087
Phone_9896,Samsung,4000,8,256,50,6.7,Mid-Range,5,8,8,8,452.8817343355055
Phone_9897,Apple,6000,8,128,108,6.5,Mid-Range,7,8,6,7,561.8897536470909
Phone_9898,Xiaomi,4000,12,128,48,6.7,Mid-Range,8,5,6,4,530.0960625799238
Phone_9899,Samsung,4000,6,128,108,6.7,Budget,7,6,3,4,166.63035519435147
Phone_9900,Xiaomi,4000,16,256,12,6.1,Premium,6,9,10,8,981.9857132021942
Phone_9901,Samsung,6000,4,64,50,6.8,Budget,10,5,3,2,166.14994105118922
Phone_9902,Apple,6000,4,1024,48,6.8,Mid-Range,5,5,8,5,481.5253734031739
Phone_9903,Oppo,5000,12,128,50,6.1,Mid-Range,7,6,8,5,356.2072059374806
Phone_9904,Apple,6000,4,64,50,6.4,Budget,9,6,3,2,166.1232373172959
Phone_9905,OnePlus,5000,8,512,108,6.7,Mid-Range,6,5,8,8,644.7297628327628
Phone_9906,OnePlus,3000,16,512,64,6.4,Premium,4,9,10,9,1218.648851873501
Phone_9907,Samsung,5000,4,64,108,6.7,Budget,10,6,5,3,154.71030757417265
Phone_9908,OnePlus,4000,16,512,48,6.7,Premium,5,8,8,8,1120.3444238691845
Phone_9909,Apple,4500,4,512,12,6.8,Mid-Range,6,8,6,6,314.40024479520264
Phone_9910,Xiaomi,4500,6,128,108,6.8,Budget,7,5,4,4,185.3791655671368
Phone_9911,Apple,4000,6,256,64,6.7,Mid-Range,7,7,7,8,505.51907030270286
Phone_9912,Samsung,5000,16,256,64,6.8,Premium,6,8,10,6,967.988246356542
Phone_9913,OnePlus,4000,6,256,108,6.8,Mid-Range,8,7,6,5,339.68807776399177
Phone_9914,Xiaomi,6000,6,256,48,6.5,Mid-Range,5,6,6,7,400.4821398637991
Phone_9915,Oppo,5000,8,64,64,6.5,Mid-Range,8,8,6,7,449.4767645508278
Phone_9916,Xiaomi,4000,4,128,64,6.7,Budget,8,3,5,4,293.9836142613975
Phone_9917,Xiaomi,6000,6,64,48,6.8,Budget,9,6,3,4,219.49063979150998
Phone_9918,Apple,6000,16,512,48,6.5,Premium,5,7,10,8,1200.5707829429257
Phone_9919,Oppo,5000,8,128,48,6.4,Mid-Range,7,7,5,8,680.3580426348508
Phone_9920,Samsung,3000,6,1024,48,6.7,Mid-Range,6,5,5,5,322.4168494178791
Phone_9921,Samsung,3000,16,256,108,6.7,Premium,6,9,7,9,1094.5880427941029
Phone_9922,Xiaomi,6000,4,512,108,6.4,Mid-Range,8,6,6,8,369.161844921686
Phone_9923,Xiaomi,3000,6,256,50,6.7,Mid-Range,8,7,6,7,432.54995415896985
Phone_9924,OnePlus,6000,16,256,50,6.8,Premium,6,10,9,8,798.6647758577673
Phone_9925,Oppo,3000,16,256,50,6.5,Premium,6,8,9,7,961.8362618209426
Phone_9926,Xiaomi,6000,12,1024,64,6.1,Premium,7,7,7,7,1187.2933973282534
Phone_9927,OnePlus,6000,16,512,48,6.5,Premium,4,7,9,7,767.5309689098195
Phone_9928,Oppo,6000,12,256,108,6.4,Premium,5,9,10,10,848.7629360650826
Phone_9929,Samsung,6000,4,256,108,6.1,Mid-Range,7,8,8,7,680.1985993228909
Phone_9930,OnePlus,4500,4,128,48,6.8,Budget,9,4,4,2,238.76710146962756
Phone_9931,Oppo,3000,8,256,50,6.8,Mid-Range,6,8,8,7,690.091013147987
Phone_9932,OnePlus,6000,12,128,64,6.5,Mid-Range,5,7,5,7,481.9543362344749
Phone_9933,Xiaomi,4000,16,512,108,6.7,Premium,6,8,7,10,1275.0421598158712
Phone_9934,Apple,5000,8,512,12,6.7,Mid-Range,7,6,5,6,684.7623771453465
Phone_9935,Samsung,4000,8,512,64,6.4,Mid-Range,5,6,6,8,300.8477890865247
Phone_9936,Xiaomi,4000,4,128,64,6.7,Budget,8,6,3,5,180.5759916811566
Phone_9937,Xiaomi,4500,16,1024,50,6.8,Premium,7,7,9,7,1022.9046267052868
Phone_9938,Oppo,3000,12,1024,48,6.1,Premium,6,7,10,8,1147.605597101917
Phone_9939,OnePlus,4500,4,256,12,6.5,Mid-Range,7,8,6,4,305.55263522270366
Phone_9940,Samsung,3000,8,512,50,6.5,Mid-Range,7,8,8,4,521.8812909265721
Phone_9941,Xiaomi,6000,6,64,48,6.5,Budget,9,4,5,3,106.30526454853356
Phone_9942,Oppo,4500,8,256,12,6.7,Mid-Range,7,7,6,7,421.89373260967494
Phone_9943,Samsung,5000,6,1024,108,6.1,Mid-Range,8,7,6,7,592.9390425720012
Phone_9944,OnePlus,3000,4,1024,12,6.7,Mid-Range,5,8,7,7,402.79910006971915
Phone_9945,Xiaomi,4500,12,512,50,6.7,Premium,5,9,10,10,709.3277105279749
Phone_9946,Xiaomi,5000,16,128,12,6.8,Mid-Range,8,8,5,6,372.1437212490437
Phone_9947,Xiaomi,4000,6,256,12,6.8,Mid-Range,7,8,6,8,585.6267818701585
Phone_9948,Samsung,6000,16,128,12,6.7,Mid-Range,8,5,5,7,368.014379338093
Phone_9949,Samsung,6000,4,1024,108,6.4,Mid-Range,5,8,7,6,659.0690905976174
Phone_9950,Samsung,4000,4,512,48,6.4,Mid-Range,6,6,5,6,415.13407263244335
Phone_9951,Samsung,4500,4,1024,12,6.4,Mid-Range,6,5,6,6,507.44893067314433
Phone_9952,Oppo,4000,12,512,64,6.7,Premium,5,7,9,9,1015.312500737584
Phone_9953,Apple,5000,6,64,50,6.1,Budget,8,3,4,5,127.00877323000506
Phone_9954,Oppo,3000,16,128,64,6.4,Mid-Range,8,6,7,6,393.61500069020735
Phone_9955,Xiaomi,4500,8,256,48,6.8,Mid-Range,8,8,5,5,635.4557331819213
Phone_9956,Oppo,3000,4,512,50,6.5,Mid-Range,5,7,5,8,595.1580935562299
Phone_9957,OnePlus,4000,16,64,48,6.5,Mid-Range,8,7,6,8,437.0456434460742
Phone_9958,Samsung,6000,16,64,50,6.7,Mid-Range,6,8,7,8,348.11524104658747
Phone_9959,OnePlus,3000,12,128,64,6.5,Mid-Range,5,7,7,8,501.90599468381674
Phone_9960,OnePlus,3000,6,512,64,6.7,Mid-Range,8,5,8,4,692.2101877545897
Phone_9961,Xiaomi,6000,12,256,108,6.5,Premium,5,7,7,6,875.5133036219542
Phone_9962,Samsung,3000,12,256,48,6.1,Premium,6,9,10,8,1457.0947402258703
Phone_9963,OnePlus,3000,16,256,64,6.1,Premium,4,10,7,9,1267.7575757087413
Phone_9964,Xiaomi,6000,6,1024,50,6.1,Mid-Range,8,8,7,5,373.2722613928123
Phone_9965,Samsung,6000,6,1024,12,6.1,Mid-Range,6,5,8,8,490.56812214468835
Phone_9966,Apple,4000,6,512,12,6.4,Mid-Range,5,8,6,5,551.0718256435192
Phone_9967,Xiaomi,4000,4,256,12,6.8,Mid-Range,7,7,7,6,578.6737047680385
Phone_9968,Oppo,3000,6,64,108,6.1,Budget,8,6,3,5,137.9633195593161
Phone_9969,Samsung,4500,16,256,64,6.4,Premium,4,7,8,10,718.475387754434
Phone_9970,OnePlus,4000,4,512,48,6.7,Mid-Range,7,7,5,8,431.37088268781906
Phone_9971,OnePlus,4000,8,256,48,6.5,Mid-Range,7,5,5,4,348.01397774746863
Phone_9972,Oppo,4500,12,128,108,6.5,Mid-Range,6,5,8,7,341.7065759560443
Phone_9973,Oppo,4500,6,256,50,6.4,Mid-Range,7,8,6,4,687.4973851279278
Phone_9974,OnePlus,6000,8,64,64,6.5,Mid-Range,8,7,5,8,682.3273749090753
Phone_9975,Samsung,4000,6,512,64,6.1,Mid-Range,5,5,5,4,627.8052425515268
Phone_9976,Xiaomi,5000,12,512,50,6.5,Premium,5,7,8,6,1234.9688328428215
Phone_9977,Oppo,5000,16,64,50,6.1,Mid-Range,7,6,5,7,409.66724438196997
Phone_9978,Oppo,3000,16,512,64,6.1,Premium,4,10,10,8,1157.18050691477
Phone_9979,Oppo,4000,12,256,64,6.5,Premium,6,10,9,9,1127.474918236601
Phone_9980,Apple,5000,8,512,12,6.4,Mid-Range,6,6,5,5,619.6884397396136
Phone_9981,Samsung,4000,4,256,48,6.7,Mid-Range,8,7,6,5,544.3318127347707
Phone_9982,Samsung,4000,4,512,12,6.4,Mid-Range,7,8,6,6,638.4739261091277
Phone_9983,Samsung,5000,6,256,12,6.8,Mid-Range,6,7,5,8,458.9382963192535
Phone_9984,Samsung,4000,12,256,48,6.8,Premium,7,7,10,6,837.8050519231459
Phone_9985,Samsung,4500,12,64,108,6.1,Mid-Range,5,6,7,4,387.6923634038766
Phone_9986,OnePlus,3000,4,64,108,6.1,Budget,9,6,5,3,290.189317382564
Phone_9987,Oppo,6000,8,1024,108,6.4,Mid-Range,8,6,7,6,621.0314714632935
Phone_9988,OnePlus,5000,12,64,108,6.4,Mid-Range,6,5,8,8,534.3013218186325
Phone_9989,Apple,6000,16,256,50,6.1,Premium,7,8,10,6,1285.994968493139
Phone_9990,Xiaomi,3000,16,256,12,6.7,Premium,7,7,9,7,715.2450257159636
Phone_9991,Oppo,4500,12,512,50,6.7,Premium,7,7,9,8,1218.9901355981417
Phone_9992,Apple,4500,8,512,50,6.8,Mid-Range,6,6,8,5,376.04860230417546
Phone_9993,OnePlus,4500,16,1024,48,6.7,Premium,5,9,9,8,1228.353571773448
Phone_9994,Xiaomi,4500,8,256,108,6.5,Mid-Range,6,8,7,5,406.8752094740316
Phone_9995,Apple,5000,4,1024,64,6.1,Mid-Range,6,5,6,5,632.8447836219434
Phone_9996,Xiaomi,5000,6,256,108,6.4,Mid-Range,5,8,5,8,385.72789220737434
Phone_9997,Apple,4000,4,64,12,6.1,Budget,8,6,5,4,144.49830641291072
Phone_9998,OnePlus,4000,6,512,50,6.5,Mid-Range,8,8,8,7,578.087438321635
Phone_9999,Xiaomi,3000,16,1024,12,6.7,Premium,5,10,8,8,1188.8712052326678
